1,targus.com,"Targus.com: Laptop Bags, Tablet Cases, Computer Accessories & More – Targus US","102,986",Click Here,-
2,vrsdesign.com,VRS Design: Premium Mobile Accessory Designer Brand | VRS Design®,"292,127",Click Here,US
3,galenleather.com,"Traveler's Notebooks, Leather Notebook Covers, & More - Galen Leather","503,631",Click Here,TR
4,senacases.com,SENA | Premium Leather iPhone Cases & iPad Cases – SENA Cases,"513,050",Click Here,US
5,dodocase.com,"iPad Cases & Covers for iPad Air, Mini & More | DODOcase, Inc.","567,807",Click Here,US
6,gelaskins.com,"GelaSkins - Artist Designed & Custom iPhone, iPad and Laptop Skins","655,511",Click Here,-
7,thejoyfactory.com,"The Joy Factory | Tablet Positioning Solutions- Kiosks, Mounts & Cases","662,417",Click Here,US
8,vajacases.com,"Premium iPhone leather cases, iPad and Macbook leather cases.","877,604",Click Here,US
9,crazyhorsecraft.com,"Crazy Horse Leather iPhone Cases, MacBook sleeves, Bags. – Crazy Horse Craft","937,138",Click Here,US
10,casebuddy.com.au,Buy Latest iPad & iPhone Cases and Covers Online | Samsung Galaxy & Android Cases | Case Buddy™,"948,749",Click Here,AU
11,liquidationmania.com,LiquidationMania.com,"1,181,561",Click Here,US
12,booqbags.com,"booq | Modern bags, backpacks and sleeves for any MacBook or PC laptop","1,284,626",Click Here,US
13,itslaut.com,LAUT USA - Premium German cases & accessories for iPhone & Apple Watch,"1,301,718",Click Here,CA
14,mobilemob.com.au,"Mobile Mob: iPhone Cases, Apple Watch Bands, Fitbit Bands & Straps","1,397,482",Click Here,AU
15,incasedesigns.ca,Incase Designs Canada – Incase Canada,"1,549,378",Click Here,CA
16,queork.com,"QUEORK| Shop Cork Handbags, Wallets, & Other Cork Products","1,765,262",Click Here,US
17,impressivecase.com,"iPhone, iPod Touch, Samsung Galaxy, iPad , LG, HTC One, Sony Experia – Recovery Case","1,921,229",Click Here,US
18,booqeurope.com,booqeurope,"2,178,508",Click Here,DE
19,zerochroma.com,ZeroChroma | Change Your Point of View,"2,187,672",Click Here,-
20,newtrent.com,New Trent - The best rugged iPad cases and iPhone cases,"2,473,609",Click Here,US
21,inspiredcases.com,"iPhone, Samsung Galaxy, Android, Ipad Cell Phone & Tablet Cases – InspiredCases","2,809,149",Click Here,US
22,iamprodigee.com,Prodigee - For the Genius Generation,"3,571,430",Click Here,US
23,cover-up.com,"Cover-Up® | Cases & skins for phones, iPads and MacBooks","3,728,809",Click Here,GB
24,swimcell.com,"SwimCell 100% Waterproof Case for Phone, Tablet, Money and Keys.","3,977,915",Click Here,-
25,phonesuit.com,PhoneSuit® Modern Accessories & Chargers: for iPhone & Smartphones,"4,324,183",Click Here,US
26,maderacraft.com,Maderacraft | Wood Phone Cases | MacBook Skins | Desk Accessories,"4,638,204",Click Here,US
27,bycsera.com,By CSERA Fashion Accessories,"4,963,555",Click Here,CA
28,hitekcases.com,Rugged Chromebook Bags and iPad Cases for K-12 Schools,"5,178,960",Click Here,-
29,keyscaper.com,iPhone Galaxy Office Mobile Tailgate NCAA MLS MLB NASCAR keyscaper – Keyscaper,"5,255,946",Click Here,US
30,x-naut.com,The X-Naut iPad Cooling Case System | X-Naut Online Store– X-naut,"5,272,271",Click Here,-
31,modulr.com,modulR | mobile iPad Solutions,"5,758,207",Click Here,US
32,smartphonesshop.com.au,"Smart Phones Shop - Mobile Phone Accessories, Cases, Screen Protectors","6,081,909",Click Here,-
33,cableandcase.com,"Cable And Case - iPhone 5 5S 5C Cases, Ipad Cases, iPhone Accessories – iPhone And Android Accessories By Cable And Case","6,117,105",Click Here,US
34,grantwoodtechnology.com,Grantwood Technology - Welcome,"6,853,991",Click Here,PA
35,fyystore.com,FYY CASE: Phone Cases & Tablet Cases – fyystore,"7,211,880",Click Here,-
36,touchfireproducts.com,Touchfire iPad case and keyboards– Touchfire Products,"7,251,166",Click Here,-
37,mac-case.com,"The Best Leather iPad Pro Cases, Mac Cases by MacCase","7,256,785",Click Here,US
38,dteckwholesale.com,Dteck Wholesale Phone and Tablet Cases. – dteckwholesale,"7,326,661",Click Here,-
39,embrishop.com,Embri Shop,"7,504,926",Click Here,US
40,cocoandtoffee.com,"Shop for MacBook, iPhone, iPad Cases","7,631,323",Click Here,US
41,cocones.com,"Cocones | Italian Leather Sleeves, Cases and Covers for iPhone, iPad, MacBook Air and MacBook Pro","7,685,198",Click Here,PA
42,slightlyalabama.com,Slightly Alabama: Leather Accessories Handmade in USA,"7,921,138",Click Here,US
43,kyasi.com,iPhone Cases iPad Covers Samsung Apple Laser Stylus Pens & More Kyasi,"7,943,900",Click Here,US
44,casebuddy.com,"iPad Cases, iPad Covers, iPad Case, Samsung Cases, Galaxy Cases, Android Phones | Case Buddy™","8,038,496",Click Here,AU
45,strotter.com,Hands-free iPad carrying cases and bags designed to work on the go,"8,099,509",Click Here,-
46,techavenueph.com,Great Finds on Mobile Accessories! – Tech Avenue,"8,576,679",Click Here,-
47,clight360.com,"Cellular360 iPad cases, professional stage lights and test chambers – Clight360","8,982,624",Click Here,-
48,puresensecases.com,Antimicrobial & protective cases for Apple iPad | Pure Sense Cases,"9,404,664",Click Here,HK
49,madebyfabrix.com,"Made by Fabrix | Marble iPhone Cases, Laptop Bags, Lifestyle Goods","9,445,214",Click Here,US
50,myshopimostore.com,My Shopimo Store,"9,821,078",Click Here,-
51,jandjcases.com,"JAndJCases | Phone Cases and Accessories, Jewelry Accessories and more – JANDJ Accessories","10,941,683",Click Here,CA
52,podfob.com,Phone And Tablet Cases with straps/Lanyards – podfob.com,"11,513,116",Click Here,US
53,blackboxcase.com,Blackbox Case | Hand Made Wood Cases for Apple Devices,"11,809,808",Click Here,-
54,operlo.com,Operlo - Tablet & Mobile Cases & Covers - Free Worldwide Delivery | Operlo,"11,961,853",Click Here,-
55,workshopaftersix.com,Workshop After Six UK - Handmade Leather Goods,"12,671,242",Click Here,UK
56,pigtou.com,Pigtou ⤳ ⤳ ⤳ Shop the coolest tech accessories in the globe,"12,800,803",Click Here,-
57,exchangebyhm.com,Paperblanks eXchange tablet cases,"13,327,035",Click Here,IE
58,sourapple.shop,Sour Apple Shop – SourApple.SHOP,"13,733,464",Click Here,US
59,buymobilecases.com,"Shop 4 Mobile Cases &Things you need & want for iPhone, iPad & Android – Buy Mobile Cases","15,415,404",Click Here,US
60,theinnercombat.com,THE INNER COMBAT - The World's Best Unique Products Online Store – INNERCOMBAT,"15,622,290",Click Here,-
61,nuevue.com,"NueVue | Quality, Luxury Screen Cleaning iPhone Cases & iPad Cases.","19,493,988",Click Here,-
62,ronuo.com,"Genuine Leather iPhone Cases, iPad Cases, Samsung Cases, Surface Cases – Ronuo",-,Click Here,-
63,bamworldwide.co.uk,Genuine Leather Phone & iPad Cases & Accessories | TORRO,-,Click Here,-
64,casegenie.co.uk,"Case Genie Personalised and Designer iPhone, Samsung and iPad Cases",-,Click Here,-
65,torrocases.co.uk,Genuine Leather Phone & iPad Cases & Accessories | TORRO,-,Click Here,-
66,nuevueeu.com,NUEVUE - iPhone & iPad Cases That CLEAN & Eliminate 99.9% of Bacteria,-,Click Here,-
67,nuevueuk.com,NUEVUE - iPhone & iPad Cases That CLEAN & Eliminate 99.9% of Bacteria,-,Click Here,-
68,uniquemobilecases.com,"Unique cases for your iPhone, Samsung Galaxy, and iPad – uniquemobilecases",-,Click Here,-
69,feedfend.com,Custom iPhone iPad cases Samsung cases accessories leather bracelets – Feedfend,-,Click Here,US
70,usplusu.com,Us+U | Us+U - iPad Cases That Work,-,Click Here,US
71,mobileireland.ie,"Apple iPhone & iPad cases, Samsung covers, HTC accessories, Gadgets",-,Click Here,-
72,outback.life,Outback - Accessories | Backpacks | Laptop Sleeves | Phone Cases | Bag,-,Click Here,-
73,outback.love,Outback - Laptop Bags | Sleeves | Totes | Phone Cases | Accessories,-,Click Here,-
74,bombata.co.nz,Bombata New Zealand - Designer Laptop Bags | iPad Cases | Travel Bags,-,Click Here,-
75,bombatabags.co.nz,Bombata New Zealand - Designer Laptop Bags | iPad Cases | Travel Bags,-,Click Here,-
76,cuvr.co,Premium Cases for Apple iPad and Samsung Galaxy Tab – CUVR,-,Click Here,PA
77,bespokepro.com,"$9.99 Designer iPhone Cases & Cover, iPad Cover, Kindle Cover",-,Click Here,-
78,milkcases.com,"$9.99 Designer iPhone Cases & Cover, iPad Cover, Kindle Cover",-,Click Here,CN
79,itslaut.eu,LAUT Europe Latest premium German cases & accessories for iPhone &more,-,Click Here,-
80,citysheepstore.com,"Leather and wool felt goods, MacBook, iPad, iPhone cases – CITYSHEEP",-,Click Here,-
81,litevillage.co.uk,Smartphones & Tablets Leather Wallet Cases & Accessories – LiteVillage™ UK,-,Click Here,-
82,dsstyles.com,"Stylish Smartphone Cases, Swarovski Crystal Cases and More | DSstyles – DSStyles",-,Click Here,HK
83,screenhug.co.nz,S10 cases / Note 9 cases / iPhone 8 Cases / iPhone XS Case Cover NZ – Screenhug,-,Click Here,-
84,myturtlecases.com,"MYTURTLE Products: Protective Cases for iPhone, iPad, iPod, Samsung – myturtlecases",-,Click Here,-
85,adaptationla.com,"Fashion accessories, upscale skins, cases, & covers for the iPhone, iPad, iPod - Fashion accessories & upscale covers, cases, & skins for iPhone. | ADAPTATION",-,Click Here,US
86,quvvycases.com,Premium Leather iPhone Cases and iPad Sleeves by Quvvy Cases,-,Click Here,US
87,vorya.com,"Premium Leather covers portfolios MacBook Pro, MacBook Air, iPad Pro – VORYA",-,Click Here,-
88,1winr.com,Protect and accessorize your device with Sparkle by 1WinR cases!,-,Click Here,US
89,fotofantastic.co.uk,Fantastic photo printing of canvas prints. photo gifts & wall art. – Foto Fantastic,-,Click Here,-
90,allmouseandnotrousers.com,Statement-wear – All Mouse And No Trousers,-,Click Here,UK
91,casesandcoversonline.com,Cases & Covers – casesandcoversonline,-,Click Here,-
92,phonetee.com,PhoneTee - Custom Phone Cases,-,Click Here,US
93,lumbercase.ca,LUMBERCASE - iPhone Wood Cases & Accessories,-,Click Here,-
94,karandchach.com,handmade accessories,-,Click Here,-
95,cutly.co.uk,Cutly | Real wood custom iPhone Cases & Covers | Macbook & iPad Covers – cutly,-,Click Here,-
96,mycaze.com,Mycaze - Cases con estilo que protegen tu celular.,-,Click Here,MX
97,oatesandson.com,Oates & Son – Oates And Son,-,Click Here,-
98,odemobile.com,"OdeMobile - Cell Phone Accessories, Cases, Chargers, Headsests & more!",-,Click Here,-
99,yekbee.com,YEKBEE | #1 Best Selling Keyboard Cases on Amazon,-,Click Here,-
100,iskin.ca,"iSkin- Best case accessories for iPhone, iPad and tablets. Canada – iSkin-Canada",-,Click Here,-
101,ebestparts.net,iPhone LCD Parts - Wholesaler of iPhone Samsung iPad LCD Screen – Ebestparts Official Store,-,Click Here,-
102,campbellcole.co.uk,CAMPBELL COLE | DESIGNED & MADE IN ENGLAND,-,Click Here,-
103,shophentons.com,Wireless Cellular Smart Phone and Tablet Accessories Cases USB Charger – ShopHentons.com,-,Click Here,-
104,exchangebyhm.ca,Paperblanks eXchange tablet cases,-,Click Here,-
105,exchangebyhm.co.uk,Paperblanks eXchange tablet cases,-,Click Here,-
106,exchangebyhm.de,Paperblanks eXchange tablet cases,-,Click Here,-
107,exchangebyhm.eu,Paperblanks eXchange tablet cases,-,Click Here,-
108,exchangebyhm.fr,Paperblanks eXchange tablet cases,-,Click Here,-
109,exchangebyhm.it,Paperblanks eXchange tablet cases,-,Click Here,-
110,exchangebyhm.net,Paperblanks eXchange tablet cases,-,Click Here,IE
111,exchangebyhm.uk,Paperblanks eXchange tablet cases,-,Click Here,-
112,exchangebyhm.us,Paperblanks eXchange tablet cases,-,Click Here,-
113,lou-loves.com,Bespoke Accessories – Lou Loves,-,Click Here,-
114,myhaversacks.com,Haversacks,-,Click Here,US
115,nutkase.com,NutKase Accessories – NutKase®,-,Click Here,-
116,inglath-cooper-books.com,a store for book lovers,-,Click Here,-
117,wandererprints.com,"Wanderer Art Prints, Boho Decor, Tropical Designs, Spirituality Gifts",-,Click Here,-
118,vrsdesigndealers.com,VRS Design: Premium Mobile Accessory Designer Brand | VRS Design®,-,Click Here,-
119,accessoriesparade.com,AccessoriesParade - Mobile phones accessories – Accessoriesparade,-,Click Here,GB
120,isaleuk.com,Mobile Phone case for iPhone 7 galaxy s7 and Usb Cable Tech21 fast fre – ISaleuk,-,Click Here,-
121,blackhalodesign.co.uk,Welcome to Black Halo Design,-,Click Here,-
122,bholsa.com,Bholsa,-,Click Here,ES
123,futlex.com,Futlex – FUTLEX,-,Click Here,GB
124,jolioriginals.com,Joli Originals - Joli Originals | Premium handmade sleeves and accessories | Since 2009,-,Click Here,-
125,booq.co.uk,booqeurope,-,Click Here,-
126,booqbags.com.au,Booq Bags Australia,-,Click Here,-
127,griffintechnology.com.au,Griffin Technology Australia – Griffin Technology AU,-,Click Here,-
128,shopsoga.com,"We got your Cellphone Case Covered iPhone, Samsung, ZTE, LG, etc. – Shop SOGA",-,Click Here,-
129,humblebee.london,Humblebee HumblebeeLondon,-,Click Here,-
130,cellphoneboston.com,Boston gadgets and acessories – gadget street boston,-,Click Here,US
131,casesbylorraine.com,CasesbyLorraine - Beautiful and Stylish case for Smartphone and Tablet,-,Click Here,HK
132,rcmobile.co.uk,"R C Mobile - Phone Accessories, Unlocking, Repairs, Gadgets – R C Mobile Ltd",-,Click Here,-
133,wanika1.com,Wanika Laptop Sleeves– Wanika1,-,Click Here,-
134,tachigoods.com,Online Handcrafted Goods | Luxury Gifting Ideas India – tachi,-,Click Here,-
1,targus.com,"Targus.com: Laptop Bags, Tablet Cases, Computer Accessories & More – Targus US","102,986",Click Here,-
2,vrsdesign.com,VRS Design: Premium Mobile Accessory Designer Brand | VRS Design®,"292,127",Click Here,US
3,galenleather.com,"Traveler's Notebooks, Leather Notebook Covers, & More - Galen Leather","503,631",Click Here,TR
4,senacases.com,SENA | Premium Leather iPhone Cases & iPad Cases – SENA Cases,"513,050",Click Here,US
5,dodocase.com,"iPad Cases & Covers for iPad Air, Mini & More | DODOcase, Inc.","567,807",Click Here,US
6,gelaskins.com,"GelaSkins - Artist Designed & Custom iPhone, iPad and Laptop Skins","655,511",Click Here,-
7,thejoyfactory.com,"The Joy Factory | Tablet Positioning Solutions- Kiosks, Mounts & Cases","662,417",Click Here,US
8,vajacases.com,"Premium iPhone leather cases, iPad and Macbook leather cases.","877,604",Click Here,US
9,crazyhorsecraft.com,"Crazy Horse Leather iPhone Cases, MacBook sleeves, Bags. – Crazy Horse Craft","937,138",Click Here,US
10,casebuddy.com.au,Buy Latest iPad & iPhone Cases and Covers Online | Samsung Galaxy & Android Cases | Case Buddy™,"948,749",Click Here,AU
11,liquidationmania.com,LiquidationMania.com,"1,181,561",Click Here,US
12,booqbags.com,"booq | Modern bags, backpacks and sleeves for any MacBook or PC laptop","1,284,626",Click Here,US
13,itslaut.com,LAUT USA - Premium German cases & accessories for iPhone & Apple Watch,"1,301,718",Click Here,CA
14,mobilemob.com.au,"Mobile Mob: iPhone Cases, Apple Watch Bands, Fitbit Bands & Straps","1,397,482",Click Here,AU
15,incasedesigns.ca,Incase Designs Canada – Incase Canada,"1,549,378",Click Here,CA
16,queork.com,"QUEORK| Shop Cork Handbags, Wallets, & Other Cork Products","1,765,262",Click Here,US
17,impressivecase.com,"iPhone, iPod Touch, Samsung Galaxy, iPad , LG, HTC One, Sony Experia – Recovery Case","1,921,229",Click Here,US
18,booqeurope.com,booqeurope,"2,178,508",Click Here,DE
19,zerochroma.com,ZeroChroma | Change Your Point of View,"2,187,672",Click Here,-
20,newtrent.com,New Trent - The best rugged iPad cases and iPhone cases,"2,473,609",Click Here,US
21,inspiredcases.com,"iPhone, Samsung Galaxy, Android, Ipad Cell Phone & Tablet Cases – InspiredCases","2,809,149",Click Here,US
22,iamprodigee.com,Prodigee - For the Genius Generation,"3,571,430",Click Here,US
23,cover-up.com,"Cover-Up® | Cases & skins for phones, iPads and MacBooks","3,728,809",Click Here,GB
24,swimcell.com,"SwimCell 100% Waterproof Case for Phone, Tablet, Money and Keys.","3,977,915",Click Here,-
25,phonesuit.com,PhoneSuit® Modern Accessories & Chargers: for iPhone & Smartphones,"4,324,183",Click Here,US
26,maderacraft.com,Maderacraft | Wood Phone Cases | MacBook Skins | Desk Accessories,"4,638,204",Click Here,US
27,bycsera.com,By CSERA Fashion Accessories,"4,963,555",Click Here,CA
28,hitekcases.com,Rugged Chromebook Bags and iPad Cases for K-12 Schools,"5,178,960",Click Here,-
29,keyscaper.com,iPhone Galaxy Office Mobile Tailgate NCAA MLS MLB NASCAR keyscaper – Keyscaper,"5,255,946",Click Here,US
30,x-naut.com,The X-Naut iPad Cooling Case System | X-Naut Online Store– X-naut,"5,272,271",Click Here,-
31,modulr.com,modulR | mobile iPad Solutions,"5,758,207",Click Here,US
32,smartphonesshop.com.au,"Smart Phones Shop - Mobile Phone Accessories, Cases, Screen Protectors","6,081,909",Click Here,-
33,cableandcase.com,"Cable And Case - iPhone 5 5S 5C Cases, Ipad Cases, iPhone Accessories – iPhone And Android Accessories By Cable And Case","6,117,105",Click Here,US
34,grantwoodtechnology.com,Grantwood Technology - Welcome,"6,853,991",Click Here,PA
35,fyystore.com,FYY CASE: Phone Cases & Tablet Cases – fyystore,"7,211,880",Click Here,-
36,touchfireproducts.com,Touchfire iPad case and keyboards– Touchfire Products,"7,251,166",Click Here,-
37,mac-case.com,"The Best Leather iPad Pro Cases, Mac Cases by MacCase","7,256,785",Click Here,US
38,dteckwholesale.com,Dteck Wholesale Phone and Tablet Cases. – dteckwholesale,"7,326,661",Click Here,-
39,embrishop.com,Embri Shop,"7,504,926",Click Here,US
40,cocoandtoffee.com,"Shop for MacBook, iPhone, iPad Cases","7,631,323",Click Here,US
41,cocones.com,"Cocones | Italian Leather Sleeves, Cases and Covers for iPhone, iPad, MacBook Air and MacBook Pro","7,685,198",Click Here,PA
42,slightlyalabama.com,Slightly Alabama: Leather Accessories Handmade in USA,"7,921,138",Click Here,US
43,kyasi.com,iPhone Cases iPad Covers Samsung Apple Laser Stylus Pens & More Kyasi,"7,943,900",Click Here,US
44,casebuddy.com,"iPad Cases, iPad Covers, iPad Case, Samsung Cases, Galaxy Cases, Android Phones | Case Buddy™","8,038,496",Click Here,AU
45,strotter.com,Hands-free iPad carrying cases and bags designed to work on the go,"8,099,509",Click Here,-
46,techavenueph.com,Great Finds on Mobile Accessories! – Tech Avenue,"8,576,679",Click Here,-
47,clight360.com,"Cellular360 iPad cases, professional stage lights and test chambers – Clight360","8,982,624",Click Here,-
48,puresensecases.com,Antimicrobial & protective cases for Apple iPad | Pure Sense Cases,"9,404,664",Click Here,HK
49,madebyfabrix.com,"Made by Fabrix | Marble iPhone Cases, Laptop Bags, Lifestyle Goods","9,445,214",Click Here,US
50,myshopimostore.com,My Shopimo Store,"9,821,078",Click Here,-
51,jandjcases.com,"JAndJCases | Phone Cases and Accessories, Jewelry Accessories and more – JANDJ Accessories","10,941,683",Click Here,CA
52,podfob.com,Phone And Tablet Cases with straps/Lanyards – podfob.com,"11,513,116",Click Here,US
53,blackboxcase.com,Blackbox Case | Hand Made Wood Cases for Apple Devices,"11,809,808",Click Here,-
54,operlo.com,Operlo - Tablet & Mobile Cases & Covers - Free Worldwide Delivery | Operlo,"11,961,853",Click Here,-
55,workshopaftersix.com,Workshop After Six UK - Handmade Leather Goods,"12,671,242",Click Here,UK
56,pigtou.com,Pigtou ⤳ ⤳ ⤳ Shop the coolest tech accessories in the globe,"12,800,803",Click Here,-
57,exchangebyhm.com,Paperblanks eXchange tablet cases,"13,327,035",Click Here,IE
58,sourapple.shop,Sour Apple Shop – SourApple.SHOP,"13,733,464",Click Here,US
59,buymobilecases.com,"Shop 4 Mobile Cases &Things you need & want for iPhone, iPad & Android – Buy Mobile Cases","15,415,404",Click Here,US
60,theinnercombat.com,THE INNER COMBAT - The World's Best Unique Products Online Store – INNERCOMBAT,"15,622,290",Click Here,-
61,nuevue.com,"NueVue | Quality, Luxury Screen Cleaning iPhone Cases & iPad Cases.","19,493,988",Click Here,-
62,ronuo.com,"Genuine Leather iPhone Cases, iPad Cases, Samsung Cases, Surface Cases – Ronuo",-,Click Here,-
63,bamworldwide.co.uk,Genuine Leather Phone & iPad Cases & Accessories | TORRO,-,Click Here,-
64,casegenie.co.uk,"Case Genie Personalised and Designer iPhone, Samsung and iPad Cases",-,Click Here,-
65,torrocases.co.uk,Genuine Leather Phone & iPad Cases & Accessories | TORRO,-,Click Here,-
66,nuevueeu.com,NUEVUE - iPhone & iPad Cases That CLEAN & Eliminate 99.9% of Bacteria,-,Click Here,-
67,nuevueuk.com,NUEVUE - iPhone & iPad Cases That CLEAN & Eliminate 99.9% of Bacteria,-,Click Here,-
68,uniquemobilecases.com,"Unique cases for your iPhone, Samsung Galaxy, and iPad – uniquemobilecases",-,Click Here,-
69,feedfend.com,Custom iPhone iPad cases Samsung cases accessories leather bracelets – Feedfend,-,Click Here,US
70,usplusu.com,Us+U | Us+U - iPad Cases That Work,-,Click Here,US
71,mobileireland.ie,"Apple iPhone & iPad cases, Samsung covers, HTC accessories, Gadgets",-,Click Here,-
72,outback.life,Outback - Accessories | Backpacks | Laptop Sleeves | Phone Cases | Bag,-,Click Here,-
73,outback.love,Outback - Laptop Bags | Sleeves | Totes | Phone Cases | Accessories,-,Click Here,-
74,bombata.co.nz,Bombata New Zealand - Designer Laptop Bags | iPad Cases | Travel Bags,-,Click Here,-
75,bombatabags.co.nz,Bombata New Zealand - Designer Laptop Bags | iPad Cases | Travel Bags,-,Click Here,-
76,cuvr.co,Premium Cases for Apple iPad and Samsung Galaxy Tab – CUVR,-,Click Here,PA
77,bespokepro.com,"$9.99 Designer iPhone Cases & Cover, iPad Cover, Kindle Cover",-,Click Here,-
78,milkcases.com,"$9.99 Designer iPhone Cases & Cover, iPad Cover, Kindle Cover",-,Click Here,CN
79,itslaut.eu,LAUT Europe Latest premium German cases & accessories for iPhone &more,-,Click Here,-
80,citysheepstore.com,"Leather and wool felt goods, MacBook, iPad, iPhone cases – CITYSHEEP",-,Click Here,-
81,litevillage.co.uk,Smartphones & Tablets Leather Wallet Cases & Accessories – LiteVillage™ UK,-,Click Here,-
82,dsstyles.com,"Stylish Smartphone Cases, Swarovski Crystal Cases and More | DSstyles – DSStyles",-,Click Here,HK
83,screenhug.co.nz,S10 cases / Note 9 cases / iPhone 8 Cases / iPhone XS Case Cover NZ – Screenhug,-,Click Here,-
84,myturtlecases.com,"MYTURTLE Products: Protective Cases for iPhone, iPad, iPod, Samsung – myturtlecases",-,Click Here,-
85,adaptationla.com,"Fashion accessories, upscale skins, cases, & covers for the iPhone, iPad, iPod - Fashion accessories & upscale covers, cases, & skins for iPhone. | ADAPTATION",-,Click Here,US
86,quvvycases.com,Premium Leather iPhone Cases and iPad Sleeves by Quvvy Cases,-,Click Here,US
87,vorya.com,"Premium Leather covers portfolios MacBook Pro, MacBook Air, iPad Pro – VORYA",-,Click Here,-
88,1winr.com,Protect and accessorize your device with Sparkle by 1WinR cases!,-,Click Here,US
89,fotofantastic.co.uk,Fantastic photo printing of canvas prints. photo gifts & wall art. – Foto Fantastic,-,Click Here,-
90,allmouseandnotrousers.com,Statement-wear – All Mouse And No Trousers,-,Click Here,UK
91,casesandcoversonline.com,Cases & Covers – casesandcoversonline,-,Click Here,-
92,phonetee.com,PhoneTee - Custom Phone Cases,-,Click Here,US
93,lumbercase.ca,LUMBERCASE - iPhone Wood Cases & Accessories,-,Click Here,-
94,karandchach.com,handmade accessories,-,Click Here,-
95,cutly.co.uk,Cutly | Real wood custom iPhone Cases & Covers | Macbook & iPad Covers – cutly,-,Click Here,-
96,mycaze.com,Mycaze - Cases con estilo que protegen tu celular.,-,Click Here,MX
97,oatesandson.com,Oates & Son – Oates And Son,-,Click Here,-
98,odemobile.com,"OdeMobile - Cell Phone Accessories, Cases, Chargers, Headsests & more!",-,Click Here,-
99,yekbee.com,YEKBEE | #1 Best Selling Keyboard Cases on Amazon,-,Click Here,-
100,iskin.ca,"iSkin- Best case accessories for iPhone, iPad and tablets. Canada – iSkin-Canada",-,Click Here,-
101,ebestparts.net,iPhone LCD Parts - Wholesaler of iPhone Samsung iPad LCD Screen – Ebestparts Official Store,-,Click Here,-
102,campbellcole.co.uk,CAMPBELL COLE | DESIGNED & MADE IN ENGLAND,-,Click Here,-
103,shophentons.com,Wireless Cellular Smart Phone and Tablet Accessories Cases USB Charger – ShopHentons.com,-,Click Here,-
104,exchangebyhm.ca,Paperblanks eXchange tablet cases,-,Click Here,-
105,exchangebyhm.co.uk,Paperblanks eXchange tablet cases,-,Click Here,-
106,exchangebyhm.de,Paperblanks eXchange tablet cases,-,Click Here,-
107,exchangebyhm.eu,Paperblanks eXchange tablet cases,-,Click Here,-
108,exchangebyhm.fr,Paperblanks eXchange tablet cases,-,Click Here,-
109,exchangebyhm.it,Paperblanks eXchange tablet cases,-,Click Here,-
110,exchangebyhm.net,Paperblanks eXchange tablet cases,-,Click Here,IE
111,exchangebyhm.uk,Paperblanks eXchange tablet cases,-,Click Here,-
112,exchangebyhm.us,Paperblanks eXchange tablet cases,-,Click Here,-
113,lou-loves.com,Bespoke Accessories – Lou Loves,-,Click Here,-
114,myhaversacks.com,Haversacks,-,Click Here,US
115,nutkase.com,NutKase Accessories – NutKase®,-,Click Here,-
116,inglath-cooper-books.com,a store for book lovers,-,Click Here,-
117,wandererprints.com,"Wanderer Art Prints, Boho Decor, Tropical Designs, Spirituality Gifts",-,Click Here,-
118,vrsdesigndealers.com,VRS Design: Premium Mobile Accessory Designer Brand | VRS Design®,-,Click Here,-
119,accessoriesparade.com,AccessoriesParade - Mobile phones accessories – Accessoriesparade,-,Click Here,GB
120,isaleuk.com,Mobile Phone case for iPhone 7 galaxy s7 and Usb Cable Tech21 fast fre – ISaleuk,-,Click Here,-
121,blackhalodesign.co.uk,Welcome to Black Halo Design,-,Click Here,-
122,bholsa.com,Bholsa,-,Click Here,ES
123,futlex.com,Futlex – FUTLEX,-,Click Here,GB
124,jolioriginals.com,Joli Originals - Joli Originals | Premium handmade sleeves and accessories | Since 2009,-,Click Here,-
125,booq.co.uk,booqeurope,-,Click Here,-
126,booqbags.com.au,Booq Bags Australia,-,Click Here,-
127,griffintechnology.com.au,Griffin Technology Australia – Griffin Technology AU,-,Click Here,-
128,shopsoga.com,"We got your Cellphone Case Covered iPhone, Samsung, ZTE, LG, etc. – Shop SOGA",-,Click Here,-
129,humblebee.london,Humblebee HumblebeeLondon,-,Click Here,-
130,cellphoneboston.com,Boston gadgets and acessories – gadget street boston,-,Click Here,US
131,casesbylorraine.com,CasesbyLorraine - Beautiful and Stylish case for Smartphone and Tablet,-,Click Here,HK
132,rcmobile.co.uk,"R C Mobile - Phone Accessories, Unlocking, Repairs, Gadgets – R C Mobile Ltd",-,Click Here,-
133,wanika1.com,Wanika Laptop Sleeves– Wanika1,-,Click Here,-
134,tachigoods.com,Online Handcrafted Goods | Luxury Gifting Ideas India – tachi,-,Click Here,-
