1,projectrepat.com,T Shirt Blanket | T Shirt Quilts and Blankets from Project Repat,"309,929",Click Here,US
2,basmatik.com,basmatik.com -T-shirt Baskı Platformu-Kendin tasarla-Kargo bedava,"461,321",Click Here,TR
3,textualtees.com,Cheap Funny T Shirts Hilarious Novelty Graphic Tees | Funny Tees – Textual Tees,"627,151",Click Here,US
4,thetshirtcollection.com,The TShirt Collection – TC International,"879,429",Click Here,US
5,lestyleparfait.com,"Shopping Online For Clothing, Shoes, Bags | LeStyleParfait.Com","1,588,824",Click Here,US
6,emmaandsam.com,Emma & Sam,"1,730,740",Click Here,US
7,gabethebabeandco.com,Gabethebabeandco – gabethebabeandco,"3,154,026",Click Here,CA
8,mondomens.com,Mondo Menswear Official | Latest Men's Fashion Styles | Mondomens.com,"3,274,076",Click Here,-
9,cutetotoro.com,Little store for Totoro Fans – Cute Totoro: My Neighbor Totoro,"3,837,073",Click Here,US
10,yfbnation.com,YFB Nation,"4,431,354",Click Here,-
11,acid87.co.uk,Acid87 Clothing - Acid house - Techno Inspired Clothing,"4,528,888",Click Here,-
12,inertiacart.com,College and Corporate Hoodies | Tshirt & Jersey Printing in Bangalore,"4,807,284",Click Here,US
13,livnativ.com,nativ home state outdoor graphic tshirts and lifestyle apparel brand,"4,969,310",Click Here,-
14,thelocalduty.com,Online Tshirts For Mens & Womens | Upto 50% OFF | Localduty.com,"5,068,247",Click Here,-
15,allthingscustomized.com,"Customized T-shirts, Sweatshirts, Polo T-shirts, Mugs, Corporate gifts, College Fest T-shirt","5,207,921",Click Here,IN
16,monodrop.net,Men's Street Fashion,"5,475,285",Click Here,TR
17,tshirtunicorn.com,TShirt Unicorn | Magically Amazing Shirts For Discerning Fashionistas – tshirtunicorn,"6,258,575",Click Here,-
18,machinesociety.com,Machine Society,"6,681,635",Click Here,US
19,theorganictshirt.com.au,The Organic Tshirt – theorganictshirt,"6,694,375",Click Here,-
20,fivepoundtee.com,Printed t-shirts/great quality/great prices/ – Fivepoundtee,"6,779,173",Click Here,-
21,quortshirts.com,Quor T-shirts | Customizable Artistic T shirts Painted Made in Italy,"7,074,349",Click Here,-
22,purrfectgear.com,"tshirt, clothing, jewelry, accessories for animal lover – Purrfectgear","7,836,671",Click Here,US
23,thelonewolfs.com,handcrafted surfboards and accoutrements for the modern surfer. – LONE WOLFS Objets d'Surf,"8,034,134",Click Here,-
24,feltinclothing.com,Feltin Clothing,"8,638,980",Click Here,US
25,xclusivemember.com,"Xclusive Member - Buy Tshirt, Hoddie & Jackets Online | Fashion Clothi","8,682,047",Click Here,CA
26,kustomsportswear.com,Kustom Sportswear - Vêtements et personnalisation - Sport et Tshirt,"8,708,888",Click Here,CA
27,greenhouseboardshop.com,Greenhouse is the areas premier boardshop and custom tshirt printer – Greenhouse Boardshop,"8,956,583",Click Here,US
28,expressbeyond.com,"Shop your Favorite Designs, Music, TV, Sports, Movie, Animal, T-Shirts","9,169,285",Click Here,-
29,wearpuro.com,"PURO wear | Il miglior intimo per l'uomo moderno. Boxer, Slip, T-shirt","9,682,662",Click Here,DE
30,anbro2store.com,ANBRO2 - Express Your Identity With Our Products,"9,743,839",Click Here,-
31,hamopride.com,"NFL legging, tattoo leggings, tshirts, pillows | Ewa Beach | HamoPride","10,133,368",Click Here,-
32,yorstruly.com,"y.orstruly ""inspired by the truth""","10,177,508",Click Here,-
33,diyflashcard.com,DIY Flashcard & Edutoys,"10,618,624",Click Here,-
34,t1trendze.com,Buy best quality t-shirt at low prices online India @ t1trendze | COD – T1trendze,"10,654,088",Click Here,-
35,rhinestonewear.org,Rhinestone Wear - Custom Bling is Our Specialty!,"10,814,741",Click Here,US
36,thefortclothingetc.com,The Fort - Fort Worth - Tshirt - T-shirt - Clothing – The Fort Clothing Company,"11,235,120",Click Here,-
37,modvaii.com,Buy Trendy And Unique Products 2019 You Will Love It | ModVaii – Mod Vaii,"12,120,007",Click Here,-
38,tiamimidesigns.com,"Svg files, cricut, cameo, cricut files, tshirt,customized tee shirts, – Tia Mimi Designs","12,352,478",Click Here,-
39,doubsclothing.com,Clothing for Tall Men - Doubs Clothing | Free Shipping Worldwide,"12,652,762",Click Here,-
40,kingdomculturecouture.com,KINGDOM CULTURE COUTURE – Kingdom Culture Couture,"13,807,650",Click Here,-
41,apesnort.com,Apesnort t-shirts geeky funny cool quirky artsy graphic tshirt designs – apesnort,"14,019,359",Click Here,US
42,richnfly.com,Brain Confusion – Brain Confusion,"14,116,356",Click Here,-
43,cravetheday.com,"Crave The Day - Cool Junk Food Shirts, T-Shirts, Leggings, Hats, Socks – CRAVE THE DAY® Clothing","16,197,599",Click Here,US
44,circlejerksshop.com,The Circle Jerks Merch Shop – CircleJerks,"16,306,077",Click Here,US
45,veryplaneclothes.com,Very Plane Clothes: Fashion for those who love aviation – lairdkay,"18,554,003",Click Here,-
46,dawadsdesign.com,"Dawads Design T-Shirt shop, basketball and geek store.","18,859,244",Click Here,-
47,zidoclothing.com,"Buy mens clothing online, buy shirts, trousers, mens accessories, tie – zido clothing","18,938,919",Click Here,-
48,brandedoutfit.com,Personalized Custom-made Tshirts & Hoodies for Halloween and Christmas,"19,078,301",Click Here,IN
49,templeandkardy.com,"90's tshirt, African American Tee, Melanin tee's Black Pride t's",-,Click Here,-
50,howmanytshirtshop.com,How many Tshirt natural products – How Many Tshirt,-,Click Here,-
51,nogginhed.com,"NOGGINHED Tshirt Co.- Custom Tshirt Printing, Huntsville, AL",-,Click Here,-
52,tshirtcafe.co.za,Tshirt Cafe|Personalized Birthday and Anniversary Gifts Online,-,Click Here,-
53,tshirtplugg.com,Tshirt Plugg – T-Shirt_Plugg,-,Click Here,-
54,teehouse.com.au,Tshirt Screen Printing in the heart of Sydney. – Tee House Screen Print,-,Click Here,-
55,ideatshirt.it,▷Magliette Personalizzate T-Shirt Maglie | Stampa Idea Tshirt –,-,Click Here,-
56,anybrandnyc.com,ANYBRAND. YOUR FAVORITE TSHIRT. ONLINE. ANYTIME.,-,Click Here,US
57,bet-tshirt.com,T-shirt cadeau homme original - Bet T-shirt la marque des parieurs,-,Click Here,-
58,shoevibes.co,Abram Clothing - Tshirt Gift Shop,-,Click Here,US
59,slogan-tshirt.com,Slogan T Shirt – Slogan-TShirt.com,-,Click Here,DE
60,sociedadcool.com,SOCIEDADCOOL.COM| Online Sale Sociedad Cool | Online Sale Tshirt Now– SOCIEDAD COOL,-,Click Here,CA
61,livinginsideatshirt.com,Living Inside a Tshirt. T-shirt Design for women and men. Cool designs – Living Inside A T-shirt,-,Click Here,US
62,sportsdaddi.com,Sportsdaddi@sports-wear/activewear/sporting-goods/Tshirt/exercise,-,Click Here,US
63,momotachi.com,Fierce Tshirt – Momotachi,-,Click Here,US
64,rm-tshirt.online,R&M - the best store to find the best T-shirt – R&M-Tshirt,-,Click Here,-
65,winkingcow.com,Cool Tshirt Designs | CustomTees | Coffee Mugs Funny Design WinkingCow,-,Click Here,-
66,ugotmetwistedapparel.com,Dallas Tx Online Apparel & Tees Inspired by Melanin UGMTA Tshirt – U Got Me Twisted Apparel,-,Click Here,-
67,thetshirtnest.com,The Tshirt Nest. – Thetshirtnest,-,Click Here,-
68,tshirt-activism.com,Tshirt Activism,-,Click Here,-
69,tshirteriamoro.com,"Tshirteriamoro Tshirt, bags & Converse personalizzate – Tshirteriamoro.com | Via Bruno Buozzi, 91 - 45100 Rovigo - P.iva 01422050292 - REA: RO-155202",-,Click Here,-
70,tshirtrhino.com,Welcome to TShirt Rhino Home - We Have Your Shirt – tshirtrhino,-,Click Here,-
71,tuckisan-collection.com,Tucki San Collection - design model - tshirt - comics - super hero – tucki san collection,-,Click Here,-
72,tshirt-printing4u.com,"T Shirt Printing 4 U, Stag Parties, Hen Parties, Workwear",-,Click Here,-
73,thatsmytshirt.com,Thats My Tshirt Apparel – ThatsMyTShirt,-,Click Here,-
74,iamahumantee.com,"i am a human tee home page, collections, products, contact us, feature",-,Click Here,US
75,blackmill.fr,BlackMill,-,Click Here,-
76,justiceabrielle.com,"Glitter and Glass, Glitter Yeti, Custom Tank Tops, Bachelorette Tanks– Justice Abrielle",-,Click Here,US
77,shopsunfloral.com,Sunfloral,-,Click Here,PA
78,eyilotshirt.com,Eyilot- tshirt votre site pour un nouveau style de vie – Eyilo Tshirt,-,Click Here,-
79,lupinshop.com,"Lupinshop | Funny T-shirt, Movie T-shirt, TV Shirt & Video Game Tees – lupinshop",-,Click Here,JP
80,timtshirtsplus.com,Tim T Shirts Plus.com,-,Click Here,-
81,twofeetgreen.com,Two Feet Green - Your Outdoor Sports Emporium,-,Click Here,-
82,texturesandroots.com,Textures & Roots – Textures & Roots,-,Click Here,-
83,felicitees.co,Felicitees Co,-,Click Here,US
84,ilovekittees.com,Kittees | Fashion Cat Tshirts for your Inner Feline – ilovekittees,-,Click Here,US
85,ill-sen.com,Custom T-Shirts - We Design Your Own T-Shirts Online - Free Shipping! – Ill-Sen,-,Click Here,US
86,fawk45.com,Fawk45,-,Click Here,US
87,iluvtequila.net,"ILuvTequila Store Gifts, Funny Clothing, Unique Novelty Products More – I Luv Tequila",-,Click Here,-
88,filthyhome.com,wallpaper homme fashion homo gay queer t-shirt sexy tee men gay home,-,Click Here,US
89,ink5shop.com,Limited Edition Tshirts Singapore | Ink5shop,-,Click Here,-
90,aintafraidtshirts.com,www.aintafraidtshirts.com Bright and bold images to make you laugh. – Ain't Afraid Tshirts,-,Click Here,-
91,dearbusiness.com,Custom Tshirt and Alternative Apparel – dearbusiness.com,-,Click Here,BD
92,facciomagliettestore.it,Faccio Magliette Store,-,Click Here,-
93,affordablewipers.com,Affordable Wipers - Cleaning Rags Wiping Rags Cloths Shop Towels,-,Click Here,US
94,365shirtdesigns.co.uk,365 Shirt Design Database | Logo Tshirt Store – 365ShirtDesigns,-,Click Here,-
95,faredi.com,Faredi Fashion – Faredi fashion,-,Click Here,US
96,ihatethe401.com,I hate the 401,-,Click Here,-
97,dasely.com,buy dress tshirt skirt shoes jewelry bag sale cool things hat online – Dasely,-,Click Here,-
98,iconico.mx,Icónico: Tienda del Diseño Mexicano– Iconico,-,Click Here,-
99,falmouththreads.com,Falmouth Tee– Falmouth Threads,-,Click Here,UK
100,familyfirsttees.com,Family First Tee's and more! – FamilyFirstTees,-,Click Here,US
101,foldedflagtc.com,shop folded flag tshirt company – Folded Flag TC,-,Click Here,US
102,amerizine.com,Amerizine,-,Click Here,US
103,jasonquigleyboxing.com,Jason Quigley Tshirt – JasonQuigley,-,Click Here,-
104,devilisalye.com,The Devil is a Lye Natural Hair Apparel,-,Click Here,US
105,alldayconcept.com,All Day Concept – Alldayconcept,-,Click Here,US
106,inshinytee.fr,INSHINYTEE - Accueil | Tshirts & Sweats originaux | Humour & Fun,-,Click Here,-
107,bamawoods.com,BAMA WOODS,-,Click Here,CA
108,inspirehernow.com,inspireHER,-,Click Here,US
109,bayertee.com,Wellcome BeyerTee Holyday Trending Tshirt Store – DecoOrnaments,-,Click Here,VN
110,binba-tshirt.website,MERIN - Shop T-shirt online – MERIN Shop,-,Click Here,-
111,ashluxemerch.com,Ashluxé– ASHLUXÉ,-,Click Here,-
112,junglehippie.com,The Jungle Hippie Boutique,-,Click Here,-
113,joyhip.com,Funny Novelty Gift Ideas Awesome Quirky Humorous Gifts Unique Apparels – JoyHip.Com,-,Click Here,PA
114,artsu.biz,artsu - artsu designer t-shirts and clothing Sydney Australia online,-,Click Here,-
115,atelierligne13.fr,Atelier Ligne 13 Créateur Mode femme et homme Made in France Paris,-,Click Here,-
116,juvetriplete.com,Juve Triplete,-,Click Here,IT
117,belmarshirts.com,"Custom Printed Apparel and Embroidery and Belmar, NJ Themed Clothing – Belmar Shirts",-,Click Here,-
118,donut.com.tr,DONUTSTORE® GRAFFITI SHOP ISTANBUL,-,Click Here,-
119,jessie-maes.com,Jessie-Maes Designs – Jessie Mae's,-,Click Here,-
120,frenchkiff.com,FrenchKiff - Sweats et Tshirts humour stylé ! Exprime ton kiff,-,Click Here,FR
121,anyprints.ca,Custom Apparel | Design Your Own T-Shirt | Printing | – T-Shirt Shop,-,Click Here,-
122,bigjesusstuff.com,BIGJESUSSTUFF – BIGJESUSSTUFF.COM,-,Click Here,-
123,funnyhiviz.com,funnyhiviz.com – Funnyhiviz,-,Click Here,US
124,scrambler-tshirt.com,Crave For Ride – CraveForRide.com,-,Click Here,-
125,hellotshirt.fr,"Hello Tshirt | T-Shirts, Sweats et accessoires",-,Click Here,-
126,ektimalapparel.com,Ektimalapparel Tshirt and more – Ektimalapparel Store,-,Click Here,-
127,effiegoodthanks.com.au,Effie Good Thanks – Effie's Merch,-,Click Here,-
128,genius-nurse.com,Genius Nurse | Accessoires pour infirmières & Aides-soignantes,-,Click Here,GB
129,blooze.shop,Blooze Jerusalem Merchandise Brand,-,Click Here,-
130,healedshop.com,Healed Shop,-,Click Here,US
131,bolddude.com,The Bold Designer– Bold Dude,-,Click Here,US
132,boldmessagetshirt.com,Bold Message T Shirt – Bold Message TShirt,-,Click Here,US
133,aypclothingco.com,As You Please Clothing Company – As You Please Clothing Company,-,Click Here,-
134,eolaapparel.com,Eola Apparel - A Florida Company designing Modern Made Vintage Apparel,-,Click Here,CA
135,bwyldeclothing.com,Bwyldeclothing Bigfoot TShirt sasquatch – B. Wylde Clothing,-,Click Here,US
136,shookthecat.com,SHOOKTHECAT – shookthecat.com,-,Click Here,-
137,humblhustlr.com,Humbl Hustlr – The Hustlr,-,Click Here,US
138,holla-day.co,HOLLADAY Independent online boutique Premium Womenswear & Accessories – H O L L A D A Y,-,Click Here,-
139,goodtease.com,GoodTease – Good Tease,-,Click Here,US
140,shittytshirt.com,My Shitty T-Shirt,-,Click Here,US
141,hoodies-tshirt.com,Hoodies&T-shirts – Hoodies&T-shirts,-,Click Here,RU
142,shedolane.com,Sun Protection Shirts & UPF 50+ Sun Protective Clothing | SPF Sunblock – Shēdo Lane,-,Click Here,US
143,hometowntshirtco.com,Hometown Tshirt Co.,-,Click Here,US
144,lazychunks.com,"Lazychunks | Printed t-shirt , Full sleeves tees , Custom tshirt print – Lazychunks.com",-,Click Here,IN
145,silverliningsco.com,Silverlining & Co,-,Click Here,US
146,shopisyour.com,Shop Is your– Shopisyour.com,-,Click Here,US
147,shopmyrootsclothing.com,Local Midwest T Shirt Company– My Roots Clothing Co.,-,Click Here,-
148,canarytrends.com,Your next wardrobe – Canary Trends,-,Click Here,US
149,shopjadefashow.com,"fashion boutique , online boutique, trendy clothes , tshirts, focus – Jadefashow",-,Click Here,-
150,matawari.com,Streetwear fashion tshirt for men. Shop online. Worldwide delivery,-,Click Here,AE
151,coiscycling.com,Cycling t-shirts and sweaters - Çois Cycling Legacy,-,Click Here,BE
152,snarksociety.com,Snark Society,-,Click Here,CA
153,smtshirt.com,SM Tshirt,-,Click Here,IT
154,mbtshirts.com,MB T-Shirts: Discount Licensed Apparel– MB T-SHIRTS,-,Click Here,US
155,manifestworldwide.com,Manifest Worldwide | Manifest Worldwide,-,Click Here,-
156,simpledemands.com,simple demands – Simple Demands,-,Click Here,-
157,cheeseheadtshirts.com,Coast To Coast Cheddarhead– CoastToCoastCheddarhead.BIZ,-,Click Here,-
158,makeamericansgropeagain.com,Make America Grope Again T-shirt 19.99,-,Click Here,US
159,cheekythreadcompany.com,Cheeky Thread Company,-,Click Here,US
160,chibibo.ca,Chibibo Streetwear,-,Click Here,-
161,citadel.mu,Citadel Yes Mauritius (Online Shop),-,Click Here,-
162,pierrelouis.com,Pierre Louis - Store for Men and Women clothing,-,Click Here,US
163,piggybankco.com,PIGGYBANK CLOTHING APPAREL – pigg¥bank clothing,-,Click Here,-
164,chubbypom.com,Chubby Pom– ChubbyPom,-,Click Here,US
165,chunkyyarnbarn.com.au,Chunky Yarn Barn. Australia's largest BOBBINY range. Online Store,-,Click Here,-
166,sportsxhiphop.com,Sports x Hip Hop,-,Click Here,US
167,microswags.com,Kids Apparel – Micro Swags,-,Click Here,US
168,projectdafy.com,ProjectDafy,-,Click Here,-
169,pureprintstudio.com,Pure Print Studio,-,Click Here,-
170,r1sixteen.com,R1XVI (R1SIXTEEN) Faith Inspired Apparel – R1Sixteen-R1XVI,-,Click Here,US
171,purrificgifts.com,"Purrific Gifts - Fresh, Funny and Fashionable Cat gifts",-,Click Here,-
172,crossgnome.com,Cross Gnome Design and Apparel– Cross Gnome Design + Apparel,-,Click Here,US
173,stagoflondon.co.uk,Stag of London,-,Click Here,-
174,craftbrewingdistilling.com,Merchandising for Craft Brewers & Distillers – Craft Brewing & Distilling,-,Click Here,US
175,squadtshirtcompany.com,Squad T-shirt Company – Squad Tshirt Company,-,Click Here,-
176,standupfortheflag.com,Official #standupfortheflag Stand Up For The Flag Apparel Tees Tshirt – StandUpForTheFlag,-,Click Here,US
177,createdbynerds.com,Created By Nerds - Embracing the Nerd in All of Us,-,Click Here,CA
178,punkydog.fr,PUNKYDOG,-,Click Here,-
179,puphoodies.com,Adorable dog hoodies in a variety of colors and custom prints – Pup Hoodies,-,Click Here,US
180,meopa-tshirt.website,Meopa,-,Click Here,-
181,print-my-pet.com,Print My Pet- Customized gift ideas using your pets picture– Print-my-pet,-,Click Here,US
182,miamisublimation.com,Miami Sublimation – MiamiSublimation,-,Click Here,CA
183,loveindilou.com,Modern Crochet Handmade Floor Rugs and Baskets with Tshirt Yarn – Love Indi Lou,-,Click Here,AU
184,monnovations.com,Say What You Want to Say – Monnovations,-,Click Here,US
185,studio11couture.com,STUDIO11COUTURE.COM - Unique and Handmade Items By Talented Artisans. – STUDIO 11 COUTURE,-,Click Here,US
186,mohaistore.com,World Class Active Wear - Handmade in Costa Rica - Ropa Deportiva – mōhai store,-,Click Here,-
187,weartitos.com,Titos - Working Nation,-,Click Here,SI
188,kcmartins.com,American Afro urban inspired street wear fashion brand,-,Click Here,US
189,kcswaggershop.com,KC Swagger,-,Click Here,-
190,westsoundstudios.com,Westsound Studios,-,Click Here,US
191,mizarudsigns.com,We See No Evil - Only the best tshirt designs on the planet! At Mizaru – Mizaru Dsigns,-,Click Here,-
192,ratzaptshirt.com,Rat Zap Tshirt,-,Click Here,-
193,stationarynyc.com,STATIONARY NYC,-,Click Here,FR
194,mkegear.com,Milwaukee T-Shirt Company | Original Tshirt Designs Business – MKEgear,-,Click Here,US
195,cryptotshirt.com,Crypto T Shirts and Gear! Discounted Daily | Cryptotshirt.com,-,Click Here,US
196,racepunks.com,Race Cars Motorcycles Outlaws Motorsport Motos Racecraft Autos Tshirts – RACE PUNKS,-,Click Here,CA
197,wannahave.co,WannaHave Co – Wanna Have?,-,Click Here,LV
198,royalewithtees.net,Royale with Tees™ T-Shirts,-,Click Here,PA
199,vastorraps.com,VASTORRAPS – VastorRaps,-,Click Here,-
200,wodmerch.com,WODMerch: The Last Custom Tshirt Printer You'll Ever Need – southernmerch,-,Click Here,US
201,womanofhustle.com,Woman of Hustle,-,Click Here,-
202,valentinebennettstore.com,Valentine Bennett – Valentinebennettstore.com,-,Click Here,US
203,wtfushop.com,wake the f up | wtfushop.com – wtfu™,-,Click Here,-
204,sweetlittletees.com,sweetlittletees.com – Sweet Little Tees,-,Click Here,-
205,kickmerch.com,Kick Merch,-,Click Here,-
206,noveltees.shop,"NovelTees Tshirt Shop | Novelty, funny, cool designs for everyone – NovelTees Shop",-,Click Here,-
207,nextgeneration.racing,"Mx, Tshirt, supercross, apparel, kids clothes, onsies, hats, sticker's – Next Generation Racing",-,Click Here,-
208,osslogy.com,Osslogy,-,Click Here,-
209,opsolidgear.com,Op Solid Gear,-,Click Here,-
210,offensiveshirtco.com,Offensive Shirt Co. – Offensive Shirt co.,-,Click Here,-
211,vio-store.com,VIO Store | Unisex All Over Printing,-,Click Here,-
212,ujumbeapparel.com,Ujumbe - Apparel with a Message,-,Click Here,-
213,visioneriskateshop.com.au,Visioneri Skateshop,-,Click Here,-
214,thirdeyetshirts.com,ThirdEyeTshirts,-,Click Here,-
215,timetoshirt.com,TimetoShirt - Custom & Unique Tshirt Everyone Can Enjoy,-,Click Here,-
216,thewolfpackstore.com,Wolfpack Outdoors - TShirts by and for Adventure Seekers,-,Click Here,-
217,thebestcave.net,WannaHave Co – Wanna Have?,-,Click Here,-
218,thehair-t.com,Moisture Retention Hair Drying Tshirt – The Hair-T,-,Click Here,-
219,thegoodshepherdshirts.com,The Good Shepherd Shirts - THEGOODSHEPHERDSHIRTS.COM,-,Click Here,-
220,thenumbersuk.com,Birthday Outfit Gift Kids + Adults | Sweatshirt + Tshirt | The Numbers,-,Click Here,-
221,thetshirtshub.com,"BUY T-SHIRTS IN LAGOS, NIGERIA. ORDER TSHIRTS ONLINE ACROSS NIGERIA – THE TSHIRT HUB",-,Click Here,-
222,t-shirtshop.co,Custom Apparel | Design Your Own T-Shirt | Printing | – T-Shirt Shop,-,Click Here,-
223,tshirt-makers.com,T-Shirt Makers and Tees | T-Shirt Makers,-,Click Here,-
224,tshirtfor.mom,Funny Maternity Shirts | Unique Mom Tshirts | Gift Tshirt to Grandma,-,Click Here,-
225,tshirtgallery.ca,"T Shirt Gallery - Graphic TShirt Store Online, Custom, Cool Shirts",-,Click Here,-
226,tshirtharbor.com,Tshirt Harbor,-,Click Here,-
227,tshirtaf.net,tshirt AF,-,Click Here,-
228,tshirtbuy.com,Buy BEST printed tee|Incredible India theme – Tshirt Buy,-,Click Here,-
229,tshirtcache.com,TShirt Cache - Print Shirts Cheap | Licensed Graphic Tees – tshirtcache.com,-,Click Here,-
230,tshirtflava.com,T-Shirt Flva – Tshirt Flava,-,Click Here,-
231,tshirtinc.com,TShirt Inc,-,Click Here,-
232,tshirtlight.com,Tshirt Light,-,Click Here,-
233,tshirtsocietygroup.com,Tshirt Society Group,-,Click Here,-
234,tracker-tshirt.com,Crave For Ride – CraveForRide.com,-,Click Here,-
235,trail-tees.com,Trail Tees Clothing Company,-,Click Here,-
236,tees2u.com.au,Tees2U custom tshirt printing with no minimums! – tees2u,-,Click Here,-
237,tees4u.net,The Perfect Tshirt or Apparel Item For You and Your Specific Lifestyle – tees4u.net,-,Click Here,-
238,teesmarvel.com,Funny Tshirt – teesmarvel,-,Click Here,-
239,teefry.com,TEEFRY - Cool & Funny Tshirt Collection - Online Exclusives!,-,Click Here,-
240,teegearparadise.com,Tee & Gear Paradise Paradise,-,Click Here,-
241,teesforhumanity.com,Inspiring T-shirts with great designs on quality tees – TeesForHumanity,-,Click Here,-
242,theposhpearlapparelco.com,The Posh Pearl Apparel Co.,-,Click Here,-
243,thatsjustwrong.co,WannaHave Co – Wanna Have?,-,Click Here,-
244,thaus-tshirt.com,Team T HAÜS– T-Haus Co.,-,Click Here,-
245,thetshirtfan.com,Awesome T-Shirts and more for Awesome People!– The Tshirt Fan,-,Click Here,-
246,techstranger.com,Techstranger,-,Click Here,-
247,thecarolinawaybrand.com,The Carolina Way Brand,-,Click Here,-
248,thepeacefullcloset.com,"women's clothes, sweaters, fall outfit, graphic tshirt, tank tops",-,Click Here,-
249,thenerdcastle.net,Welcome to the NERD CASTLE – The Nerd Castle,-,Click Here,-
250,thecloths.com,Online Clothing Fashion Store for Men Women and Kids – TheCloths,-,Click Here,-
251,66andchange.com,Home – 66andchange,-,Click Here,-
252,kickcommission.com,KickCommission tshirt clothing graphic design streetwear urban,-,Click Here,-
1,projectrepat.com,T Shirt Blanket | T Shirt Quilts and Blankets from Project Repat,"309,929",Click Here,US
2,basmatik.com,basmatik.com -T-shirt Baskı Platformu-Kendin tasarla-Kargo bedava,"461,321",Click Here,TR
3,textualtees.com,Cheap Funny T Shirts Hilarious Novelty Graphic Tees | Funny Tees – Textual Tees,"627,151",Click Here,US
4,thetshirtcollection.com,The TShirt Collection – TC International,"879,429",Click Here,US
5,lestyleparfait.com,"Shopping Online For Clothing, Shoes, Bags | LeStyleParfait.Com","1,588,824",Click Here,US
6,emmaandsam.com,Emma & Sam,"1,730,740",Click Here,US
7,gabethebabeandco.com,Gabethebabeandco – gabethebabeandco,"3,154,026",Click Here,CA
8,mondomens.com,Mondo Menswear Official | Latest Men's Fashion Styles | Mondomens.com,"3,274,076",Click Here,-
9,cutetotoro.com,Little store for Totoro Fans – Cute Totoro: My Neighbor Totoro,"3,837,073",Click Here,US
10,yfbnation.com,YFB Nation,"4,431,354",Click Here,-
11,acid87.co.uk,Acid87 Clothing - Acid house - Techno Inspired Clothing,"4,528,888",Click Here,-
12,inertiacart.com,College and Corporate Hoodies | Tshirt & Jersey Printing in Bangalore,"4,807,284",Click Here,US
13,livnativ.com,nativ home state outdoor graphic tshirts and lifestyle apparel brand,"4,969,310",Click Here,-
14,thelocalduty.com,Online Tshirts For Mens & Womens | Upto 50% OFF | Localduty.com,"5,068,247",Click Here,-
15,allthingscustomized.com,"Customized T-shirts, Sweatshirts, Polo T-shirts, Mugs, Corporate gifts, College Fest T-shirt","5,207,921",Click Here,IN
16,monodrop.net,Men's Street Fashion,"5,475,285",Click Here,TR
17,tshirtunicorn.com,TShirt Unicorn | Magically Amazing Shirts For Discerning Fashionistas – tshirtunicorn,"6,258,575",Click Here,-
18,machinesociety.com,Machine Society,"6,681,635",Click Here,US
19,theorganictshirt.com.au,The Organic Tshirt – theorganictshirt,"6,694,375",Click Here,-
20,fivepoundtee.com,Printed t-shirts/great quality/great prices/ – Fivepoundtee,"6,779,173",Click Here,-
21,quortshirts.com,Quor T-shirts | Customizable Artistic T shirts Painted Made in Italy,"7,074,349",Click Here,-
22,purrfectgear.com,"tshirt, clothing, jewelry, accessories for animal lover – Purrfectgear","7,836,671",Click Here,US
23,thelonewolfs.com,handcrafted surfboards and accoutrements for the modern surfer. – LONE WOLFS Objets d'Surf,"8,034,134",Click Here,-
24,feltinclothing.com,Feltin Clothing,"8,638,980",Click Here,US
25,xclusivemember.com,"Xclusive Member - Buy Tshirt, Hoddie & Jackets Online | Fashion Clothi","8,682,047",Click Here,CA
26,kustomsportswear.com,Kustom Sportswear - Vêtements et personnalisation - Sport et Tshirt,"8,708,888",Click Here,CA
27,greenhouseboardshop.com,Greenhouse is the areas premier boardshop and custom tshirt printer – Greenhouse Boardshop,"8,956,583",Click Here,US
28,expressbeyond.com,"Shop your Favorite Designs, Music, TV, Sports, Movie, Animal, T-Shirts","9,169,285",Click Here,-
29,wearpuro.com,"PURO wear | Il miglior intimo per l'uomo moderno. Boxer, Slip, T-shirt","9,682,662",Click Here,DE
30,anbro2store.com,ANBRO2 - Express Your Identity With Our Products,"9,743,839",Click Here,-
31,hamopride.com,"NFL legging, tattoo leggings, tshirts, pillows | Ewa Beach | HamoPride","10,133,368",Click Here,-
32,yorstruly.com,"y.orstruly ""inspired by the truth""","10,177,508",Click Here,-
33,diyflashcard.com,DIY Flashcard & Edutoys,"10,618,624",Click Here,-
34,t1trendze.com,Buy best quality t-shirt at low prices online India @ t1trendze | COD – T1trendze,"10,654,088",Click Here,-
35,rhinestonewear.org,Rhinestone Wear - Custom Bling is Our Specialty!,"10,814,741",Click Here,US
36,thefortclothingetc.com,The Fort - Fort Worth - Tshirt - T-shirt - Clothing – The Fort Clothing Company,"11,235,120",Click Here,-
37,modvaii.com,Buy Trendy And Unique Products 2019 You Will Love It | ModVaii – Mod Vaii,"12,120,007",Click Here,-
38,tiamimidesigns.com,"Svg files, cricut, cameo, cricut files, tshirt,customized tee shirts, – Tia Mimi Designs","12,352,478",Click Here,-
39,doubsclothing.com,Clothing for Tall Men - Doubs Clothing | Free Shipping Worldwide,"12,652,762",Click Here,-
40,kingdomculturecouture.com,KINGDOM CULTURE COUTURE – Kingdom Culture Couture,"13,807,650",Click Here,-
41,apesnort.com,Apesnort t-shirts geeky funny cool quirky artsy graphic tshirt designs – apesnort,"14,019,359",Click Here,US
42,richnfly.com,Brain Confusion – Brain Confusion,"14,116,356",Click Here,-
43,cravetheday.com,"Crave The Day - Cool Junk Food Shirts, T-Shirts, Leggings, Hats, Socks – CRAVE THE DAY® Clothing","16,197,599",Click Here,US
44,circlejerksshop.com,The Circle Jerks Merch Shop – CircleJerks,"16,306,077",Click Here,US
45,veryplaneclothes.com,Very Plane Clothes: Fashion for those who love aviation – lairdkay,"18,554,003",Click Here,-
46,dawadsdesign.com,"Dawads Design T-Shirt shop, basketball and geek store.","18,859,244",Click Here,-
47,zidoclothing.com,"Buy mens clothing online, buy shirts, trousers, mens accessories, tie – zido clothing","18,938,919",Click Here,-
48,brandedoutfit.com,Personalized Custom-made Tshirts & Hoodies for Halloween and Christmas,"19,078,301",Click Here,IN
49,templeandkardy.com,"90's tshirt, African American Tee, Melanin tee's Black Pride t's",-,Click Here,-
50,howmanytshirtshop.com,How many Tshirt natural products – How Many Tshirt,-,Click Here,-
51,nogginhed.com,"NOGGINHED Tshirt Co.- Custom Tshirt Printing, Huntsville, AL",-,Click Here,-
52,tshirtcafe.co.za,Tshirt Cafe|Personalized Birthday and Anniversary Gifts Online,-,Click Here,-
53,tshirtplugg.com,Tshirt Plugg – T-Shirt_Plugg,-,Click Here,-
54,teehouse.com.au,Tshirt Screen Printing in the heart of Sydney. – Tee House Screen Print,-,Click Here,-
55,ideatshirt.it,▷Magliette Personalizzate T-Shirt Maglie | Stampa Idea Tshirt –,-,Click Here,-
56,anybrandnyc.com,ANYBRAND. YOUR FAVORITE TSHIRT. ONLINE. ANYTIME.,-,Click Here,US
57,bet-tshirt.com,T-shirt cadeau homme original - Bet T-shirt la marque des parieurs,-,Click Here,-
58,shoevibes.co,Abram Clothing - Tshirt Gift Shop,-,Click Here,US
59,slogan-tshirt.com,Slogan T Shirt – Slogan-TShirt.com,-,Click Here,DE
60,sociedadcool.com,SOCIEDADCOOL.COM| Online Sale Sociedad Cool | Online Sale Tshirt Now– SOCIEDAD COOL,-,Click Here,CA
61,livinginsideatshirt.com,Living Inside a Tshirt. T-shirt Design for women and men. Cool designs – Living Inside A T-shirt,-,Click Here,US
62,sportsdaddi.com,Sportsdaddi@sports-wear/activewear/sporting-goods/Tshirt/exercise,-,Click Here,US
63,momotachi.com,Fierce Tshirt – Momotachi,-,Click Here,US
64,rm-tshirt.online,R&M - the best store to find the best T-shirt – R&M-Tshirt,-,Click Here,-
65,winkingcow.com,Cool Tshirt Designs | CustomTees | Coffee Mugs Funny Design WinkingCow,-,Click Here,-
66,ugotmetwistedapparel.com,Dallas Tx Online Apparel & Tees Inspired by Melanin UGMTA Tshirt – U Got Me Twisted Apparel,-,Click Here,-
67,thetshirtnest.com,The Tshirt Nest. – Thetshirtnest,-,Click Here,-
68,tshirt-activism.com,Tshirt Activism,-,Click Here,-
69,tshirteriamoro.com,"Tshirteriamoro Tshirt, bags & Converse personalizzate – Tshirteriamoro.com | Via Bruno Buozzi, 91 - 45100 Rovigo - P.iva 01422050292 - REA: RO-155202",-,Click Here,-
70,tshirtrhino.com,Welcome to TShirt Rhino Home - We Have Your Shirt – tshirtrhino,-,Click Here,-
71,tuckisan-collection.com,Tucki San Collection - design model - tshirt - comics - super hero – tucki san collection,-,Click Here,-
72,tshirt-printing4u.com,"T Shirt Printing 4 U, Stag Parties, Hen Parties, Workwear",-,Click Here,-
73,thatsmytshirt.com,Thats My Tshirt Apparel – ThatsMyTShirt,-,Click Here,-
74,iamahumantee.com,"i am a human tee home page, collections, products, contact us, feature",-,Click Here,US
75,blackmill.fr,BlackMill,-,Click Here,-
76,justiceabrielle.com,"Glitter and Glass, Glitter Yeti, Custom Tank Tops, Bachelorette Tanks– Justice Abrielle",-,Click Here,US
77,shopsunfloral.com,Sunfloral,-,Click Here,PA
78,eyilotshirt.com,Eyilot- tshirt votre site pour un nouveau style de vie – Eyilo Tshirt,-,Click Here,-
79,lupinshop.com,"Lupinshop | Funny T-shirt, Movie T-shirt, TV Shirt & Video Game Tees – lupinshop",-,Click Here,JP
80,timtshirtsplus.com,Tim T Shirts Plus.com,-,Click Here,-
81,twofeetgreen.com,Two Feet Green - Your Outdoor Sports Emporium,-,Click Here,-
82,texturesandroots.com,Textures & Roots – Textures & Roots,-,Click Here,-
83,felicitees.co,Felicitees Co,-,Click Here,US
84,ilovekittees.com,Kittees | Fashion Cat Tshirts for your Inner Feline – ilovekittees,-,Click Here,US
85,ill-sen.com,Custom T-Shirts - We Design Your Own T-Shirts Online - Free Shipping! – Ill-Sen,-,Click Here,US
86,fawk45.com,Fawk45,-,Click Here,US
87,iluvtequila.net,"ILuvTequila Store Gifts, Funny Clothing, Unique Novelty Products More – I Luv Tequila",-,Click Here,-
88,filthyhome.com,wallpaper homme fashion homo gay queer t-shirt sexy tee men gay home,-,Click Here,US
89,ink5shop.com,Limited Edition Tshirts Singapore | Ink5shop,-,Click Here,-
90,aintafraidtshirts.com,www.aintafraidtshirts.com Bright and bold images to make you laugh. – Ain't Afraid Tshirts,-,Click Here,-
91,dearbusiness.com,Custom Tshirt and Alternative Apparel – dearbusiness.com,-,Click Here,BD
92,facciomagliettestore.it,Faccio Magliette Store,-,Click Here,-
93,affordablewipers.com,Affordable Wipers - Cleaning Rags Wiping Rags Cloths Shop Towels,-,Click Here,US
94,365shirtdesigns.co.uk,365 Shirt Design Database | Logo Tshirt Store – 365ShirtDesigns,-,Click Here,-
95,faredi.com,Faredi Fashion – Faredi fashion,-,Click Here,US
96,ihatethe401.com,I hate the 401,-,Click Here,-
97,dasely.com,buy dress tshirt skirt shoes jewelry bag sale cool things hat online – Dasely,-,Click Here,-
98,iconico.mx,Icónico: Tienda del Diseño Mexicano– Iconico,-,Click Here,-
99,falmouththreads.com,Falmouth Tee– Falmouth Threads,-,Click Here,UK
100,familyfirsttees.com,Family First Tee's and more! – FamilyFirstTees,-,Click Here,US
101,foldedflagtc.com,shop folded flag tshirt company – Folded Flag TC,-,Click Here,US
102,amerizine.com,Amerizine,-,Click Here,US
103,jasonquigleyboxing.com,Jason Quigley Tshirt – JasonQuigley,-,Click Here,-
104,devilisalye.com,The Devil is a Lye Natural Hair Apparel,-,Click Here,US
105,alldayconcept.com,All Day Concept – Alldayconcept,-,Click Here,US
106,inshinytee.fr,INSHINYTEE - Accueil | Tshirts & Sweats originaux | Humour & Fun,-,Click Here,-
107,bamawoods.com,BAMA WOODS,-,Click Here,CA
108,inspirehernow.com,inspireHER,-,Click Here,US
109,bayertee.com,Wellcome BeyerTee Holyday Trending Tshirt Store – DecoOrnaments,-,Click Here,VN
110,binba-tshirt.website,MERIN - Shop T-shirt online – MERIN Shop,-,Click Here,-
111,ashluxemerch.com,Ashluxé– ASHLUXÉ,-,Click Here,-
112,junglehippie.com,The Jungle Hippie Boutique,-,Click Here,-
113,joyhip.com,Funny Novelty Gift Ideas Awesome Quirky Humorous Gifts Unique Apparels – JoyHip.Com,-,Click Here,PA
114,artsu.biz,artsu - artsu designer t-shirts and clothing Sydney Australia online,-,Click Here,-
115,atelierligne13.fr,Atelier Ligne 13 Créateur Mode femme et homme Made in France Paris,-,Click Here,-
116,juvetriplete.com,Juve Triplete,-,Click Here,IT
117,belmarshirts.com,"Custom Printed Apparel and Embroidery and Belmar, NJ Themed Clothing – Belmar Shirts",-,Click Here,-
118,donut.com.tr,DONUTSTORE® GRAFFITI SHOP ISTANBUL,-,Click Here,-
119,jessie-maes.com,Jessie-Maes Designs – Jessie Mae's,-,Click Here,-
120,frenchkiff.com,FrenchKiff - Sweats et Tshirts humour stylé ! Exprime ton kiff,-,Click Here,FR
121,anyprints.ca,Custom Apparel | Design Your Own T-Shirt | Printing | – T-Shirt Shop,-,Click Here,-
122,bigjesusstuff.com,BIGJESUSSTUFF – BIGJESUSSTUFF.COM,-,Click Here,-
123,funnyhiviz.com,funnyhiviz.com – Funnyhiviz,-,Click Here,US
124,scrambler-tshirt.com,Crave For Ride – CraveForRide.com,-,Click Here,-
125,hellotshirt.fr,"Hello Tshirt | T-Shirts, Sweats et accessoires",-,Click Here,-
126,ektimalapparel.com,Ektimalapparel Tshirt and more – Ektimalapparel Store,-,Click Here,-
127,effiegoodthanks.com.au,Effie Good Thanks – Effie's Merch,-,Click Here,-
128,genius-nurse.com,Genius Nurse | Accessoires pour infirmières & Aides-soignantes,-,Click Here,GB
129,blooze.shop,Blooze Jerusalem Merchandise Brand,-,Click Here,-
130,healedshop.com,Healed Shop,-,Click Here,US
131,bolddude.com,The Bold Designer– Bold Dude,-,Click Here,US
132,boldmessagetshirt.com,Bold Message T Shirt – Bold Message TShirt,-,Click Here,US
133,aypclothingco.com,As You Please Clothing Company – As You Please Clothing Company,-,Click Here,-
134,eolaapparel.com,Eola Apparel - A Florida Company designing Modern Made Vintage Apparel,-,Click Here,CA
135,bwyldeclothing.com,Bwyldeclothing Bigfoot TShirt sasquatch – B. Wylde Clothing,-,Click Here,US
136,shookthecat.com,SHOOKTHECAT – shookthecat.com,-,Click Here,-
137,humblhustlr.com,Humbl Hustlr – The Hustlr,-,Click Here,US
138,holla-day.co,HOLLADAY Independent online boutique Premium Womenswear & Accessories – H O L L A D A Y,-,Click Here,-
139,goodtease.com,GoodTease – Good Tease,-,Click Here,US
140,shittytshirt.com,My Shitty T-Shirt,-,Click Here,US
141,hoodies-tshirt.com,Hoodies&T-shirts – Hoodies&T-shirts,-,Click Here,RU
142,shedolane.com,Sun Protection Shirts & UPF 50+ Sun Protective Clothing | SPF Sunblock – Shēdo Lane,-,Click Here,US
143,hometowntshirtco.com,Hometown Tshirt Co.,-,Click Here,US
144,lazychunks.com,"Lazychunks | Printed t-shirt , Full sleeves tees , Custom tshirt print – Lazychunks.com",-,Click Here,IN
145,silverliningsco.com,Silverlining & Co,-,Click Here,US
146,shopisyour.com,Shop Is your– Shopisyour.com,-,Click Here,US
147,shopmyrootsclothing.com,Local Midwest T Shirt Company– My Roots Clothing Co.,-,Click Here,-
148,canarytrends.com,Your next wardrobe – Canary Trends,-,Click Here,US
149,shopjadefashow.com,"fashion boutique , online boutique, trendy clothes , tshirts, focus – Jadefashow",-,Click Here,-
150,matawari.com,Streetwear fashion tshirt for men. Shop online. Worldwide delivery,-,Click Here,AE
151,coiscycling.com,Cycling t-shirts and sweaters - Çois Cycling Legacy,-,Click Here,BE
152,snarksociety.com,Snark Society,-,Click Here,CA
153,smtshirt.com,SM Tshirt,-,Click Here,IT
154,mbtshirts.com,MB T-Shirts: Discount Licensed Apparel– MB T-SHIRTS,-,Click Here,US
155,manifestworldwide.com,Manifest Worldwide | Manifest Worldwide,-,Click Here,-
156,simpledemands.com,simple demands – Simple Demands,-,Click Here,-
157,cheeseheadtshirts.com,Coast To Coast Cheddarhead– CoastToCoastCheddarhead.BIZ,-,Click Here,-
158,makeamericansgropeagain.com,Make America Grope Again T-shirt 19.99,-,Click Here,US
159,cheekythreadcompany.com,Cheeky Thread Company,-,Click Here,US
160,chibibo.ca,Chibibo Streetwear,-,Click Here,-
161,citadel.mu,Citadel Yes Mauritius (Online Shop),-,Click Here,-
162,pierrelouis.com,Pierre Louis - Store for Men and Women clothing,-,Click Here,US
163,piggybankco.com,PIGGYBANK CLOTHING APPAREL – pigg¥bank clothing,-,Click Here,-
164,chubbypom.com,Chubby Pom– ChubbyPom,-,Click Here,US
165,chunkyyarnbarn.com.au,Chunky Yarn Barn. Australia's largest BOBBINY range. Online Store,-,Click Here,-
166,sportsxhiphop.com,Sports x Hip Hop,-,Click Here,US
167,microswags.com,Kids Apparel – Micro Swags,-,Click Here,US
168,projectdafy.com,ProjectDafy,-,Click Here,-
169,pureprintstudio.com,Pure Print Studio,-,Click Here,-
170,r1sixteen.com,R1XVI (R1SIXTEEN) Faith Inspired Apparel – R1Sixteen-R1XVI,-,Click Here,US
171,purrificgifts.com,"Purrific Gifts - Fresh, Funny and Fashionable Cat gifts",-,Click Here,-
172,crossgnome.com,Cross Gnome Design and Apparel– Cross Gnome Design + Apparel,-,Click Here,US
173,stagoflondon.co.uk,Stag of London,-,Click Here,-
174,craftbrewingdistilling.com,Merchandising for Craft Brewers & Distillers – Craft Brewing & Distilling,-,Click Here,US
175,squadtshirtcompany.com,Squad T-shirt Company – Squad Tshirt Company,-,Click Here,-
176,standupfortheflag.com,Official #standupfortheflag Stand Up For The Flag Apparel Tees Tshirt – StandUpForTheFlag,-,Click Here,US
177,createdbynerds.com,Created By Nerds - Embracing the Nerd in All of Us,-,Click Here,CA
178,punkydog.fr,PUNKYDOG,-,Click Here,-
179,puphoodies.com,Adorable dog hoodies in a variety of colors and custom prints – Pup Hoodies,-,Click Here,US
180,meopa-tshirt.website,Meopa,-,Click Here,-
181,print-my-pet.com,Print My Pet- Customized gift ideas using your pets picture– Print-my-pet,-,Click Here,US
182,miamisublimation.com,Miami Sublimation – MiamiSublimation,-,Click Here,CA
183,loveindilou.com,Modern Crochet Handmade Floor Rugs and Baskets with Tshirt Yarn – Love Indi Lou,-,Click Here,AU
184,monnovations.com,Say What You Want to Say – Monnovations,-,Click Here,US
185,studio11couture.com,STUDIO11COUTURE.COM - Unique and Handmade Items By Talented Artisans. – STUDIO 11 COUTURE,-,Click Here,US
186,mohaistore.com,World Class Active Wear - Handmade in Costa Rica - Ropa Deportiva – mōhai store,-,Click Here,-
187,weartitos.com,Titos - Working Nation,-,Click Here,SI
188,kcmartins.com,American Afro urban inspired street wear fashion brand,-,Click Here,US
189,kcswaggershop.com,KC Swagger,-,Click Here,-
190,westsoundstudios.com,Westsound Studios,-,Click Here,US
191,mizarudsigns.com,We See No Evil - Only the best tshirt designs on the planet! At Mizaru – Mizaru Dsigns,-,Click Here,-
192,ratzaptshirt.com,Rat Zap Tshirt,-,Click Here,-
193,stationarynyc.com,STATIONARY NYC,-,Click Here,FR
194,mkegear.com,Milwaukee T-Shirt Company | Original Tshirt Designs Business – MKEgear,-,Click Here,US
195,cryptotshirt.com,Crypto T Shirts and Gear! Discounted Daily | Cryptotshirt.com,-,Click Here,US
196,racepunks.com,Race Cars Motorcycles Outlaws Motorsport Motos Racecraft Autos Tshirts – RACE PUNKS,-,Click Here,CA
197,wannahave.co,WannaHave Co – Wanna Have?,-,Click Here,LV
198,royalewithtees.net,Royale with Tees™ T-Shirts,-,Click Here,PA
199,vastorraps.com,VASTORRAPS – VastorRaps,-,Click Here,-
200,wodmerch.com,WODMerch: The Last Custom Tshirt Printer You'll Ever Need – southernmerch,-,Click Here,US
201,womanofhustle.com,Woman of Hustle,-,Click Here,-
202,valentinebennettstore.com,Valentine Bennett – Valentinebennettstore.com,-,Click Here,US
203,wtfushop.com,wake the f up | wtfushop.com – wtfu™,-,Click Here,-
204,sweetlittletees.com,sweetlittletees.com – Sweet Little Tees,-,Click Here,-
205,kickmerch.com,Kick Merch,-,Click Here,-
206,noveltees.shop,"NovelTees Tshirt Shop | Novelty, funny, cool designs for everyone – NovelTees Shop",-,Click Here,-
207,nextgeneration.racing,"Mx, Tshirt, supercross, apparel, kids clothes, onsies, hats, sticker's – Next Generation Racing",-,Click Here,-
208,osslogy.com,Osslogy,-,Click Here,-
209,opsolidgear.com,Op Solid Gear,-,Click Here,-
210,offensiveshirtco.com,Offensive Shirt Co. – Offensive Shirt co.,-,Click Here,-
211,vio-store.com,VIO Store | Unisex All Over Printing,-,Click Here,-
212,ujumbeapparel.com,Ujumbe - Apparel with a Message,-,Click Here,-
213,visioneriskateshop.com.au,Visioneri Skateshop,-,Click Here,-
214,thirdeyetshirts.com,ThirdEyeTshirts,-,Click Here,-
215,timetoshirt.com,TimetoShirt - Custom & Unique Tshirt Everyone Can Enjoy,-,Click Here,-
216,thewolfpackstore.com,Wolfpack Outdoors - TShirts by and for Adventure Seekers,-,Click Here,-
217,thebestcave.net,WannaHave Co – Wanna Have?,-,Click Here,-
218,thehair-t.com,Moisture Retention Hair Drying Tshirt – The Hair-T,-,Click Here,-
219,thegoodshepherdshirts.com,The Good Shepherd Shirts - THEGOODSHEPHERDSHIRTS.COM,-,Click Here,-
220,thenumbersuk.com,Birthday Outfit Gift Kids + Adults | Sweatshirt + Tshirt | The Numbers,-,Click Here,-
221,thetshirtshub.com,"BUY T-SHIRTS IN LAGOS, NIGERIA. ORDER TSHIRTS ONLINE ACROSS NIGERIA – THE TSHIRT HUB",-,Click Here,-
222,t-shirtshop.co,Custom Apparel | Design Your Own T-Shirt | Printing | – T-Shirt Shop,-,Click Here,-
223,tshirt-makers.com,T-Shirt Makers and Tees | T-Shirt Makers,-,Click Here,-
224,tshirtfor.mom,Funny Maternity Shirts | Unique Mom Tshirts | Gift Tshirt to Grandma,-,Click Here,-
225,tshirtgallery.ca,"T Shirt Gallery - Graphic TShirt Store Online, Custom, Cool Shirts",-,Click Here,-
226,tshirtharbor.com,Tshirt Harbor,-,Click Here,-
227,tshirtaf.net,tshirt AF,-,Click Here,-
228,tshirtbuy.com,Buy BEST printed tee|Incredible India theme – Tshirt Buy,-,Click Here,-
229,tshirtcache.com,TShirt Cache - Print Shirts Cheap | Licensed Graphic Tees – tshirtcache.com,-,Click Here,-
230,tshirtflava.com,T-Shirt Flva – Tshirt Flava,-,Click Here,-
231,tshirtinc.com,TShirt Inc,-,Click Here,-
232,tshirtlight.com,Tshirt Light,-,Click Here,-
233,tshirtsocietygroup.com,Tshirt Society Group,-,Click Here,-
234,tracker-tshirt.com,Crave For Ride – CraveForRide.com,-,Click Here,-
235,trail-tees.com,Trail Tees Clothing Company,-,Click Here,-
236,tees2u.com.au,Tees2U custom tshirt printing with no minimums! – tees2u,-,Click Here,-
237,tees4u.net,The Perfect Tshirt or Apparel Item For You and Your Specific Lifestyle – tees4u.net,-,Click Here,-
238,teesmarvel.com,Funny Tshirt – teesmarvel,-,Click Here,-
239,teefry.com,TEEFRY - Cool & Funny Tshirt Collection - Online Exclusives!,-,Click Here,-
240,teegearparadise.com,Tee & Gear Paradise Paradise,-,Click Here,-
241,teesforhumanity.com,Inspiring T-shirts with great designs on quality tees – TeesForHumanity,-,Click Here,-
242,theposhpearlapparelco.com,The Posh Pearl Apparel Co.,-,Click Here,-
243,thatsjustwrong.co,WannaHave Co – Wanna Have?,-,Click Here,-
244,thaus-tshirt.com,Team T HAÜS– T-Haus Co.,-,Click Here,-
245,thetshirtfan.com,Awesome T-Shirts and more for Awesome People!– The Tshirt Fan,-,Click Here,-
246,techstranger.com,Techstranger,-,Click Here,-
247,thecarolinawaybrand.com,The Carolina Way Brand,-,Click Here,-
248,thepeacefullcloset.com,"women's clothes, sweaters, fall outfit, graphic tshirt, tank tops",-,Click Here,-
249,thenerdcastle.net,Welcome to the NERD CASTLE – The Nerd Castle,-,Click Here,-
250,thecloths.com,Online Clothing Fashion Store for Men Women and Kids – TheCloths,-,Click Here,-
251,66andchange.com,Home – 66andchange,-,Click Here,-
252,kickcommission.com,KickCommission tshirt clothing graphic design streetwear urban,-,Click Here,-
