1,ultrafootball.com,Ultra Football,"261,667",Click Here,AU
2,sportsposterwarehouse.com,"The Sports Poster Warehouse - Worldwide Delivery, Greatest Selection","648,517",Click Here,-
3,badensports.com,Baden Sports,"789,589",Click Here,-
4,zorrojersey.com,ZorroJersey - The PRO Soccer Jersey Online Shop – zorrojersey,"796,164",Click Here,-
5,pelesoccer.com,"Pelé Soccer - Shop Soccer Cleats, Jerseys & Fan Gear Online","824,536",Click Here,PA
6,shopthornsfc.com,ShopThornsFC: The Official Store of the Portland Thorns – Portland Thorns FC Official Online Store,"827,548",Click Here,US
7,talismancaps.com,"Soccer Gear, Hats, Caps, Apparel, Tees | Talisman & Co.","892,941",Click Here,US
8,goalkicksoccer.com,Soccer Shop | Footwear Apparel Equipment Discount | Goal Kick Soccer,"966,033",Click Here,US
9,storelli.com,"Storelli Sports | Soccer gear to reduce injuries, improve performance","968,186",Click Here,US
10,saturdaysfootball.com,Saturday's Football Lifestyle Destination – Saturdays Football,"1,023,220",Click Here,US
11,classic11.com,Classic 11 Football Shirts | Original Vintage Jerseys,"1,118,413",Click Here,GB
12,beautiful90s.com,"Retro remakes, classic vintage soccer football jerseys and shirts– beautiful 90s","1,238,559",Click Here,GB
13,ruffneckscarves.com,"Custom scarves, soccer scarves and all sports scarves","1,458,657",Click Here,US
14,ultras.com,Ultras Soccer T-shirts Ultras Running Ultras Basketball Ultras Sports,"1,511,715",Click Here,-
15,footballgalaxy.com.au,Online Soccer Shop Australia | Football Galaxy,"1,544,857",Click Here,AU
16,tntsoccershop.com,"Look like a Pro, play like a Pro – TNT Soccer Shop","1,571,653",Click Here,US
17,streamhostiptv.net,Gears TV IPTV Live TV Streaming Hosting Service Best Rated For 2019– Gears TV IPTV Info,"1,588,764",Click Here,US
18,aviatasports.com,Aviata Sports - America's #1 Goalkeeper Specialist Brand - Inspiring and Innovating Keeper Culture,"1,594,746",Click Here,US
19,gazellesportssoccer.com,Gazelle Sports Soccer,"1,649,386",Click Here,US
20,detcityfcstore.com,Detroit City FC Online Store – Detroit City Football Club Store,"1,697,094",Click Here,US
21,duktigbrand.com,Duktig Brand – Duktig Brand,"1,987,703",Click Here,US
22,opengoaaalusa.com,Open Goaaal USA - Soccer Rebounder + Goal + Backstop ALL IN ONE,"2,063,938",Click Here,US
23,thekasenation.com,TheKaseNation,"2,073,023",Click Here,DE
24,lavinotintoshop.com,La Vinotinto Shop,"2,082,757",Click Here,US
25,soccersupplement.com,SOCCER SUPPLEMENT® | Footballer Performance - #UpYourGame,"2,175,060",Click Here,-
26,axsoccertours.com,"Professional Soccer Tryouts, Pro Soccer Tryouts, Soccer Agents","2,310,422",Click Here,US
27,soccerwearhouse.com,"Soccer Wearhouse | Soccer Cleats, Soccer Jerseys, Soccer Equipment...","2,377,336",Click Here,US
28,lettieboutique.com,Lettie Boutique,"2,390,209",Click Here,-
29,goalfive.com,Goal Five – The Soccer Apparel Brand For Her,"2,602,566",Click Here,US
30,sportslinkstore.com,Sports Link Store - Canadian soccer shop online,"2,674,864",Click Here,CA
31,tanglecreations.com,Tangle Creations | Innovative Toys & Sports Balls for all ages,"2,844,632",Click Here,US
32,trainlikeagirlsoccer.com,Train Like A Girl Soccer– Train Like A Girl Athletics,"2,910,908",Click Here,-
33,soccersource.com,"Soccer Source - Soccer uniforms, soccer goals, soccer equipment, SAQ.","3,042,316",Click Here,US
34,retrosyrarezas.com,Retros y Rarezas ( Nostalgia seller through football shirts.) – RetrosyRarezas,"3,050,434",Click Here,-
35,soccermomsshop.com,Soccer Moms Shop,"3,322,307",Click Here,-
36,c6agility.com,Handmade 100% Carbon Fiber Soccer / Football Gear – C6 Agility,"3,440,136",Click Here,US
37,xtremesocceronline.com,"Soccer Jerseys, Soccer Shoes, Soccer balls and all soccer needs.– Xtreme Soccer","3,459,596",Click Here,US
38,diadorasoccer.com,Diadora | DiadoraSoccer.com The Official USA Site | Shop Now – Diadora Soccer,"3,474,977",Click Here,US
39,cleansheet.co,Clean Sheet Co. ★ Passionate apparel.,"3,601,649",Click Here,-
40,sakproject.com,SAK Project - Performance Gear,"3,697,056",Click Here,-
41,soccerbreakersfc.com,Soccer Breakers FC,"3,734,233",Click Here,US
42,bbolder.com,Headbands for women and men by Bolder Band Headbands,"3,916,386",Click Here,US
43,sendaathletics.com,Senda Athletics | Fair Trade Soccer and Futsal Balls,"3,949,698",Click Here,US
44,footballshoponline.com,"Football Gifts, Soccer Gifts - Football Shop Online – FootballShopOnline","3,950,991",Click Here,-
45,eastcoastsoccershop.com,East Coast Soccer Shop,"3,965,837",Click Here,US
46,golme.com,Portable Soccer Goals | Soccer Nets | GOLME,"4,137,381",Click Here,US
47,alphaprimesports.com,Alpha Prime Sports,"4,646,601",Click Here,US
48,centrumleisure.com,Centrum Leisure - Singapore Home Leisure Super Store,"4,785,659",Click Here,US
49,ficollection.com,FI Collection – Fi Collection,"5,121,424",Click Here,CA
50,shawslittleleague.com,"Shaws Little League Sport for Kids | Multisport programmes, camps and leagues in Singapore","5,175,910",Click Here,-
51,citysoccerp.com,City Soccer Plus - Toronto - Soccer Footwear and Equipment Specialists,"5,183,461",Click Here,CA
52,9ballsindia.com,"Pool Table,Snooker Table,Billiard Table,Foosball Table,Table Tennis – 9BallsIndia","5,213,691",Click Here,IN
53,fireathletic.com,Fire Athletic - Custom Uniforms - Made In USA – FireAthletic,"5,383,772",Click Here,CA
54,gamedaymouthguards.com.au,"Gameday Mouthguards - Australian Made, Custom Mouthguards","5,473,453",Click Here,-
55,hauffsports.com,Hauff Sports – HauffSports,"5,694,436",Click Here,-
56,zumersport.com,Zumer Sport - Unique Products made from actual sport ball materials,"5,790,152",Click Here,-
57,benditsoccer.com,Bend-It Soccer,"5,993,721",Click Here,US
58,kingsprotection.com,Kings Pro | Soccer Custom Shin Guards,"6,024,148",Click Here,-
59,scarfracks.com,ScarfRacks.com | Display Racks for Your Soccer Scarf Collection,"6,028,801",Click Here,US
60,disalvosports.com,"Come see us, you'll find everything for soccer – Disalvo Sports","6,106,528",Click Here,-
61,montasoccer.com,MONTA STREET – MONTA Street,"6,187,583",Click Here,NL
62,thetopref.com,Quality Referee Products – The Top Ref,"6,391,559",Click Here,-
63,proshopfc.com,Top quality Jerseys Lowest Price Available,"6,677,595",Click Here,-
64,leaderheadgear.com,www.leaderheadgear.com – LDR Headgear LLC,"6,746,264",Click Here,US
65,wearechance.com,"Buy Basketballs, Footballs, Soccer Balls and Volleyballs | Chance","6,914,012",Click Here,US
66,maccabiart.com,Maccabi Art - Premier League Soccer Fan Shop & NBA ball bags,"7,028,370",Click Here,US
67,thaifutbol.com,Thai Futbol | #1 Online Sports Store for Thai League Soccer Fans,"7,152,107",Click Here,-
68,bumpypitch.com,Bumpy Pitch,"7,167,076",Click Here,US
69,vintagesoccerjersey.com,CLASSIC FOOTBALL JERSEY CENTER – vintage soccer jersey,"7,581,965",Click Here,-
70,brillasoccer.org,Brilla Soccer Ministries,"7,610,673",Click Here,US
71,onthevolleyapparel.com,On The Volley Apparel,"7,746,801",Click Here,-
72,lawngames.com,Giant Chess - Giant Outdoor Games – LawnGames,"7,842,299",Click Here,US
73,beinsoccer.com,"Selling soccer jerseys, soccer shoes, soccer balls, goalkeeper gear","7,914,595",Click Here,US
74,floridanetcompany.com,Professional Sports Netting & Equipment | Golf Baseball Tennis Soccer – Florida Net Company,"8,011,982",Click Here,US
75,shosholozasport.com,Sports Equipment – Shosholoza Sport,"8,092,710",Click Here,-
76,vbcityfc.com,"Virginia Beach City FC | Professional Soccer Club of Hampton Roads, VA – Nexus Street Sports, LLC","8,394,668",Click Here,US
77,optcool.com,optcool.com | shop sporting goods online | one-stop sports platform,"8,532,125",Click Here,-
78,allstarcasebreaks.com,Allstarcasebreaks All Star Sports Cards Box Team Group Case Breaks – All Star Case Breaks,"8,542,533",Click Here,CA
79,custom-team-jerseys.com,Custom Team Jerseys | Custom Soccer Uniforms | custom jerseys – M-W Sports,"8,864,279",Click Here,CN
80,playfutchi.com,Play Futchi® - The Ultimate Social Soccer Game,"9,074,715",Click Here,US
81,reedswain.com,Reedswain Soccer DVDs and Books,"9,167,362",Click Here,US
82,bouncerball.com,"Bouncer Ball | Bubble Soccer Balls for Sale, Bumper Ball","9,200,113",Click Here,-
83,officialsdepot.com,Officials Depot | Referee & Umpire Apparel | Free Shipping +$99,"9,410,863",Click Here,-
84,antiguasportsco.com,"Best Soccer fan products. Soccer Jerseys, Keychains, and player figure – Elastico Jersey","9,427,532",Click Here,-
85,soccersportfitness.ca,Soccer Sport Fitness,"9,464,862",Click Here,-
86,sportsflags.com,Sportsflags.com Your source flags & banners for all major sports teams – SportsFlags.com,"9,792,299",Click Here,CA
87,all-sportsarena.com,All Sports Arena - The Tampa Bay area's premier sports arena.,"9,849,886",Click Here,US
88,soccersnapbacks.com,Soccer Snapbacks - Get your head in the game!,"9,938,357",Click Here,-
89,sportsutopiasg.com,Sports Utopia SG - Compression Tights,"10,419,429",Click Here,-
90,gollygirls.com,Golly Girls,"10,648,993",Click Here,US
91,podiumaxsports.com,"PodiuMax | Soccer Goal, Golf Net & More Sports Netting Equipment – PodiuMax.com","10,796,574",Click Here,US
92,wondershade.com,Ultimate Wondershade Umbrella,"10,860,488",Click Here,US
93,futbolartistnetwork.com,Futbol Artist Network,"10,905,825",Click Here,US
94,footballzero.com,"Sports Clothing: Football Clothes, Soccer Jerseys | Football Zero","10,925,984",Click Here,-
95,uncannyapparel.com,"Premier League Soccer, Arsenal, Manchester T-Shirts and Snapbacks– Uncanny Apparel","11,760,198",Click Here,-
96,futbolr.com,Futbolr Clothing • Where Soccer Meets Fashion,"11,811,914",Click Here,-
97,allsportswallart.com,All Sports Wall Art | All Sports Wall Art,"11,825,560",Click Here,CA
98,daynadesigns.com,Dayna Designs - Designer Sterling Silver Jewelry,"11,942,562",Click Here,US
99,fcsoccer.shop,"Wholesale Custom Soccer Team Uniforms, Jerseys, Shorts, Socks, Numbers – Fc Soccer Uniforms","12,156,638",Click Here,US
100,tlstrophies.com,"TL's trophies, Trophies, Medallions – TL's Trophies & Collectibles","12,302,414",Click Here,-
101,soccer1337.com,Soccer1337,"12,727,160",Click Here,-
102,perfectfitsoccer.com,Perfect Fit Soccer,"12,773,743",Click Here,US
103,ubersoccerusa.com,Soccer Equipment - Soccer Balls - Soccer Skills Training Videos – UberSoccerUSA,"12,961,635",Click Here,US
104,rubberfloor.com,Synthetic Turf & Artificial Turf by Athletic Textiles,"13,004,394",Click Here,US
105,grandheadbands.com,"Football Headbands, Running Headbands and Sports Headbands – Grand Headbands","13,163,863",Click Here,AU
106,haventheboutique.com,Haven Boutique located in the heart of the Hudson Valley!,"13,333,239",Click Here,-
107,bubblebumpsoccer.com,Bubble Soccer Balls | Battle Balls | Bubble Balls | Knockerball – Bubble Bump Soccer,"14,160,129",Click Here,US
108,trainerdoc.com,Trainerdoc / Perfect Kick Trainer / Kick some Balls – TrainerDoc,"14,519,776",Click Here,-
109,shopfcedmonton.com,FC Edmonton Online Store - shopfcedmonton.com,"14,638,284",Click Here,-
110,wobblrs.com,Wobblrs | Wobblrs,"14,666,658",Click Here,US
111,allthewaylivestore.com,PREMIER CUSTOM APPAREL AND SPORTING GOODS – All The Way Live Designs,"15,163,092",Click Here,US
112,soccerjerseynumbers.com,SoccerJerseyNumbers.com – Soccer jersey numbers by SUPER SOCCER - heat transfer do it yourself DIY vinyl numbers,"15,188,126",Click Here,US
113,benditfutbol.com,BEND-IT® FÚTBOL,"15,303,403",Click Here,US
114,aludesign.us,"Display Cases for Golf Ball, Baseball, Football, Soccer Ball, Hockey","15,565,903",Click Here,-
115,sportzonesandiego.com,"Eat, Sleep, Play Soccer - Soccer For Life – Sport Zone","15,604,604",Click Here,US
116,hollandsoccerclubs.com,Welcome to the Holland Soccer Club Website!,"15,607,971",Click Here,-
117,prosportaustralia.com.au,PROSPORT APPAREL and EQUIPMENT AUSTRALIA – Prosport Apparel and Equipment,"15,983,486",Click Here,-
118,giantmart.com,Sports Netting Gymnastic Mats Wall Padding Soccer Goal – Giantmart.com,"16,009,555",Click Here,US
119,ghsoccerstore.com,Granada Hills Soccer Store – GH Soccer Store,"16,025,372",Click Here,CA
120,atouchoffun.com,"A Touch of Fun - Unique Products, Low Prices","16,431,761",Click Here,US
121,ppssoccergear.com,Pacific Premier Sports,"16,465,912",Click Here,-
122,sportsparentgear.com,Sports Parent Gear-Clothing & Accessories for sports parents,"16,809,201",Click Here,-
123,thetrainingtriangle.com,The Training Triangle Home,"17,767,676",Click Here,-
124,renegade-gk.com,Renegade GK - Soccer Goalkeeper Gloves for Goalies of All Levels,"17,851,648",Click Here,US
125,etsathleteapp.com,Elite Training Systems Athlete APP,"18,775,487",Click Here,CA
126,mytradingcards.co.uk,"Online Collectable, Panini Football, Sports card and Kids trading card – My Trading Cards","19,012,503",Click Here,-
127,soccerminis.com,SoccerMinis™ – Soccer Minis,"19,262,964",Click Here,US
128,believeandtrain.com,BELIEVE&TRAIN - Sports medal hangers & bib holders for athletes,"19,456,088",Click Here,-
129,hyrulesolutions.com,HyRule Solutions hyrule swag hyrule solutions hyrule,"19,850,843",Click Here,US
130,soccer-empire.com,Soccer - Life fast Play Soccer - Everything regardind Soccer – Soccer Empire,-,Click Here,CA
131,states.soccer,STATES SOCCER – States Soccer,-,Click Here,-
132,gearup.soccer,Gear Up Soccer,-,Click Here,-
133,soccer-triads.co.uk,Soccer Triads Discount Cheap Football Shirts,-,Click Here,-
134,soccer-first.co.uk,Soccer First - Home of Affordable football kits,-,Click Here,-
135,elevenstreetwear.com,Eleven Streetwear | Soccer Lifestyle Apparel,-,Click Here,US
136,siouxsoccer.com,siouxsoccer.com – Sioux Soccer,-,Click Here,CA
137,thesocceremporium.com,The Soccer Emporium - For all your soccer needs – Soccer Jersey Emporium,-,Click Here,-
138,dynamitesoccer.net,Dynamite Soccer - Soccer Equipment and Soccer Training Gear,-,Click Here,US
139,soccervideos.com,"Soccer Videos, Soccer Coaching Downloads and Soccer Books from SLS- Soccer learning Systems",-,Click Here,US
140,britanniasoccerpark.com,Britannia Soccer Park | Home of BVB IA - Houston,-,Click Here,US
141,passionsoccer.ca,Passion Soccer | Magasin d'Article de Soccer,-,Click Here,-
142,soccerstarplayer.com,"Best Soccer Players ,figures Become! Benefit of our Big Collection – Soccer Star Player",-,Click Here,MA
143,soccercart.com,"Selling soccer jerseys, soccer shoes, soccer balls, goalkeeper gear",-,Click Here,US
144,socceriqshop.com,Soccer iQ Shop - home to cool clothes and best-selling soccer books.,-,Click Here,-
145,tursissoccer.com,Tursi Soccer-Portland's Original Soccer Store – Tursi Soccer Store,-,Click Here,-
146,chrisobiacademy.com,Chris Obi Soccer Academy - Developmental Academy for Youths – Chris obi Soccer Academy,-,Click Here,US
147,profootballgroup.com,Want To Improve Your Soccer/Football Skills With the Latest Equipment?,-,Click Here,AU
148,soxprousa.com,SOX PRO ANTI SLIP PERFORMANCE SOCCER FOOTBALL VOLLEYBAL TRUE GRIP – SoxProUSA,-,Click Here,US
149,villagesoccershop.com,"A Soccer & Lifestyle Joint. Located in Tarrytown, New York. – The Village Soccer Shop",-,Click Here,-
150,thesoccerboxco.com,The Soccer Box Co. | Soccer essentials to survive and thrive – The Soccer Box Company,-,Click Here,-
151,unitedworldsoccer.com,"Pelé Soccer - Shop Soccer Cleats, Jerseys & Fan Gear Online",-,Click Here,US
152,amazoccer.com,Soccer Corner Store– My Soccer Corner,-,Click Here,-
153,atsoccercamps.co.uk,Football holiday camps for children | After school soccer clubs – AT Soccer Camps,-,Click Here,-
154,fusesoccer.com,Fuse Soccer Camp with Universal Orlando Resort and Celtic FC,-,Click Here,GB
155,laligasoccer.ca,Winnipeg's Premier Soccer Shop | La Liga Soccer,-,Click Here,-
156,soccerbasement.com,Soccer Basement - Australia's Online Shop for Soccer & Football things,-,Click Here,AU
157,marvelsoccer.com,Marvel Soccer | Marvel Soccer - North Atlanta's newest soccer destination!,-,Click Here,-
158,reedswainsoccer.com,Reedswain Soccer DVDs and Books,-,Click Here,US
159,mitre-sports.com.au,Mitre Sports Australia | Buy Soccer balls online,-,Click Here,-
160,onestopsoccer.com,ALL YOUR SOCCER NEEDS – 1 STOP SOCCER,-,Click Here,-
161,myworldapparel.com,Authentic Soccer Clothing and Designs - Original Soccer Apparel – My World Apparel,-,Click Here,-
162,youthsoccerplans.com,Youth Soccer Drills for All Ages of Youth Soccer at YouthSoccerPlans.com,-,Click Here,-
163,topsoccerdrillsessentials.com,Top Soccer Drills – Tons Of Soccer Resources,-,Click Here,-
164,fftwdevelopment.com,"Soccer Camp & Skills Training|Waterloo, Kitchener, Cambridge & Paris – FFTW Development",-,Click Here,CA
165,12soccercase.com,the BEST soccer phone case– 12soccercase,-,Click Here,-
166,12soccertee.com,12Soccertee | Unique Soccer T-Shirts– 12 Soccer Tee,-,Click Here,-
167,footyhooks.ca,FootyHooks - the easy way to hang a soccer net!,-,Click Here,-
168,futbolgoods.com,futbolgoods online store. futbol. soccer. football. – futbol store,-,Click Here,US
169,scyslstore.org,Santa Clara Youth Soccer League,-,Click Here,CA
170,hemdsoccer.com,HEMD | Smart Soccer Tees,-,Click Here,-
171,scoremoregoals.com,Soccer shooting target for any goal - ScoreMore,-,Click Here,US
172,goassistsports.com,Assist Sports - Instructional Soccer Ball,-,Click Here,US
173,evason.co,Buy Soccer Apparel Online - Pay Later with Afterpay - Evason,-,Click Here,AU
174,parkssc.com,PARKSSC | NYC | SOCCER CAN CHANGE THE WORLD – PARK SSC / NYC,-,Click Here,US
175,plexsoccershop.com,Summit City Soccer Shop – The Plex,-,Click Here,US
176,playerstribune.store,vintage soccer jeseys – Vintage-Jerseys,-,Click Here,-
177,soccerjerseycheap.com,Cheap Soccer Jersey | FIFA • Premier League • and more,-,Click Here,US
178,soccermanual.com,"SoccerManual - Made For Soccer Fans, By Soccer Fans",-,Click Here,-
179,sokadiski.co.za,Shop Soccer Teamwear & Equipment Online – Soka Diski,-,Click Here,-
180,redsharksoccershop.com,Soccer Shop – The Red Shark Soccer Shop,-,Click Here,US
181,mpsports.com.au,MP Sports – Mamba Soccer Ball – Open Goaaal Soccer Net,-,Click Here,-
182,yoursoccerandmore.com,Soccer & More of Orland Park,-,Click Here,-
183,troopwear.com,TroopWear - Performance Wear for Every Soccer Athlete.,-,Click Here,-
184,themamaluna.com,"Toddler Soccer Jerseys, Maternity Dresses & Breastfeeding Clothing – The Mama Luna",-,Click Here,-
185,fcbolausa.com,The Most Influential Soccer Ball | FC BOLA,-,Click Here,-
186,defutsoccer.com,DE FÚT SOCCER CO. | Iconic look. Modern feel.,-,Click Here,US
187,factorsox.com,Factor | Soccer socks styled for play,-,Click Here,US
188,jag-soccer.com,JAG soccer,-,Click Here,-
189,footballsoccerfanstore.com,Football Soccer Fan Store,-,Click Here,US
190,foreversoccerjerseys.com,Shop Authentic Soccer Jerseys and Shirts - Match Worn and Player Issue – foreversoccerjerseys,-,Click Here,-
191,dgelusive.com,DG3 Soccer,-,Click Here,-
192,g17.co,Soccer Canvas Prints – Graphics 17,-,Click Here,-
193,jerseymerkado.ca,Official Team Kits - Football Jerseys - Soccer Shirts | Jersey Merkado,-,Click Here,-
194,bend-it.net,Bend-It Soccer,-,Click Here,US
195,benditsoccer.info,Bend-It Soccer,-,Click Here,US
196,benditsoccer.org,Bend-It Soccer,-,Click Here,US
197,joegoes.com,JoeGoes Soccer - Love the Double Diamond 24/7,-,Click Here,US
198,heroeleven.com,Hero Eleven Sports - Premium Soccer Goalkeeper Gloves,-,Click Here,-
199,eeehputo.com,Soccer With a Social Kick !– EEEHPUTO,-,Click Here,US
200,encadrementdechandail.com,"Encadrement de chandails de Hockey, Baseball, Football, Soccer, etc. – Encadrement de Chandail",-,Click Here,CA
201,hinchafc.com,Original soccer art celebrating the Beautiful Game – Hincha FC,-,Click Here,CA
202,breakawayfootball.com,Breakaway Football - #1 Place For Soccer Training equipment,-,Click Here,-
203,bubblefun.co.nz,Bubble Fun NZ : Bubble Soccer – bubblefun,-,Click Here,-
204,centurysoccer.com,Century Soccer,-,Click Here,US
205,lbfutbol.com,Premium Soccer Lifestyle Apparel and Accessories | Live Breathe Futbol,-,Click Here,US
206,leakydefense.com,Leaky Defense – Urinal Screen Soccer Goals,-,Click Here,-
207,pandemicsoccer.com,"Pandemic Soccer | T-shirts, Stickers, Sweatshirts and more.",-,Click Here,US
208,campeoncorp.com,Soccer Specialty,-,Click Here,-
209,soccerjersey.ga,Soccer Jersey,-,Click Here,-
210,soccerfanatics.us,Soccer Fanatics USA Store,-,Click Here,-
211,soccerpoint.ml,Soccer Point,-,Click Here,-
212,soccerstreamonline.com,Soccer Stream Online,-,Click Here,US
213,lobobrandcompany.com,Soccer themed apparel – Lobo Brand Company,-,Click Here,US
214,soccercentral.com.au,Soccer Central,-,Click Here,-
215,soccerhighlightpro.com,Soccer Highlight Pro,-,Click Here,US
216,soccerking-store.com,"Футболни обувки, бутонки, стоножки, дрехи – Soccer King Store - АДДИКТЕД-3 ЕООД",-,Click Here,-
217,soccertracksuits.com,100% authentic soccer tracksuits | Clubs and national teams – SoccerTracksuits.com,-,Click Here,IT
218,livebreathefutbol.com,Premium Soccer Lifestyle Apparel and Accessories | Live Breathe Futbol,-,Click Here,US
219,lfcgadgets.com,Unofficial Liverpool FC Gifts Store Best Soccer Prints,-,Click Here,PA
220,songorotrading.com,Soccer Specialty,-,Click Here,-
221,practigoal.com,Portable Soccer Goals – PractiGOAL,-,Click Here,US
222,warsoe.com.au,Warsoe Australia I Either Dream Or DO I Soccer Balls I Apparel,-,Click Here,-
223,realfootballusa.net,REALFOOTBALLUSA.NET - Only the best soccer apparel,-,Click Here,-
224,myfootyboots.com.au,Football Boots & Cheap Soccer Cleats | MyFootyBoots.com.au,-,Click Here,-
225,rososoccerclub.com,ROSO Soccer Club,-,Click Here,US
226,whistlersports.ca,Whistler Sports - Canada's Soccer Referee Online Super Store,-,Click Here,-
227,onesoccerkits.com,ONE Soccer Kits,-,Click Here,-
228,officialworldsoccershop.com,Bend-It Soccer,-,Click Here,-
229,xreff.com,XREFF - A soccer culture born center field & resides off-field – Xreff,-,Click Here,-
230,thesoccernuts.com,TheSoccerNuts.com - Extremely Soft and Comfortable Soccer T-Shirts,-,Click Here,-
231,theterraceclubco.com,The Terrace Club Soccer Subscription Box Service,-,Click Here,-
232,taktifol.com.au,"Taktifol Fire, Soccer Coaching, Football Whiteboard, Basketball Whiteboard, Ice Hockey Whiteboard-Taktifol",-,Click Here,-
233,theretrosoccerlocker.com,Buy Vintage Football Jerseys Online | Retro Soccer Shirts & Tops – the-retrosoccerlocker,-,Click Here,-
234,thesockit.com,The SOCKIT | Soccer Training Tool | The Sockit - Learn to kick better and have fun.,-,Click Here,-
235,thesidekik.com,The Sidekik - Soccer with a whole new twist!,-,Click Here,-
236,awaretee.com,Best Quality Basketball Football Soccer Sports Gear for all ages – Aware Tee,-,Click Here,-
237,soccergrlprobs.com,soccergrlprobs,-,Click Here,US
238,shopgrc.com,Shop GRC – Middletown South Sports Online Store,-,Click Here,-
239,socrateesshirt.club,SocraTees Shirt Club – Socratees Shirt Club,-,Click Here,US
240,falsenine.com,WELCOME TO FALSENINE- A FOOTBALL BOUTIQUE – falsenine.myshopify.com,-,Click Here,US
241,forzasportsacademy.com,Forza Sports Academy Austin San Antonio – ForzaSportsAcademy,-,Click Here,US
242,jess.org,Jess Sports - Athletic Equipment,-,Click Here,-
243,giantkillingunited.com,Giant Killing United,-,Click Here,CA
244,aztecjersey.com,Aztec Jersey – AztecJersey,-,Click Here,-
245,calidosoapparel.com,Calidoso Apparel,-,Click Here,US
246,breakawayfashions.com,Breakaway Fashions - Girls Sports Jerseys and Uniforms,-,Click Here,US
247,homeofstreetfootball.com,"Pannahouse, Home of Street Football Culture",-,Click Here,DK
248,parkssc.com.au,PARK SSC,-,Click Here,-
249,playsoccergolf.com,Soccergolf | The best indoor/outdoor game that won't break your house,-,Click Here,US
250,cocomosoul.com,Cocomo Soul - Sports Fan Accessories!,-,Click Here,US
251,crackfc.com,Crack Football,-,Click Here,CA
252,squaredlimited.com,Squared Limited,-,Click Here,-
253,reflodge.com,RefLodge,-,Click Here,CA
254,strikefirstlsb.com,Strike First - Overdrive & High Passion– Strike First LSB,-,Click Here,US
255,vbsandsoccerstore.com,Sand Soccer | Virginia Beach – Sand-Soccer-MSP,-,Click Here,US
256,womensinternationalsoccershop.com,WOMENS INTERNATIONAL SOCCER SHOP – womens-international-soccer-shop.com,-,Click Here,US
257,northernfootballapparel.ca,Northern Football Apparel,-,Click Here,-
258,ngasoccer.pt,Site oficial da NGA SOCCER | NGA SOCCER,-,Click Here,-
259,zeussports.com.au,Zeus Sports Australia. Sports Apparel – Zeus Sports Apparel,-,Click Here,-
260,urbanfootballer.com,Urban Footballer,-,Click Here,-
261,netherfielddesigns.com,Netherfield Designs,-,Click Here,-
262,youthbaseballplans.com,"Youth Baseball Drills - Coaching Aids, Practice Plans, & Tips at YouthBaseballPlans.com",-,Click Here,-
263,thisissoccerworld.com,Share the love of soccer– This is Soccer World,-,Click Here,-
264,bltzpro.com,Bltzpro Fitness,-,Click Here,-
265,aeriformsports.com,Aeriform Sports,-,Click Here,US
266,416athletics.com,416 Athletics,-,Click Here,-
267,afroduckies.com,Afro Duckies T-Shirt Company– Afro-Duckies,-,Click Here,CA
268,defy.ie,Defy Sports Apparel,-,Click Here,-
269,thegamefacecompany.com,THE GAMEFACE COMPANY – The GameFace Company,-,Click Here,US
270,syntheticturf.com,Synthetic Turf & Artificial Turf by Athletic Textiles,-,Click Here,US
271,coachdeck.com,"CoachDeck | CoachDeck - coaching drills, coaching sports, and coaching advice",-,Click Here,US
272,advantagesportsupply.com,"Advantage Sport Supply, LLC",-,Click Here,US
273,1soccerlibrary.com,1 soccer library,-,Click Here,-
274,fantreasures.com,"Sports Apparel, Football, Jerseys, Sports Fan Gear, Sports Clothing – Fan Treasures",-,Click Here,US
275,footymarket.com,Footy Market,-,Click Here,-
276,footballsoccerfansunited.com,Football Soccer Fans United - your World Cup Sneaker World,-,Click Here,ES
277,beantowntshirts.com,BeantownTshirts | Baseball | Basketball | Football | Hockey | Soccer,-,Click Here,US
278,footzone.ca,FootZone Soccer,-,Click Here,-
279,anchorsmart.com,"AnchorSmart - Ground Anchors for Aircraft, Tree, sheds and more! – AnchorsMart",-,Click Here,US
280,forgottenfootballshirts.co.uk,Forgotten Football Shirts,-,Click Here,-
281,fitchicheadbands.com,"Fit Chic Headbands, the original fashionable and sporty headbands.",-,Click Here,US
282,bankshotbilliards.com,Bank Shot Billiards,-,Click Here,US
283,insideoutsidefun.com,Inside Outside Fun,-,Click Here,US
284,flagcollars.com,FlagCollars | Dog Collars | Cat Collars | Leashes | Country Flag Design | USMC,-,Click Here,US
285,gameface.sg,Gameface | Singapore's Top Hoverboard & Foosball Tables Online Store,-,Click Here,-
286,junoleggings.com,Fun and sexy yoga Leggings: variety of unique and hard to find prints – Juno Leggings,-,Click Here,US
287,belmontcarpark.co.uk,"Belmont Car Park, Durham Industrial Estate Car Park.",-,Click Here,-
288,futballersfc.com,Futballers F.C,-,Click Here,-
289,dribblegoal.com,Dribble&Goal | Football Jerseys and more!,-,Click Here,-
290,bownetsports.ca,Bownet Sports Canada,-,Click Here,-
291,getbouncemax.com,BounceMax Supplement to improve vertical jump,-,Click Here,US
292,gekosports.com,Custom made Soccer Uniforms – gekosports.com,-,Click Here,US
293,blitzsports.com.au,Perth local sporting goods store located SOR. FAST Delivery AU Wide. – Blitz Sports,-,Click Here,-
294,gearstviptv.com,Gears TV IPTV Live TV Streaming Hosting Service Best Rated For 2019– Gears TV IPTV Info,-,Click Here,-
295,blingbowlove.com,Bow Bling Love - Bows for every sport - Cheer bows and more – Bling Bow Love,-,Click Here,-
296,gemlightsgifts.com,GemLights Gifts – gemlights gifts,-,Click Here,-
297,bodycheksportsessentials.com,Body Chek Sports Essentials | Field Kits for Athletes,-,Click Here,US
298,hosoccer-france.fr,HO Soccer France,-,Click Here,-
299,houseofcollectables.com.au,House Of Collectables – House of Collectables,-,Click Here,-
300,shopcharlotteindependence.com,Charlotte Independence,-,Click Here,-
301,hyathletic.com,World's best technically innovative sports products for all athletes,-,Click Here,-
302,californiasportsandcyclery.com,California Sporting Goods Belmont San Carlos Redwood City San Mateo – californiasports,-,Click Here,US
303,brio-sports.com,"Brio Sports Uniforms Beachwear, Boardshorts, sublimated uniforms",-,Click Here,US
304,briansportingoods.com,Your one stop shop for Baseball & Softball & other sports gear – BRIAN'S SPORTING GOODS,-,Click Here,US
305,lecoureur.com,Le Coureur | Magasin de Sport et Course à pied,-,Click Here,-
306,shoenorth.ca,Shoe North,-,Click Here,-
307,personalizedandfast.com,Personalized Gifts Anniversary Baptism Marines Navy Plaques– PERSONALIZEDandFAST,-,Click Here,US
308,legeaaustralia.com.au,Legea Australia | Technical Sportswear,-,Click Here,-
309,legendscase.com,Legends cases– legendscase,-,Click Here,US
310,pentiainnovations.com,Sideline Pak The first multi use convertible pak with 5 purposes – Pentia Innovations,-,Click Here,US
311,champstop.us,ChampStop – ChampStop US,-,Click Here,-
312,everythingfootgolf.net,Everything Footgolf - #1 Source for all things Footgolf,-,Click Here,PA
313,lakerswear.com,Lakers Apparel,-,Click Here,US
314,pairformance.com,Pairformance.com,-,Click Here,US
315,passionsoccerkeepers.ca,Passion Soccer Keeper,-,Click Here,-
316,shoeskins.com.au,Shoeskins - Home of Cleatskins Australia and New Zealand,-,Click Here,-
317,caseloco.com,CaseLoco.com The Best Phone Cases! – Caseloco.com,-,Click Here,GR
318,shopthedandylion.com,The Dandy Lion,-,Click Here,-
319,matchtape.com.au,Match Tape Australia,-,Click Here,-
320,pixartsy.com,PixArtsy | Pretty Rad Posters,-,Click Here,US
321,playakicks.com,PlayaKicks Soccer,-,Click Here,US
322,soccerfansgiveaway.com,Soccer Fans Shop,-,Click Here,-
323,soccerclasico.com,Classic Football Mobile Phone Cases - Soccer Clasico,-,Click Here,-
324,soccernerds.com,Soccer Nerd,-,Click Here,US
325,soccertunel.com,Soccer Tunel,-,Click Here,-
326,soccerchik.com,SoccerChik by Laura Velasquez– SoccerChik LLC,-,Click Here,US
327,soccerkicks.com.au,Soccer Kicks,-,Click Here,-
328,soccersupplement.ch,SOCCER SUPPLEMENT® Schweiz #UpYourGame,-,Click Here,-
329,soccersupplement.com.mt,Soccer Supplement Malta,-,Click Here,-
330,mcdeestees.com,McDees Tees - T-shirts and apparel for those who love sports,-,Click Here,US
331,soccer-shop.net,"FUSSBALLz - Onlineshop für Hobbyfußballer, Kreisligaspieler und Profis | FUSSBALLz",-,Click Here,-
332,soccerware.co,Soccerware | Soccer Bag Backpack and Gear,-,Click Here,US
333,coachandplaysoccer.com,The best card game – Coach and Play Soccer,-,Click Here,CH
334,coachgordonsoccer.com,Coach Gordon Soccer,-,Click Here,US
335,livebreathefutbol.co.uk,Premium Soccer Apparel & Accessories | Live Breathe Futbol U.K. – LIVE BREATHE FUTBOL UK,-,Click Here,-
336,silhosports.com,"Silhosport Outdoor Clothing, Sports, T-Shirts",-,Click Here,-
337,maltesehockey.ca,Maltese Sports - A Leader in Innovative Sports equipment — Maltese Sports Canada - A Leader in Protective Sports Equipment,-,Click Here,-
338,cjmbros.com,C.J.M. Bros,-,Click Here,-
339,chrismimi-deporte.com,Chris&Mimi Deporte – Chrismimi Deporte,-,Click Here,-
340,pillowshack.com,Personalized Sports Pillows Basketball Cheerleading Volleyball & more – The Pillowshack,-,Click Here,US
341,sportswholesale.co.nz,Sports Wholesale New Zealand - Ball sports boxing to camping & darts,-,Click Here,-
342,sportymama.ca,You deserve it!– Sportymama.ca,-,Click Here,-
343,sportsreplay.ca,Sports Replay - Sports Excellence! New Used Consign Rent Sports Gear,-,Click Here,-
344,sportsprosexpress.com,Sports Pros Express,-,Click Here,US
345,sportgearplus.com,HUMMEL-JOMA-REUSCH-SNOOZIES-SPORT GEAR PLUS – SportGearPlus,-,Click Here,US
346,sportsarmour.co.nz,Sports Armour New Zealand – Sports Armour NZ,-,Click Here,-
347,sportsarmour.net.au,Sports Armour Australia,-,Click Here,-
348,craftfootball.co,CRFT - Craft Football Co. – CRFT Football Co.,-,Click Here,PA
349,sportsdepot.co.nz,Sports Wholesale New Zealand - Ball sports boxing to camping & darts,-,Click Here,-
350,sportsperformancestore.com.au,Sports Performance Store | Sports Performance Store - Cycling-Golf-Tennis-Baseball-Fishing,-,Click Here,-
351,sportyslaps.com,Sporty Slaps Soccer Bracelets,-,Click Here,CA
352,micksimmons.com.au,Mick Simmons Sport Online Fan Store,-,Click Here,-
353,spencermoeller.com,Spencer Moeller - Inspiring The Next Generation of Athletes,-,Click Here,PA
354,minitrofeus.com.br,MiniTroféus– MiniTrofeus,-,Click Here,-
355,spruceathletic.com,Spruce Athletic | High Quality Pop Up Soccer Goals,-,Click Here,US
356,squadsocks.com,Squad Socks,-,Click Here,US
357,somossoccer.com,Somos Soccer,-,Click Here,CA
358,pozessionsports.com,Pozession Sports - Equipment and Training Gear for Coaches,-,Click Here,US
359,prane-paris.com,Prane Paris | Streetwear and Football Shirt Culture,-,Click Here,-
360,sogoodlyapparel.com,So Goodly Apparel,-,Click Here,US
361,portugaltshirts.com,PORTUGAL T-Shirt Portuguese Flag Coat Arms Soccer Custom Clothing gift – Portugal T-Shirts,-,Click Here,-
362,coopssportswear.com,Coops Sportswear | White Bear Lake Custom Apparel,-,Click Here,US
363,cookiesclosetllc.com,Cookie's Closet LLC custom clothing for everyone– Cookiesclosetllc,-,Click Here,-
364,montecinosphilately.com,"Montecinos Philately- Stamps, Coins & Autographed Photos",-,Click Here,US
365,mommaduckcouture.com,Mommaduck Couture,-,Click Here,-
366,stylzzwear.com,Welcome to Stylzz Wear – stylzz wear (WWW.STYLZZWEAR.COM),-,Click Here,-
367,retrorepublica.com,FIFA World Cup soccer football jerseys kits– Retro Republica,-,Click Here,-
368,rgglovesusa.com,"The Best website for Goalkeepers ,the best gloves",-,Click Here,CY
369,repmywayapparel.com,"Rep My Way Apparel, souvenir clothing for diehard proud people.",-,Click Here,US
370,keepaere.com,Goalkeeper Gloves – keepaere.com,-,Click Here,US
371,keeperexclusive.com,Keeper Exclusive,-,Click Here,-
372,sunpartnersco.com,"Sun&Partners Store: Sport Style - Soccer, Basketball, Fitness, Boxing",-,Click Here,-
373,summitvistafitness.com,Summit Vista Fitness,-,Click Here,US
374,raisingastar.com,Sports Moms Jewelry- Baseball Necklace Bracelet Decal Shirt– Raising A Star,-,Click Here,US
375,cu-kids.co.uk,Cambridge United Kids,-,Click Here,-
376,razalife.com,Raza Paintball – RazaLife,-,Click Here,-
377,razzyroo.com,RazzyRoo Headbands,-,Click Here,-
378,vefapparel.com,Vive El Fút,-,Click Here,-
379,mygreatestplay.ca,My Greatest Play Clothing,-,Click Here,-
380,worldsoccerfootballshop.com,World Soccer Football Shop – www.worldsoccerfootballshop.com,-,Click Here,-
381,roughinit.com,Roughin It | Sports and Outdoors Hunting Hiking Fishing Camping – Roughin It Sports And Outdoors,-,Click Here,US
382,wyomingofficialsgear.com,Wyoming Officials Gear - wyomingofficialsgear.com – Wyoming Official's Gear,-,Click Here,-
383,rugbyforge.com,RF Custom,-,Click Here,-
384,ruffie.com.au,Ruffie | Welcome to Ruffie,-,Click Here,-
385,worldcupwarehouse.co,One-stop World Cup shop. – World Cup Warehouse,-,Click Here,-
386,rush1080.com.au,1080 Sprint power speed rugby union rugby league resistance overspeed– rush1080,-,Click Here,-
387,rukket.com,Rukket Sports,-,Click Here,-
388,rinatsport.us,Rinat USA,-,Click Here,-
389,superballdry.com,SuperBallDry® :: Athletic Sports Supplier,-,Click Here,-
390,kidssportstees.com,T-Shirts For Kids Who Love Sports – Kidssportstees.com,-,Click Here,-
391,khailsport.com,Khail Sport,-,Click Here,-
392,kickpack.sg,World's 1st Cardboard Foosball Table | Table Soccer & Tennis Singapore,-,Click Here,-
393,kixcards.com,KIXcards.com home of the KIX football card game – KIX football cards,-,Click Here,-
394,kizazi.com,Kizazi: Awaken the Game.,-,Click Here,-
395,swimandsportshop.com,Your home for stylish activewear! Look good on and Off the court!,-,Click Here,-
396,zumoe.com,"Decorated cases for mouth guards, retainers or pacifiers – Zumoe Cases",-,Click Here,-
397,noveltycases.com,"Novelty Cases - Soccer, Football iPhone Cases",-,Click Here,-
398,norcalhobbyshop.com,NorCalHobbyShop,-,Click Here,-
399,ngasoccerusa.com,No Goals Against – NGA Soccer USA,-,Click Here,-
400,nigerianstore.com,NigerianStore,-,Click Here,-
401,onelifeathletic.com,1 Life Athletic Alpha Reps Apparel,-,Click Here,-
402,ocscshop.com,Orange County Soccer Shop,-,Click Here,-
403,vintagesports.com,"Vintage Sports - Shop Vintage Sports Fashion, Gear and Memorabilia",-,Click Here,-
404,universaldialect.com,Universal Dialect - Performance Apparel for Life's Daily Adventures,-,Click Here,-
405,victury.com,VICTURY Sports. Train Without Limits.,-,Click Here,-
406,vintagepitch.com,Vintage Pitch Apparel THE PITCH IS ALIVE,-,Click Here,-
407,tigrescup.mx,SATX Youth Soccer League,-,Click Here,-
408,throwbackjerseys.com,THROWBACK JERSEYS®– Throwback Jerseys,-,Click Here,-
409,thrive-football.com,Thrive Football - Your Ticket to Total Player Optimization,-,Click Here,-
410,tobenumberone.com,Custom Team Jerseys | Custom Soccer Uniforms | custom jerseys – M-W Sports,-,Click Here,-
411,tonyspredeman.com,Tony Spredeman - TonySpredeman.com,-,Click Here,-
412,timeoutsports.ca,"North Vancouver Hockey Store, Sports Gear & Apparel | Time Out Sports",-,Click Here,-
413,tinyteams.com.au,traditional interactive table top sports games for kids and the family,-,Click Here,-
414,thejuvestory.com,The Juventus Story Film – THE JUVENTUS STORY,-,Click Here,-
415,thesoccerempire.com,"The Soccer Empire, LLC",-,Click Here,-
416,the90plus.com,The 90+ Minute Shop - The best and most unique football cases EVER.,-,Click Here,-
417,thesixtshirts.com,theSixTshirts | Baseball | Basketball | Football | Hockey | Soccer,-,Click Here,-
418,thepropsclub.ca,The Props' Club – The Prop's Club,-,Click Here,-
419,tuffsox.com,TuffSox - Beach Sox – Tuff Sox,-,Click Here,-
420,tuquerouge.ca,Tuque Rouge Apparel Company,-,Click Here,-
421,trendsettersvolleyballstore.com,"We sell fun sports apparel, accessories and gear at great prices. – Trendsetters Volleyball Store",-,Click Here,-
422,tenplusone.co,Ten+One,-,Click Here,-
423,teeshirtmaster.com,"Tee Shirt Master Tee shirts T-shirts,hoodies,coffee mugs,watches,long",-,Click Here,-
424,theklitch.com,Klitch,-,Click Here,-
425,thesleeveman.com,Compression Arm Sleeves – The Sleeve Man,-,Click Here,-
426,thecititeam.com,The Citi Team “Connecting People And Places” – Citi Team Apparel Company,-,Click Here,-
427,tactixnotebooks.com,Tactix Notebooks,-,Click Here,-
428,outdoorandchill.com,Outdoor and Chill – outdoorandchill.com,-,Click Here,-
429,thenashcollection.com,The NASH Collection,-,Click Here,-
430,themancavepillow.com,The Authentic ManCave Pillow®– The Man Cave Pillow,-,Click Here,-
431,thesoccerfm.com,SoccerFM – SoccerFm,-,Click Here,-
432,klitch.co,Klitch,-,Click Here,-
433,maciescustombows.com,Monogrammed Boutique Hair Bows – Macie's Custom Bows,-,Click Here,-
1,ultrafootball.com,Ultra Football,"261,667",Click Here,AU
2,sportsposterwarehouse.com,"The Sports Poster Warehouse - Worldwide Delivery, Greatest Selection","648,517",Click Here,-
3,badensports.com,Baden Sports,"789,589",Click Here,-
4,zorrojersey.com,ZorroJersey - The PRO Soccer Jersey Online Shop – zorrojersey,"796,164",Click Here,-
5,pelesoccer.com,"Pelé Soccer - Shop Soccer Cleats, Jerseys & Fan Gear Online","824,536",Click Here,PA
6,shopthornsfc.com,ShopThornsFC: The Official Store of the Portland Thorns – Portland Thorns FC Official Online Store,"827,548",Click Here,US
7,talismancaps.com,"Soccer Gear, Hats, Caps, Apparel, Tees | Talisman & Co.","892,941",Click Here,US
8,goalkicksoccer.com,Soccer Shop | Footwear Apparel Equipment Discount | Goal Kick Soccer,"966,033",Click Here,US
9,storelli.com,"Storelli Sports | Soccer gear to reduce injuries, improve performance","968,186",Click Here,US
10,saturdaysfootball.com,Saturday's Football Lifestyle Destination – Saturdays Football,"1,023,220",Click Here,US
11,classic11.com,Classic 11 Football Shirts | Original Vintage Jerseys,"1,118,413",Click Here,GB
12,beautiful90s.com,"Retro remakes, classic vintage soccer football jerseys and shirts– beautiful 90s","1,238,559",Click Here,GB
13,ruffneckscarves.com,"Custom scarves, soccer scarves and all sports scarves","1,458,657",Click Here,US
14,ultras.com,Ultras Soccer T-shirts Ultras Running Ultras Basketball Ultras Sports,"1,511,715",Click Here,-
15,footballgalaxy.com.au,Online Soccer Shop Australia | Football Galaxy,"1,544,857",Click Here,AU
16,tntsoccershop.com,"Look like a Pro, play like a Pro – TNT Soccer Shop","1,571,653",Click Here,US
17,streamhostiptv.net,Gears TV IPTV Live TV Streaming Hosting Service Best Rated For 2019– Gears TV IPTV Info,"1,588,764",Click Here,US
18,aviatasports.com,Aviata Sports - America's #1 Goalkeeper Specialist Brand - Inspiring and Innovating Keeper Culture,"1,594,746",Click Here,US
19,gazellesportssoccer.com,Gazelle Sports Soccer,"1,649,386",Click Here,US
20,detcityfcstore.com,Detroit City FC Online Store – Detroit City Football Club Store,"1,697,094",Click Here,US
21,duktigbrand.com,Duktig Brand – Duktig Brand,"1,987,703",Click Here,US
22,opengoaaalusa.com,Open Goaaal USA - Soccer Rebounder + Goal + Backstop ALL IN ONE,"2,063,938",Click Here,US
23,thekasenation.com,TheKaseNation,"2,073,023",Click Here,DE
24,lavinotintoshop.com,La Vinotinto Shop,"2,082,757",Click Here,US
25,soccersupplement.com,SOCCER SUPPLEMENT® | Footballer Performance - #UpYourGame,"2,175,060",Click Here,-
26,axsoccertours.com,"Professional Soccer Tryouts, Pro Soccer Tryouts, Soccer Agents","2,310,422",Click Here,US
27,soccerwearhouse.com,"Soccer Wearhouse | Soccer Cleats, Soccer Jerseys, Soccer Equipment...","2,377,336",Click Here,US
28,lettieboutique.com,Lettie Boutique,"2,390,209",Click Here,-
29,goalfive.com,Goal Five – The Soccer Apparel Brand For Her,"2,602,566",Click Here,US
30,sportslinkstore.com,Sports Link Store - Canadian soccer shop online,"2,674,864",Click Here,CA
31,tanglecreations.com,Tangle Creations | Innovative Toys & Sports Balls for all ages,"2,844,632",Click Here,US
32,trainlikeagirlsoccer.com,Train Like A Girl Soccer– Train Like A Girl Athletics,"2,910,908",Click Here,-
33,soccersource.com,"Soccer Source - Soccer uniforms, soccer goals, soccer equipment, SAQ.","3,042,316",Click Here,US
34,retrosyrarezas.com,Retros y Rarezas ( Nostalgia seller through football shirts.) – RetrosyRarezas,"3,050,434",Click Here,-
35,soccermomsshop.com,Soccer Moms Shop,"3,322,307",Click Here,-
36,c6agility.com,Handmade 100% Carbon Fiber Soccer / Football Gear – C6 Agility,"3,440,136",Click Here,US
37,xtremesocceronline.com,"Soccer Jerseys, Soccer Shoes, Soccer balls and all soccer needs.– Xtreme Soccer","3,459,596",Click Here,US
38,diadorasoccer.com,Diadora | DiadoraSoccer.com The Official USA Site | Shop Now – Diadora Soccer,"3,474,977",Click Here,US
39,cleansheet.co,Clean Sheet Co. ★ Passionate apparel.,"3,601,649",Click Here,-
40,sakproject.com,SAK Project - Performance Gear,"3,697,056",Click Here,-
41,soccerbreakersfc.com,Soccer Breakers FC,"3,734,233",Click Here,US
42,bbolder.com,Headbands for women and men by Bolder Band Headbands,"3,916,386",Click Here,US
43,sendaathletics.com,Senda Athletics | Fair Trade Soccer and Futsal Balls,"3,949,698",Click Here,US
44,footballshoponline.com,"Football Gifts, Soccer Gifts - Football Shop Online – FootballShopOnline","3,950,991",Click Here,-
45,eastcoastsoccershop.com,East Coast Soccer Shop,"3,965,837",Click Here,US
46,golme.com,Portable Soccer Goals | Soccer Nets | GOLME,"4,137,381",Click Here,US
47,alphaprimesports.com,Alpha Prime Sports,"4,646,601",Click Here,US
48,centrumleisure.com,Centrum Leisure - Singapore Home Leisure Super Store,"4,785,659",Click Here,US
49,ficollection.com,FI Collection – Fi Collection,"5,121,424",Click Here,CA
50,shawslittleleague.com,"Shaws Little League Sport for Kids | Multisport programmes, camps and leagues in Singapore","5,175,910",Click Here,-
51,citysoccerp.com,City Soccer Plus - Toronto - Soccer Footwear and Equipment Specialists,"5,183,461",Click Here,CA
52,9ballsindia.com,"Pool Table,Snooker Table,Billiard Table,Foosball Table,Table Tennis – 9BallsIndia","5,213,691",Click Here,IN
53,fireathletic.com,Fire Athletic - Custom Uniforms - Made In USA – FireAthletic,"5,383,772",Click Here,CA
54,gamedaymouthguards.com.au,"Gameday Mouthguards - Australian Made, Custom Mouthguards","5,473,453",Click Here,-
55,hauffsports.com,Hauff Sports – HauffSports,"5,694,436",Click Here,-
56,zumersport.com,Zumer Sport - Unique Products made from actual sport ball materials,"5,790,152",Click Here,-
57,benditsoccer.com,Bend-It Soccer,"5,993,721",Click Here,US
58,kingsprotection.com,Kings Pro | Soccer Custom Shin Guards,"6,024,148",Click Here,-
59,scarfracks.com,ScarfRacks.com | Display Racks for Your Soccer Scarf Collection,"6,028,801",Click Here,US
60,disalvosports.com,"Come see us, you'll find everything for soccer – Disalvo Sports","6,106,528",Click Here,-
61,montasoccer.com,MONTA STREET – MONTA Street,"6,187,583",Click Here,NL
62,thetopref.com,Quality Referee Products – The Top Ref,"6,391,559",Click Here,-
63,proshopfc.com,Top quality Jerseys Lowest Price Available,"6,677,595",Click Here,-
64,leaderheadgear.com,www.leaderheadgear.com – LDR Headgear LLC,"6,746,264",Click Here,US
65,wearechance.com,"Buy Basketballs, Footballs, Soccer Balls and Volleyballs | Chance","6,914,012",Click Here,US
66,maccabiart.com,Maccabi Art - Premier League Soccer Fan Shop & NBA ball bags,"7,028,370",Click Here,US
67,thaifutbol.com,Thai Futbol | #1 Online Sports Store for Thai League Soccer Fans,"7,152,107",Click Here,-
68,bumpypitch.com,Bumpy Pitch,"7,167,076",Click Here,US
69,vintagesoccerjersey.com,CLASSIC FOOTBALL JERSEY CENTER – vintage soccer jersey,"7,581,965",Click Here,-
70,brillasoccer.org,Brilla Soccer Ministries,"7,610,673",Click Here,US
71,onthevolleyapparel.com,On The Volley Apparel,"7,746,801",Click Here,-
72,lawngames.com,Giant Chess - Giant Outdoor Games – LawnGames,"7,842,299",Click Here,US
73,beinsoccer.com,"Selling soccer jerseys, soccer shoes, soccer balls, goalkeeper gear","7,914,595",Click Here,US
74,floridanetcompany.com,Professional Sports Netting & Equipment | Golf Baseball Tennis Soccer – Florida Net Company,"8,011,982",Click Here,US
75,shosholozasport.com,Sports Equipment – Shosholoza Sport,"8,092,710",Click Here,-
76,vbcityfc.com,"Virginia Beach City FC | Professional Soccer Club of Hampton Roads, VA – Nexus Street Sports, LLC","8,394,668",Click Here,US
77,optcool.com,optcool.com | shop sporting goods online | one-stop sports platform,"8,532,125",Click Here,-
78,allstarcasebreaks.com,Allstarcasebreaks All Star Sports Cards Box Team Group Case Breaks – All Star Case Breaks,"8,542,533",Click Here,CA
79,custom-team-jerseys.com,Custom Team Jerseys | Custom Soccer Uniforms | custom jerseys – M-W Sports,"8,864,279",Click Here,CN
80,playfutchi.com,Play Futchi® - The Ultimate Social Soccer Game,"9,074,715",Click Here,US
81,reedswain.com,Reedswain Soccer DVDs and Books,"9,167,362",Click Here,US
82,bouncerball.com,"Bouncer Ball | Bubble Soccer Balls for Sale, Bumper Ball","9,200,113",Click Here,-
83,officialsdepot.com,Officials Depot | Referee & Umpire Apparel | Free Shipping +$99,"9,410,863",Click Here,-
84,antiguasportsco.com,"Best Soccer fan products. Soccer Jerseys, Keychains, and player figure – Elastico Jersey","9,427,532",Click Here,-
85,soccersportfitness.ca,Soccer Sport Fitness,"9,464,862",Click Here,-
86,sportsflags.com,Sportsflags.com Your source flags & banners for all major sports teams – SportsFlags.com,"9,792,299",Click Here,CA
87,all-sportsarena.com,All Sports Arena - The Tampa Bay area's premier sports arena.,"9,849,886",Click Here,US
88,soccersnapbacks.com,Soccer Snapbacks - Get your head in the game!,"9,938,357",Click Here,-
89,sportsutopiasg.com,Sports Utopia SG - Compression Tights,"10,419,429",Click Here,-
90,gollygirls.com,Golly Girls,"10,648,993",Click Here,US
91,podiumaxsports.com,"PodiuMax | Soccer Goal, Golf Net & More Sports Netting Equipment – PodiuMax.com","10,796,574",Click Here,US
92,wondershade.com,Ultimate Wondershade Umbrella,"10,860,488",Click Here,US
93,futbolartistnetwork.com,Futbol Artist Network,"10,905,825",Click Here,US
94,footballzero.com,"Sports Clothing: Football Clothes, Soccer Jerseys | Football Zero","10,925,984",Click Here,-
95,uncannyapparel.com,"Premier League Soccer, Arsenal, Manchester T-Shirts and Snapbacks– Uncanny Apparel","11,760,198",Click Here,-
96,futbolr.com,Futbolr Clothing • Where Soccer Meets Fashion,"11,811,914",Click Here,-
97,allsportswallart.com,All Sports Wall Art | All Sports Wall Art,"11,825,560",Click Here,CA
98,daynadesigns.com,Dayna Designs - Designer Sterling Silver Jewelry,"11,942,562",Click Here,US
99,fcsoccer.shop,"Wholesale Custom Soccer Team Uniforms, Jerseys, Shorts, Socks, Numbers – Fc Soccer Uniforms","12,156,638",Click Here,US
100,tlstrophies.com,"TL's trophies, Trophies, Medallions – TL's Trophies & Collectibles","12,302,414",Click Here,-
101,soccer1337.com,Soccer1337,"12,727,160",Click Here,-
102,perfectfitsoccer.com,Perfect Fit Soccer,"12,773,743",Click Here,US
103,ubersoccerusa.com,Soccer Equipment - Soccer Balls - Soccer Skills Training Videos – UberSoccerUSA,"12,961,635",Click Here,US
104,rubberfloor.com,Synthetic Turf & Artificial Turf by Athletic Textiles,"13,004,394",Click Here,US
105,grandheadbands.com,"Football Headbands, Running Headbands and Sports Headbands – Grand Headbands","13,163,863",Click Here,AU
106,haventheboutique.com,Haven Boutique located in the heart of the Hudson Valley!,"13,333,239",Click Here,-
107,bubblebumpsoccer.com,Bubble Soccer Balls | Battle Balls | Bubble Balls | Knockerball – Bubble Bump Soccer,"14,160,129",Click Here,US
108,trainerdoc.com,Trainerdoc / Perfect Kick Trainer / Kick some Balls – TrainerDoc,"14,519,776",Click Here,-
109,shopfcedmonton.com,FC Edmonton Online Store - shopfcedmonton.com,"14,638,284",Click Here,-
110,wobblrs.com,Wobblrs | Wobblrs,"14,666,658",Click Here,US
111,allthewaylivestore.com,PREMIER CUSTOM APPAREL AND SPORTING GOODS – All The Way Live Designs,"15,163,092",Click Here,US
112,soccerjerseynumbers.com,SoccerJerseyNumbers.com – Soccer jersey numbers by SUPER SOCCER - heat transfer do it yourself DIY vinyl numbers,"15,188,126",Click Here,US
113,benditfutbol.com,BEND-IT® FÚTBOL,"15,303,403",Click Here,US
114,aludesign.us,"Display Cases for Golf Ball, Baseball, Football, Soccer Ball, Hockey","15,565,903",Click Here,-
115,sportzonesandiego.com,"Eat, Sleep, Play Soccer - Soccer For Life – Sport Zone","15,604,604",Click Here,US
116,hollandsoccerclubs.com,Welcome to the Holland Soccer Club Website!,"15,607,971",Click Here,-
117,prosportaustralia.com.au,PROSPORT APPAREL and EQUIPMENT AUSTRALIA – Prosport Apparel and Equipment,"15,983,486",Click Here,-
118,giantmart.com,Sports Netting Gymnastic Mats Wall Padding Soccer Goal – Giantmart.com,"16,009,555",Click Here,US
119,ghsoccerstore.com,Granada Hills Soccer Store – GH Soccer Store,"16,025,372",Click Here,CA
120,atouchoffun.com,"A Touch of Fun - Unique Products, Low Prices","16,431,761",Click Here,US
121,ppssoccergear.com,Pacific Premier Sports,"16,465,912",Click Here,-
122,sportsparentgear.com,Sports Parent Gear-Clothing & Accessories for sports parents,"16,809,201",Click Here,-
123,thetrainingtriangle.com,The Training Triangle Home,"17,767,676",Click Here,-
124,renegade-gk.com,Renegade GK - Soccer Goalkeeper Gloves for Goalies of All Levels,"17,851,648",Click Here,US
125,etsathleteapp.com,Elite Training Systems Athlete APP,"18,775,487",Click Here,CA
126,mytradingcards.co.uk,"Online Collectable, Panini Football, Sports card and Kids trading card – My Trading Cards","19,012,503",Click Here,-
127,soccerminis.com,SoccerMinis™ – Soccer Minis,"19,262,964",Click Here,US
128,believeandtrain.com,BELIEVE&TRAIN - Sports medal hangers & bib holders for athletes,"19,456,088",Click Here,-
129,hyrulesolutions.com,HyRule Solutions hyrule swag hyrule solutions hyrule,"19,850,843",Click Here,US
130,soccer-empire.com,Soccer - Life fast Play Soccer - Everything regardind Soccer – Soccer Empire,-,Click Here,CA
131,states.soccer,STATES SOCCER – States Soccer,-,Click Here,-
132,gearup.soccer,Gear Up Soccer,-,Click Here,-
133,soccer-triads.co.uk,Soccer Triads Discount Cheap Football Shirts,-,Click Here,-
134,soccer-first.co.uk,Soccer First - Home of Affordable football kits,-,Click Here,-
135,elevenstreetwear.com,Eleven Streetwear | Soccer Lifestyle Apparel,-,Click Here,US
136,siouxsoccer.com,siouxsoccer.com – Sioux Soccer,-,Click Here,CA
137,thesocceremporium.com,The Soccer Emporium - For all your soccer needs – Soccer Jersey Emporium,-,Click Here,-
138,dynamitesoccer.net,Dynamite Soccer - Soccer Equipment and Soccer Training Gear,-,Click Here,US
139,soccervideos.com,"Soccer Videos, Soccer Coaching Downloads and Soccer Books from SLS- Soccer learning Systems",-,Click Here,US
140,britanniasoccerpark.com,Britannia Soccer Park | Home of BVB IA - Houston,-,Click Here,US
141,passionsoccer.ca,Passion Soccer | Magasin d'Article de Soccer,-,Click Here,-
142,soccerstarplayer.com,"Best Soccer Players ,figures Become! Benefit of our Big Collection – Soccer Star Player",-,Click Here,MA
143,soccercart.com,"Selling soccer jerseys, soccer shoes, soccer balls, goalkeeper gear",-,Click Here,US
144,socceriqshop.com,Soccer iQ Shop - home to cool clothes and best-selling soccer books.,-,Click Here,-
145,tursissoccer.com,Tursi Soccer-Portland's Original Soccer Store – Tursi Soccer Store,-,Click Here,-
146,chrisobiacademy.com,Chris Obi Soccer Academy - Developmental Academy for Youths – Chris obi Soccer Academy,-,Click Here,US
147,profootballgroup.com,Want To Improve Your Soccer/Football Skills With the Latest Equipment?,-,Click Here,AU
148,soxprousa.com,SOX PRO ANTI SLIP PERFORMANCE SOCCER FOOTBALL VOLLEYBAL TRUE GRIP – SoxProUSA,-,Click Here,US
149,villagesoccershop.com,"A Soccer & Lifestyle Joint. Located in Tarrytown, New York. – The Village Soccer Shop",-,Click Here,-
150,thesoccerboxco.com,The Soccer Box Co. | Soccer essentials to survive and thrive – The Soccer Box Company,-,Click Here,-
151,unitedworldsoccer.com,"Pelé Soccer - Shop Soccer Cleats, Jerseys & Fan Gear Online",-,Click Here,US
152,amazoccer.com,Soccer Corner Store– My Soccer Corner,-,Click Here,-
153,atsoccercamps.co.uk,Football holiday camps for children | After school soccer clubs – AT Soccer Camps,-,Click Here,-
154,fusesoccer.com,Fuse Soccer Camp with Universal Orlando Resort and Celtic FC,-,Click Here,GB
155,laligasoccer.ca,Winnipeg's Premier Soccer Shop | La Liga Soccer,-,Click Here,-
156,soccerbasement.com,Soccer Basement - Australia's Online Shop for Soccer & Football things,-,Click Here,AU
157,marvelsoccer.com,Marvel Soccer | Marvel Soccer - North Atlanta's newest soccer destination!,-,Click Here,-
158,reedswainsoccer.com,Reedswain Soccer DVDs and Books,-,Click Here,US
159,mitre-sports.com.au,Mitre Sports Australia | Buy Soccer balls online,-,Click Here,-
160,onestopsoccer.com,ALL YOUR SOCCER NEEDS – 1 STOP SOCCER,-,Click Here,-
161,myworldapparel.com,Authentic Soccer Clothing and Designs - Original Soccer Apparel – My World Apparel,-,Click Here,-
162,youthsoccerplans.com,Youth Soccer Drills for All Ages of Youth Soccer at YouthSoccerPlans.com,-,Click Here,-
163,topsoccerdrillsessentials.com,Top Soccer Drills – Tons Of Soccer Resources,-,Click Here,-
164,fftwdevelopment.com,"Soccer Camp & Skills Training|Waterloo, Kitchener, Cambridge & Paris – FFTW Development",-,Click Here,CA
165,12soccercase.com,the BEST soccer phone case– 12soccercase,-,Click Here,-
166,12soccertee.com,12Soccertee | Unique Soccer T-Shirts– 12 Soccer Tee,-,Click Here,-
167,footyhooks.ca,FootyHooks - the easy way to hang a soccer net!,-,Click Here,-
168,futbolgoods.com,futbolgoods online store. futbol. soccer. football. – futbol store,-,Click Here,US
169,scyslstore.org,Santa Clara Youth Soccer League,-,Click Here,CA
170,hemdsoccer.com,HEMD | Smart Soccer Tees,-,Click Here,-
171,scoremoregoals.com,Soccer shooting target for any goal - ScoreMore,-,Click Here,US
172,goassistsports.com,Assist Sports - Instructional Soccer Ball,-,Click Here,US
173,evason.co,Buy Soccer Apparel Online - Pay Later with Afterpay - Evason,-,Click Here,AU
174,parkssc.com,PARKSSC | NYC | SOCCER CAN CHANGE THE WORLD – PARK SSC / NYC,-,Click Here,US
175,plexsoccershop.com,Summit City Soccer Shop – The Plex,-,Click Here,US
176,playerstribune.store,vintage soccer jeseys – Vintage-Jerseys,-,Click Here,-
177,soccerjerseycheap.com,Cheap Soccer Jersey | FIFA • Premier League • and more,-,Click Here,US
178,soccermanual.com,"SoccerManual - Made For Soccer Fans, By Soccer Fans",-,Click Here,-
179,sokadiski.co.za,Shop Soccer Teamwear & Equipment Online – Soka Diski,-,Click Here,-
180,redsharksoccershop.com,Soccer Shop – The Red Shark Soccer Shop,-,Click Here,US
181,mpsports.com.au,MP Sports – Mamba Soccer Ball – Open Goaaal Soccer Net,-,Click Here,-
182,yoursoccerandmore.com,Soccer & More of Orland Park,-,Click Here,-
183,troopwear.com,TroopWear - Performance Wear for Every Soccer Athlete.,-,Click Here,-
184,themamaluna.com,"Toddler Soccer Jerseys, Maternity Dresses & Breastfeeding Clothing – The Mama Luna",-,Click Here,-
185,fcbolausa.com,The Most Influential Soccer Ball | FC BOLA,-,Click Here,-
186,defutsoccer.com,DE FÚT SOCCER CO. | Iconic look. Modern feel.,-,Click Here,US
187,factorsox.com,Factor | Soccer socks styled for play,-,Click Here,US
188,jag-soccer.com,JAG soccer,-,Click Here,-
189,footballsoccerfanstore.com,Football Soccer Fan Store,-,Click Here,US
190,foreversoccerjerseys.com,Shop Authentic Soccer Jerseys and Shirts - Match Worn and Player Issue – foreversoccerjerseys,-,Click Here,-
191,dgelusive.com,DG3 Soccer,-,Click Here,-
192,g17.co,Soccer Canvas Prints – Graphics 17,-,Click Here,-
193,jerseymerkado.ca,Official Team Kits - Football Jerseys - Soccer Shirts | Jersey Merkado,-,Click Here,-
194,bend-it.net,Bend-It Soccer,-,Click Here,US
195,benditsoccer.info,Bend-It Soccer,-,Click Here,US
196,benditsoccer.org,Bend-It Soccer,-,Click Here,US
197,joegoes.com,JoeGoes Soccer - Love the Double Diamond 24/7,-,Click Here,US
198,heroeleven.com,Hero Eleven Sports - Premium Soccer Goalkeeper Gloves,-,Click Here,-
199,eeehputo.com,Soccer With a Social Kick !– EEEHPUTO,-,Click Here,US
200,encadrementdechandail.com,"Encadrement de chandails de Hockey, Baseball, Football, Soccer, etc. – Encadrement de Chandail",-,Click Here,CA
201,hinchafc.com,Original soccer art celebrating the Beautiful Game – Hincha FC,-,Click Here,CA
202,breakawayfootball.com,Breakaway Football - #1 Place For Soccer Training equipment,-,Click Here,-
203,bubblefun.co.nz,Bubble Fun NZ : Bubble Soccer – bubblefun,-,Click Here,-
204,centurysoccer.com,Century Soccer,-,Click Here,US
205,lbfutbol.com,Premium Soccer Lifestyle Apparel and Accessories | Live Breathe Futbol,-,Click Here,US
206,leakydefense.com,Leaky Defense – Urinal Screen Soccer Goals,-,Click Here,-
207,pandemicsoccer.com,"Pandemic Soccer | T-shirts, Stickers, Sweatshirts and more.",-,Click Here,US
208,campeoncorp.com,Soccer Specialty,-,Click Here,-
209,soccerjersey.ga,Soccer Jersey,-,Click Here,-
210,soccerfanatics.us,Soccer Fanatics USA Store,-,Click Here,-
211,soccerpoint.ml,Soccer Point,-,Click Here,-
212,soccerstreamonline.com,Soccer Stream Online,-,Click Here,US
213,lobobrandcompany.com,Soccer themed apparel – Lobo Brand Company,-,Click Here,US
214,soccercentral.com.au,Soccer Central,-,Click Here,-
215,soccerhighlightpro.com,Soccer Highlight Pro,-,Click Here,US
216,soccerking-store.com,"Футболни обувки, бутонки, стоножки, дрехи – Soccer King Store - АДДИКТЕД-3 ЕООД",-,Click Here,-
217,soccertracksuits.com,100% authentic soccer tracksuits | Clubs and national teams – SoccerTracksuits.com,-,Click Here,IT
218,livebreathefutbol.com,Premium Soccer Lifestyle Apparel and Accessories | Live Breathe Futbol,-,Click Here,US
219,lfcgadgets.com,Unofficial Liverpool FC Gifts Store Best Soccer Prints,-,Click Here,PA
220,songorotrading.com,Soccer Specialty,-,Click Here,-
221,practigoal.com,Portable Soccer Goals – PractiGOAL,-,Click Here,US
222,warsoe.com.au,Warsoe Australia I Either Dream Or DO I Soccer Balls I Apparel,-,Click Here,-
223,realfootballusa.net,REALFOOTBALLUSA.NET - Only the best soccer apparel,-,Click Here,-
224,myfootyboots.com.au,Football Boots & Cheap Soccer Cleats | MyFootyBoots.com.au,-,Click Here,-
225,rososoccerclub.com,ROSO Soccer Club,-,Click Here,US
226,whistlersports.ca,Whistler Sports - Canada's Soccer Referee Online Super Store,-,Click Here,-
227,onesoccerkits.com,ONE Soccer Kits,-,Click Here,-
228,officialworldsoccershop.com,Bend-It Soccer,-,Click Here,-
229,xreff.com,XREFF - A soccer culture born center field & resides off-field – Xreff,-,Click Here,-
230,thesoccernuts.com,TheSoccerNuts.com - Extremely Soft and Comfortable Soccer T-Shirts,-,Click Here,-
231,theterraceclubco.com,The Terrace Club Soccer Subscription Box Service,-,Click Here,-
232,taktifol.com.au,"Taktifol Fire, Soccer Coaching, Football Whiteboard, Basketball Whiteboard, Ice Hockey Whiteboard-Taktifol",-,Click Here,-
233,theretrosoccerlocker.com,Buy Vintage Football Jerseys Online | Retro Soccer Shirts & Tops – the-retrosoccerlocker,-,Click Here,-
234,thesockit.com,The SOCKIT | Soccer Training Tool | The Sockit - Learn to kick better and have fun.,-,Click Here,-
235,thesidekik.com,The Sidekik - Soccer with a whole new twist!,-,Click Here,-
236,awaretee.com,Best Quality Basketball Football Soccer Sports Gear for all ages – Aware Tee,-,Click Here,-
237,soccergrlprobs.com,soccergrlprobs,-,Click Here,US
238,shopgrc.com,Shop GRC – Middletown South Sports Online Store,-,Click Here,-
239,socrateesshirt.club,SocraTees Shirt Club – Socratees Shirt Club,-,Click Here,US
240,falsenine.com,WELCOME TO FALSENINE- A FOOTBALL BOUTIQUE – falsenine.myshopify.com,-,Click Here,US
241,forzasportsacademy.com,Forza Sports Academy Austin San Antonio – ForzaSportsAcademy,-,Click Here,US
242,jess.org,Jess Sports - Athletic Equipment,-,Click Here,-
243,giantkillingunited.com,Giant Killing United,-,Click Here,CA
244,aztecjersey.com,Aztec Jersey – AztecJersey,-,Click Here,-
245,calidosoapparel.com,Calidoso Apparel,-,Click Here,US
246,breakawayfashions.com,Breakaway Fashions - Girls Sports Jerseys and Uniforms,-,Click Here,US
247,homeofstreetfootball.com,"Pannahouse, Home of Street Football Culture",-,Click Here,DK
248,parkssc.com.au,PARK SSC,-,Click Here,-
249,playsoccergolf.com,Soccergolf | The best indoor/outdoor game that won't break your house,-,Click Here,US
250,cocomosoul.com,Cocomo Soul - Sports Fan Accessories!,-,Click Here,US
251,crackfc.com,Crack Football,-,Click Here,CA
252,squaredlimited.com,Squared Limited,-,Click Here,-
253,reflodge.com,RefLodge,-,Click Here,CA
254,strikefirstlsb.com,Strike First - Overdrive & High Passion– Strike First LSB,-,Click Here,US
255,vbsandsoccerstore.com,Sand Soccer | Virginia Beach – Sand-Soccer-MSP,-,Click Here,US
256,womensinternationalsoccershop.com,WOMENS INTERNATIONAL SOCCER SHOP – womens-international-soccer-shop.com,-,Click Here,US
257,northernfootballapparel.ca,Northern Football Apparel,-,Click Here,-
258,ngasoccer.pt,Site oficial da NGA SOCCER | NGA SOCCER,-,Click Here,-
259,zeussports.com.au,Zeus Sports Australia. Sports Apparel – Zeus Sports Apparel,-,Click Here,-
260,urbanfootballer.com,Urban Footballer,-,Click Here,-
261,netherfielddesigns.com,Netherfield Designs,-,Click Here,-
262,youthbaseballplans.com,"Youth Baseball Drills - Coaching Aids, Practice Plans, & Tips at YouthBaseballPlans.com",-,Click Here,-
263,thisissoccerworld.com,Share the love of soccer– This is Soccer World,-,Click Here,-
264,bltzpro.com,Bltzpro Fitness,-,Click Here,-
265,aeriformsports.com,Aeriform Sports,-,Click Here,US
266,416athletics.com,416 Athletics,-,Click Here,-
267,afroduckies.com,Afro Duckies T-Shirt Company– Afro-Duckies,-,Click Here,CA
268,defy.ie,Defy Sports Apparel,-,Click Here,-
269,thegamefacecompany.com,THE GAMEFACE COMPANY – The GameFace Company,-,Click Here,US
270,syntheticturf.com,Synthetic Turf & Artificial Turf by Athletic Textiles,-,Click Here,US
271,coachdeck.com,"CoachDeck | CoachDeck - coaching drills, coaching sports, and coaching advice",-,Click Here,US
272,advantagesportsupply.com,"Advantage Sport Supply, LLC",-,Click Here,US
273,1soccerlibrary.com,1 soccer library,-,Click Here,-
274,fantreasures.com,"Sports Apparel, Football, Jerseys, Sports Fan Gear, Sports Clothing – Fan Treasures",-,Click Here,US
275,footymarket.com,Footy Market,-,Click Here,-
276,footballsoccerfansunited.com,Football Soccer Fans United - your World Cup Sneaker World,-,Click Here,ES
277,beantowntshirts.com,BeantownTshirts | Baseball | Basketball | Football | Hockey | Soccer,-,Click Here,US
278,footzone.ca,FootZone Soccer,-,Click Here,-
279,anchorsmart.com,"AnchorSmart - Ground Anchors for Aircraft, Tree, sheds and more! – AnchorsMart",-,Click Here,US
280,forgottenfootballshirts.co.uk,Forgotten Football Shirts,-,Click Here,-
281,fitchicheadbands.com,"Fit Chic Headbands, the original fashionable and sporty headbands.",-,Click Here,US
282,bankshotbilliards.com,Bank Shot Billiards,-,Click Here,US
283,insideoutsidefun.com,Inside Outside Fun,-,Click Here,US
284,flagcollars.com,FlagCollars | Dog Collars | Cat Collars | Leashes | Country Flag Design | USMC,-,Click Here,US
285,gameface.sg,Gameface | Singapore's Top Hoverboard & Foosball Tables Online Store,-,Click Here,-
286,junoleggings.com,Fun and sexy yoga Leggings: variety of unique and hard to find prints – Juno Leggings,-,Click Here,US
287,belmontcarpark.co.uk,"Belmont Car Park, Durham Industrial Estate Car Park.",-,Click Here,-
288,futballersfc.com,Futballers F.C,-,Click Here,-
289,dribblegoal.com,Dribble&Goal | Football Jerseys and more!,-,Click Here,-
290,bownetsports.ca,Bownet Sports Canada,-,Click Here,-
291,getbouncemax.com,BounceMax Supplement to improve vertical jump,-,Click Here,US
292,gekosports.com,Custom made Soccer Uniforms – gekosports.com,-,Click Here,US
293,blitzsports.com.au,Perth local sporting goods store located SOR. FAST Delivery AU Wide. – Blitz Sports,-,Click Here,-
294,gearstviptv.com,Gears TV IPTV Live TV Streaming Hosting Service Best Rated For 2019– Gears TV IPTV Info,-,Click Here,-
295,blingbowlove.com,Bow Bling Love - Bows for every sport - Cheer bows and more – Bling Bow Love,-,Click Here,-
296,gemlightsgifts.com,GemLights Gifts – gemlights gifts,-,Click Here,-
297,bodycheksportsessentials.com,Body Chek Sports Essentials | Field Kits for Athletes,-,Click Here,US
298,hosoccer-france.fr,HO Soccer France,-,Click Here,-
299,houseofcollectables.com.au,House Of Collectables – House of Collectables,-,Click Here,-
300,shopcharlotteindependence.com,Charlotte Independence,-,Click Here,-
301,hyathletic.com,World's best technically innovative sports products for all athletes,-,Click Here,-
302,californiasportsandcyclery.com,California Sporting Goods Belmont San Carlos Redwood City San Mateo – californiasports,-,Click Here,US
303,brio-sports.com,"Brio Sports Uniforms Beachwear, Boardshorts, sublimated uniforms",-,Click Here,US
304,briansportingoods.com,Your one stop shop for Baseball & Softball & other sports gear – BRIAN'S SPORTING GOODS,-,Click Here,US
305,lecoureur.com,Le Coureur | Magasin de Sport et Course à pied,-,Click Here,-
306,shoenorth.ca,Shoe North,-,Click Here,-
307,personalizedandfast.com,Personalized Gifts Anniversary Baptism Marines Navy Plaques– PERSONALIZEDandFAST,-,Click Here,US
308,legeaaustralia.com.au,Legea Australia | Technical Sportswear,-,Click Here,-
309,legendscase.com,Legends cases– legendscase,-,Click Here,US
310,pentiainnovations.com,Sideline Pak The first multi use convertible pak with 5 purposes – Pentia Innovations,-,Click Here,US
311,champstop.us,ChampStop – ChampStop US,-,Click Here,-
312,everythingfootgolf.net,Everything Footgolf - #1 Source for all things Footgolf,-,Click Here,PA
313,lakerswear.com,Lakers Apparel,-,Click Here,US
314,pairformance.com,Pairformance.com,-,Click Here,US
315,passionsoccerkeepers.ca,Passion Soccer Keeper,-,Click Here,-
316,shoeskins.com.au,Shoeskins - Home of Cleatskins Australia and New Zealand,-,Click Here,-
317,caseloco.com,CaseLoco.com The Best Phone Cases! – Caseloco.com,-,Click Here,GR
318,shopthedandylion.com,The Dandy Lion,-,Click Here,-
319,matchtape.com.au,Match Tape Australia,-,Click Here,-
320,pixartsy.com,PixArtsy | Pretty Rad Posters,-,Click Here,US
321,playakicks.com,PlayaKicks Soccer,-,Click Here,US
322,soccerfansgiveaway.com,Soccer Fans Shop,-,Click Here,-
323,soccerclasico.com,Classic Football Mobile Phone Cases - Soccer Clasico,-,Click Here,-
324,soccernerds.com,Soccer Nerd,-,Click Here,US
325,soccertunel.com,Soccer Tunel,-,Click Here,-
326,soccerchik.com,SoccerChik by Laura Velasquez– SoccerChik LLC,-,Click Here,US
327,soccerkicks.com.au,Soccer Kicks,-,Click Here,-
328,soccersupplement.ch,SOCCER SUPPLEMENT® Schweiz #UpYourGame,-,Click Here,-
329,soccersupplement.com.mt,Soccer Supplement Malta,-,Click Here,-
330,mcdeestees.com,McDees Tees - T-shirts and apparel for those who love sports,-,Click Here,US
331,soccer-shop.net,"FUSSBALLz - Onlineshop für Hobbyfußballer, Kreisligaspieler und Profis | FUSSBALLz",-,Click Here,-
332,soccerware.co,Soccerware | Soccer Bag Backpack and Gear,-,Click Here,US
333,coachandplaysoccer.com,The best card game – Coach and Play Soccer,-,Click Here,CH
334,coachgordonsoccer.com,Coach Gordon Soccer,-,Click Here,US
335,livebreathefutbol.co.uk,Premium Soccer Apparel & Accessories | Live Breathe Futbol U.K. – LIVE BREATHE FUTBOL UK,-,Click Here,-
336,silhosports.com,"Silhosport Outdoor Clothing, Sports, T-Shirts",-,Click Here,-
337,maltesehockey.ca,Maltese Sports - A Leader in Innovative Sports equipment — Maltese Sports Canada - A Leader in Protective Sports Equipment,-,Click Here,-
338,cjmbros.com,C.J.M. Bros,-,Click Here,-
339,chrismimi-deporte.com,Chris&Mimi Deporte – Chrismimi Deporte,-,Click Here,-
340,pillowshack.com,Personalized Sports Pillows Basketball Cheerleading Volleyball & more – The Pillowshack,-,Click Here,US
341,sportswholesale.co.nz,Sports Wholesale New Zealand - Ball sports boxing to camping & darts,-,Click Here,-
342,sportymama.ca,You deserve it!– Sportymama.ca,-,Click Here,-
343,sportsreplay.ca,Sports Replay - Sports Excellence! New Used Consign Rent Sports Gear,-,Click Here,-
344,sportsprosexpress.com,Sports Pros Express,-,Click Here,US
345,sportgearplus.com,HUMMEL-JOMA-REUSCH-SNOOZIES-SPORT GEAR PLUS – SportGearPlus,-,Click Here,US
346,sportsarmour.co.nz,Sports Armour New Zealand – Sports Armour NZ,-,Click Here,-
347,sportsarmour.net.au,Sports Armour Australia,-,Click Here,-
348,craftfootball.co,CRFT - Craft Football Co. – CRFT Football Co.,-,Click Here,PA
349,sportsdepot.co.nz,Sports Wholesale New Zealand - Ball sports boxing to camping & darts,-,Click Here,-
350,sportsperformancestore.com.au,Sports Performance Store | Sports Performance Store - Cycling-Golf-Tennis-Baseball-Fishing,-,Click Here,-
351,sportyslaps.com,Sporty Slaps Soccer Bracelets,-,Click Here,CA
352,micksimmons.com.au,Mick Simmons Sport Online Fan Store,-,Click Here,-
353,spencermoeller.com,Spencer Moeller - Inspiring The Next Generation of Athletes,-,Click Here,PA
354,minitrofeus.com.br,MiniTroféus– MiniTrofeus,-,Click Here,-
355,spruceathletic.com,Spruce Athletic | High Quality Pop Up Soccer Goals,-,Click Here,US
356,squadsocks.com,Squad Socks,-,Click Here,US
357,somossoccer.com,Somos Soccer,-,Click Here,CA
358,pozessionsports.com,Pozession Sports - Equipment and Training Gear for Coaches,-,Click Here,US
359,prane-paris.com,Prane Paris | Streetwear and Football Shirt Culture,-,Click Here,-
360,sogoodlyapparel.com,So Goodly Apparel,-,Click Here,US
361,portugaltshirts.com,PORTUGAL T-Shirt Portuguese Flag Coat Arms Soccer Custom Clothing gift – Portugal T-Shirts,-,Click Here,-
362,coopssportswear.com,Coops Sportswear | White Bear Lake Custom Apparel,-,Click Here,US
363,cookiesclosetllc.com,Cookie's Closet LLC custom clothing for everyone– Cookiesclosetllc,-,Click Here,-
364,montecinosphilately.com,"Montecinos Philately- Stamps, Coins & Autographed Photos",-,Click Here,US
365,mommaduckcouture.com,Mommaduck Couture,-,Click Here,-
366,stylzzwear.com,Welcome to Stylzz Wear – stylzz wear (WWW.STYLZZWEAR.COM),-,Click Here,-
367,retrorepublica.com,FIFA World Cup soccer football jerseys kits– Retro Republica,-,Click Here,-
368,rgglovesusa.com,"The Best website for Goalkeepers ,the best gloves",-,Click Here,CY
369,repmywayapparel.com,"Rep My Way Apparel, souvenir clothing for diehard proud people.",-,Click Here,US
370,keepaere.com,Goalkeeper Gloves – keepaere.com,-,Click Here,US
371,keeperexclusive.com,Keeper Exclusive,-,Click Here,-
372,sunpartnersco.com,"Sun&Partners Store: Sport Style - Soccer, Basketball, Fitness, Boxing",-,Click Here,-
373,summitvistafitness.com,Summit Vista Fitness,-,Click Here,US
374,raisingastar.com,Sports Moms Jewelry- Baseball Necklace Bracelet Decal Shirt– Raising A Star,-,Click Here,US
375,cu-kids.co.uk,Cambridge United Kids,-,Click Here,-
376,razalife.com,Raza Paintball – RazaLife,-,Click Here,-
377,razzyroo.com,RazzyRoo Headbands,-,Click Here,-
378,vefapparel.com,Vive El Fút,-,Click Here,-
379,mygreatestplay.ca,My Greatest Play Clothing,-,Click Here,-
380,worldsoccerfootballshop.com,World Soccer Football Shop – www.worldsoccerfootballshop.com,-,Click Here,-
381,roughinit.com,Roughin It | Sports and Outdoors Hunting Hiking Fishing Camping – Roughin It Sports And Outdoors,-,Click Here,US
382,wyomingofficialsgear.com,Wyoming Officials Gear - wyomingofficialsgear.com – Wyoming Official's Gear,-,Click Here,-
383,rugbyforge.com,RF Custom,-,Click Here,-
384,ruffie.com.au,Ruffie | Welcome to Ruffie,-,Click Here,-
385,worldcupwarehouse.co,One-stop World Cup shop. – World Cup Warehouse,-,Click Here,-
386,rush1080.com.au,1080 Sprint power speed rugby union rugby league resistance overspeed– rush1080,-,Click Here,-
387,rukket.com,Rukket Sports,-,Click Here,-
388,rinatsport.us,Rinat USA,-,Click Here,-
389,superballdry.com,SuperBallDry® :: Athletic Sports Supplier,-,Click Here,-
390,kidssportstees.com,T-Shirts For Kids Who Love Sports – Kidssportstees.com,-,Click Here,-
391,khailsport.com,Khail Sport,-,Click Here,-
392,kickpack.sg,World's 1st Cardboard Foosball Table | Table Soccer & Tennis Singapore,-,Click Here,-
393,kixcards.com,KIXcards.com home of the KIX football card game – KIX football cards,-,Click Here,-
394,kizazi.com,Kizazi: Awaken the Game.,-,Click Here,-
395,swimandsportshop.com,Your home for stylish activewear! Look good on and Off the court!,-,Click Here,-
396,zumoe.com,"Decorated cases for mouth guards, retainers or pacifiers – Zumoe Cases",-,Click Here,-
397,noveltycases.com,"Novelty Cases - Soccer, Football iPhone Cases",-,Click Here,-
398,norcalhobbyshop.com,NorCalHobbyShop,-,Click Here,-
399,ngasoccerusa.com,No Goals Against – NGA Soccer USA,-,Click Here,-
400,nigerianstore.com,NigerianStore,-,Click Here,-
401,onelifeathletic.com,1 Life Athletic Alpha Reps Apparel,-,Click Here,-
402,ocscshop.com,Orange County Soccer Shop,-,Click Here,-
403,vintagesports.com,"Vintage Sports - Shop Vintage Sports Fashion, Gear and Memorabilia",-,Click Here,-
404,universaldialect.com,Universal Dialect - Performance Apparel for Life's Daily Adventures,-,Click Here,-
405,victury.com,VICTURY Sports. Train Without Limits.,-,Click Here,-
406,vintagepitch.com,Vintage Pitch Apparel THE PITCH IS ALIVE,-,Click Here,-
407,tigrescup.mx,SATX Youth Soccer League,-,Click Here,-
408,throwbackjerseys.com,THROWBACK JERSEYS®– Throwback Jerseys,-,Click Here,-
409,thrive-football.com,Thrive Football - Your Ticket to Total Player Optimization,-,Click Here,-
410,tobenumberone.com,Custom Team Jerseys | Custom Soccer Uniforms | custom jerseys – M-W Sports,-,Click Here,-
411,tonyspredeman.com,Tony Spredeman - TonySpredeman.com,-,Click Here,-
412,timeoutsports.ca,"North Vancouver Hockey Store, Sports Gear & Apparel | Time Out Sports",-,Click Here,-
413,tinyteams.com.au,traditional interactive table top sports games for kids and the family,-,Click Here,-
414,thejuvestory.com,The Juventus Story Film – THE JUVENTUS STORY,-,Click Here,-
415,thesoccerempire.com,"The Soccer Empire, LLC",-,Click Here,-
416,the90plus.com,The 90+ Minute Shop - The best and most unique football cases EVER.,-,Click Here,-
417,thesixtshirts.com,theSixTshirts | Baseball | Basketball | Football | Hockey | Soccer,-,Click Here,-
418,thepropsclub.ca,The Props' Club – The Prop's Club,-,Click Here,-
419,tuffsox.com,TuffSox - Beach Sox – Tuff Sox,-,Click Here,-
420,tuquerouge.ca,Tuque Rouge Apparel Company,-,Click Here,-
421,trendsettersvolleyballstore.com,"We sell fun sports apparel, accessories and gear at great prices. – Trendsetters Volleyball Store",-,Click Here,-
422,tenplusone.co,Ten+One,-,Click Here,-
423,teeshirtmaster.com,"Tee Shirt Master Tee shirts T-shirts,hoodies,coffee mugs,watches,long",-,Click Here,-
424,theklitch.com,Klitch,-,Click Here,-
425,thesleeveman.com,Compression Arm Sleeves – The Sleeve Man,-,Click Here,-
426,thecititeam.com,The Citi Team “Connecting People And Places” – Citi Team Apparel Company,-,Click Here,-
427,tactixnotebooks.com,Tactix Notebooks,-,Click Here,-
428,outdoorandchill.com,Outdoor and Chill – outdoorandchill.com,-,Click Here,-
429,thenashcollection.com,The NASH Collection,-,Click Here,-
430,themancavepillow.com,The Authentic ManCave Pillow®– The Man Cave Pillow,-,Click Here,-
431,thesoccerfm.com,SoccerFM – SoccerFm,-,Click Here,-
432,klitch.co,Klitch,-,Click Here,-
433,maciescustombows.com,Monogrammed Boutique Hair Bows – Macie's Custom Bows,-,Click Here,-
