1,kitstore.jp,KIT: ヨガウェア・ホットヨガウェア・フィットネスウェア 通販,"268,709",Kit,-
2,forcesuniformandkit.co.uk,Forces Uniform and Kit | Genuine Army Surplus Store,"671,849",Kit,GB
3,theproducerkit.com,Hip Hop Drum Samples | Trap Drum Kits | Presets | The Producer Kit,"1,110,258",Kit,US
4,thegridkit.com,The Grid Kit - Build Anything!,"4,968,809",Kit,US
5,forpurposekids.com,For Purpose Kids | Award-Winning Subscription Toolkits,"5,978,751",Kit,-
6,firgellilinearslides.com,"Firgelli Linear Slides | Shop Online for Slide Rails, Actuators, Linear Bearings, and more!","11,523,283",Kit,CA
7,sayitwithpolish.com,Personalised Beauty Gifts For Her – Say It With Polish,"18,110,750",Kit,AU
8,quiltkitshop.com,Quilt Kit Shop - Exclusive PreCut Quilt Kits Online Quilt Shop,-,Kit,US
9,accessdiagnostics.co.uk,Access Diagnostics | Fertility Site | AccessDiagnostics,-,Kit,-
10,for-purposekids.com,For Purpose Kids | Award-Winning Subscription Toolkits,-,Kit,US
11,bereal.id,be real Beauty - Feel-good Makeup Essentials,-,Kit,-
12,drug-testing-kit.co.uk,Drug Testing Kits | UK Drug Testing | UKDrugTesting,-,Kit,-
13,carekitstore.com,The Care Kit Store | Care Kit Store,-,Kit,-
14,plugpalkit.com,Plug-Pal Kit – Plug-Pal Kit™,-,Kit,-
15,lojasummit.com.br,Summit,-,Kit,-
16,minimalist-tattoo.com,Tatouages Temporaires au JAGUA (encre d'origine naturelle),-,Kit,-
17,minimalpaper.com,Minimal Paper | Stationery for Minimalists,-,Kit,PA
18,motomanes.com,MOTOMANES Die Cut Decals– MotoManes,-,Kit,US
19,riversol.ca,Sensitive Skin Care Products | Dermatologist Developed - Riversol,-,Kit,-
20,kitcontainersllc.com,KitContainersLLC,-,Kit,-
21,ukdrugtesting.co.uk,Drug Testing Kits | UK Drug Testing | UKDrugTesting,-,Kit,-
22,tangoranch.com,Tango Ranch,-,Kit,-
1,kitstore.jp,KIT: ヨガウェア・ホットヨガウェア・フィットネスウェア 通販,"268,709",Kit,-
2,forcesuniformandkit.co.uk,Forces Uniform and Kit | Genuine Army Surplus Store,"671,849",Kit,GB
3,theproducerkit.com,Hip Hop Drum Samples | Trap Drum Kits | Presets | The Producer Kit,"1,110,258",Kit,US
4,thegridkit.com,The Grid Kit - Build Anything!,"4,968,809",Kit,US
5,forpurposekids.com,For Purpose Kids | Award-Winning Subscription Toolkits,"5,978,751",Kit,-
6,firgellilinearslides.com,"Firgelli Linear Slides | Shop Online for Slide Rails, Actuators, Linear Bearings, and more!","11,523,283",Kit,CA
7,sayitwithpolish.com,Personalised Beauty Gifts For Her – Say It With Polish,"18,110,750",Kit,AU
8,quiltkitshop.com,Quilt Kit Shop - Exclusive PreCut Quilt Kits Online Quilt Shop,-,Kit,US
9,accessdiagnostics.co.uk,Access Diagnostics | Fertility Site | AccessDiagnostics,-,Kit,-
10,for-purposekids.com,For Purpose Kids | Award-Winning Subscription Toolkits,-,Kit,US
11,bereal.id,be real Beauty - Feel-good Makeup Essentials,-,Kit,-
12,drug-testing-kit.co.uk,Drug Testing Kits | UK Drug Testing | UKDrugTesting,-,Kit,-
13,carekitstore.com,The Care Kit Store | Care Kit Store,-,Kit,-
14,plugpalkit.com,Plug-Pal Kit – Plug-Pal Kit™,-,Kit,-
15,lojasummit.com.br,Summit,-,Kit,-
16,minimalist-tattoo.com,Tatouages Temporaires au JAGUA (encre d'origine naturelle),-,Kit,-
17,minimalpaper.com,Minimal Paper | Stationery for Minimalists,-,Kit,PA
18,motomanes.com,MOTOMANES Die Cut Decals– MotoManes,-,Kit,US
19,riversol.ca,Sensitive Skin Care Products | Dermatologist Developed - Riversol,-,Kit,-
20,kitcontainersllc.com,KitContainersLLC,-,Kit,-
21,ukdrugtesting.co.uk,Drug Testing Kits | UK Drug Testing | UKDrugTesting,-,Kit,-
22,tangoranch.com,Tango Ranch,-,Kit,-
