1,hayabusafight.com,"Hayabusa Fight • Hayabusa Fight - boxing gloves, jiu jitsu gis, compression and shorts","335,725",Click Here,CA
2,worldfitness.com.au,"World Fitness | Home gym , Gym Equipment , Treadmill , Cross Trainers , Boxing Gloves","537,214",Click Here,AU
3,undisputedbelts.com,"Championship Belts for Fantasy Football, Fantasy Baseball, & Custom Championship Belts – Undisputed Belts","545,060",Click Here,US
4,yorkfitness.com,Home Gym Equipment | York Fitness | The Strongest Name In Fitness,"674,457",Click Here,-
5,boxraw.com,BOXRAW | Pioneering The Boxing Lifestyle,"722,158",Click Here,US
6,rivalboxing.us,Rival Boxing Gear - USA,"755,601",Click Here,US
7,thefightfactory.com.au,The Fight Factory Home Page everything Thai Boxing BJJ MMA,"974,926",Click Here,AU
8,mmaapparel.co.uk,"MMA Apparel - Boxing, MMA Clothing & MMA Equipment Specialists","995,581",Click Here,-
9,hatashita.com,"Your Source for Martial Arts, Combat and Fitness Training Gear – Hatashita Retail","1,026,185",Click Here,US
10,rivalboxing.ca,Rival Boxing Gear - Canada,"1,152,586",Click Here,-
11,bridgecityfightshop.com,Bridge City Fight Shop,"1,294,054",Click Here,-
12,everlastsg.com,Everlast Singapore– EVERLAST SINGAPORE,"1,441,263",Click Here,US
13,wildcardboxingstore.com,Wild Card Boxing,"1,734,887",Click Here,-
14,societynine.com,Society Nine ||| Women's Boxing Gear and Apparel,"1,843,131",Click Here,US
15,rivalboxinguk.co.uk,Rival Boxing Gear - UK,"1,960,089",Click Here,-
16,msmfightshop.com,"MSM Fight Shop | The Best MMA, Boxing, Jiu Jitsu & Muay Thai Gear – MSM FIGHT SHOP","2,022,906",Click Here,-
17,rexdist.com,"Rex Distributor, Inc. - Wholesale Distributor of knives, swords, sporting goods, crossbows, self defense equipment – Rex Distributor, Inc. Wholesale Knives, Swords, Sporting Goods, Crossbows, Self Defense","2,138,821",Click Here,US
18,acsgear.com,"ADIDAS COMBAT SPORTS GEAR USA | MMA, Boxing and Jiu Jitsu Gear – ACSGEAR","2,486,044",Click Here,US
19,norcalfightshop.com,Hardware for the Hardcore. MMA gear and apparel in San Francisco. – Nor Cal Fight Shop,"2,686,660",Click Here,US
20,hamiltonandhare.com,Men's Designer Underwear and Nightwear | Hamilton and Hare,"2,900,407",Click Here,UK
21,jimbradley.com.au,"Speedballs, Punching Bags & Quality Boxing Equipment Australian Made","3,048,245",Click Here,-
22,valourstrike.com,"Valour Strike | Boxing Gloves, MMA Equipment & Kickboxing Gear UK","3,084,161",Click Here,-
23,sweetsciencegear.com,"Sweet Science Boxing Equipment, Apparel and Training Center","3,130,804",Click Here,US
24,inscriptagraphs.com,Authentic Sports / Entertainment Memorabilia Collectibles - Vegas Shop,"3,136,648",Click Here,US
25,feintboxing.com,"Boxing Tshirts, gloves, apparel and accessories – Feint Boxing","3,307,293",Click Here,US
26,lmir.us,Jailbroken Amazon Fire TV and Nvidia Shield Boxes Fully Loaded Kodi – LetsMakeItRight!,"3,458,354",Click Here,-
27,reashape.com,ReaShape | portable speedbag and boxing fitness gear,"4,723,735",Click Here,-
28,ringsideboxing.co.uk,Ringside Boxing UK,"5,139,696",Click Here,-
29,ak-47mma.com,"AK-47 MMA Fight Shop: Muay Thai, Jiu Jitsu, Boxing, & MMA Gear","5,632,236",Click Here,US
30,thewolfpackbycru.com,"Shop Boxing Gloves, Boxing Workout Clothes & Boxing Accessories Now! – The Wolfpack by CRU","5,845,122",Click Here,-
31,atfsports.com,"ATF Sports Inc. - Shop Boxing, Martial Arts & Fitness Equipment","5,930,660",Click Here,CA
32,stingsports.com,STING SPORTS USA,"6,239,098",Click Here,AU
33,boxingdaybox.com,Boxing Day Box | Brought to you by dbrand,"6,382,592",Click Here,US
34,brooklynboxingshop.com,Brooklyn Boxing Shop,"6,440,728",Click Here,US
35,movimentoapparel.com,"Movimento Apparel | Women's & Men's Clothing, Fashion and Accessories | Workout Wear | Boxing Wear | Dance Wear | Street wear - Clothings Made in Los Angeles USA","6,472,818",Click Here,-
36,theclinchfightshop.com,The Clinch Fight Shop,"6,736,702",Click Here,-
37,gymenist.com,"Dumbbells, kettlebells & kind of Exercise Equip. – Gymenist","7,153,150",Click Here,US
38,trojanfight.com,Guanti Boxe - Trojan Fight is the champion's choice for boxing gear,"7,223,761",Click Here,-
39,noboxingnolife.com.mx,No Boxing No Life - Tienda de artículos para boxeo en México.,"7,327,254",Click Here,-
40,redditchmma.com,Redditch MMA | The Home of Mixed Martial Arts | First Class FREE – RedditchMMA,"7,380,071",Click Here,IT
41,actionprogear.com,"Action Pro Gear - Muay Thai, Boxing, MMA, Fitness","7,400,691",Click Here,CA
42,kimpacific.com,"Martial Arts Supplies, Karate Uniforms, BJJ gear, Muay Thai Gear, Belt","7,749,702",Click Here,-
43,simplemitts.com,SIMPLEMITTS: HOME FOR PERSONAL TRAINERS and BOXING ENTHUSIAST FOR ALL,"7,958,475",Click Here,US
44,bradstreetglass.com,Bradstreet Glass Stained Glass Sheets and Glass Art Supplies – BradstreetGlass,"8,087,167",Click Here,US
45,fighting-mad.com,Boxing T-Shirts and Merchandise for Boxing Fans | Fighting Mad,"8,587,812",Click Here,-
46,cutman4hiresupplies.com,CUTMAN4HIRE SUPPLIES – Cutman4Hire Cutman Supplies,"8,593,581",Click Here,CA
47,phoenix-fitness.com,UK Fitness Equipment Products and Accessories - Shop Online – Phoenix Fitness,"8,756,275",Click Here,GB
48,99fighters.com,99fighters / Fightwear and Gear. Top Brands and Discounts. – 99Fighters,"8,931,101",Click Here,US
49,pugilismco.com,Boxing News – Pugilism Co.,"9,985,443",Click Here,US
50,profitboxing.com,Pro-Fit Boxing,"10,119,809",Click Here,AU
51,primedesire.com,PRIME DESIRE | Sportswear Shop,"10,248,284",Click Here,-
52,fitup.co.uk,"Online Martial Arts, Boxing, Kickboxing Shopping Store in UK - Fit-Up Sports","10,295,307",Click Here,-
53,dsgofficial.com,"Danny ""Swift"" Garcia Offical Website","12,955,640",Click Here,US
54,peterwelchsgymshop.com,"Peter Welch's Gym Shop, South Boston, Apparel, Boxing Training Gear | Peter Welch's Gym Shop","13,131,704",Click Here,-
55,a1fightgear.com,Cutting Edge Martial Arts Equipment – A1 Fight Gear,"13,612,268",Click Here,IT
56,battlefightgear.com,"Battle Fight Gear | Dare to Battle | Active, Fitness and Sportswear","14,007,690",Click Here,-
57,rcgear-shop.com,"RC Gear | Fitness, Boxing, Sportwears","14,014,173",Click Here,-
58,the-boxing-gym.com,The Boxing Gym STL,"14,045,938",Click Here,-
59,topking.shop,"Boxing Gloves, Muay Thai Shorts, Shin Pads - Top King Boxing","14,050,802",Click Here,-
60,lvfightshop.com,Las Vegas Fight Shop Official Online Storefront,"15,475,162",Click Here,US
61,hammerheadboxing.com,"Hammerhead: Punching Bags, Boxing Rings and More – HammerheadBoxing.com","15,983,491",Click Here,US
62,soloboxing.com,"SOLO Boxing, Hecho SOLO Para Campeones! – Solo Boxing","16,351,006",Click Here,US
63,gymfitnation.com,Gym Fit Nation | Gym Fit Nation,"18,539,741",Click Here,US
64,rmblapparel.com,The best boxing apparel & gear in Canada | Shop Rumble Boxing – Rumble Boxing,"18,551,440",Click Here,-
65,bazookasquad.com,Bazooka Apparel – Bazooka Kickboxing Ltd,"18,735,269",Click Here,US
66,boxersfight.com,"Top Boxing, MMA and Fighting Store – Boxersfight","19,773,854",Click Here,-
67,boxing.co.za,"TITLE Boxing Equipment South Africa: Boxing Gloves, Punching Bags – TITLE BOXING",-,Click Here,-
68,7-boxing.com,7-Boxing,-,Click Here,-
69,collectboxing.com,Boxing Memorabilia & Boxing Collectibles | Collect Boxing,-,Click Here,US
70,unionjab.co.uk,Union Jab British boxing,-,Click Here,-
71,unionjab.com,Union Jab British boxing,-,Click Here,-
72,theringboxingclubshop.com,Boxing T Shirts from The Legendary Ring Boxing Club Shop in London. – The Ring Boxing Club Shop,-,Click Here,-
73,rmbl.ca,The best boxing apparel & gear in Canada | Shop Rumble Boxing – Rumble Boxing,-,Click Here,-
74,phenomboxing.com,"Phenom Boxing: Boxing, MMA, Fightgear and Fightwear – PHENOM BOXING",-,Click Here,US
75,iconsofboxing.com,icons of boxing boxers autographs and signed memorabilia collectibles – iconsofboxing.com,-,Click Here,US
76,bigbearboxing.com,"BigBearBoxing - Boxing, MMA Equipment and Supplies – Big Bear Boxing",-,Click Here,US
77,r2fsports.com,"Boxing, MMA, Kickboxing, Taekwondo, Karate, Kung Fu Combat Sports Gear",-,Click Here,UK
78,unifiedboxing.co.uk,Affordable Pro Standard | Boxing Gloves | Head Guards | Unified Boxing,-,Click Here,-
79,fatboyshrinkstore.com,FATBOYSHRIBK BOXING – FATBOYSHRINK BOXING,-,Click Here,-
80,flyxfitness.com,FLY-X Fitness - Largest Range for MMA Boxing Enthusiast,-,Click Here,US
81,bareknuckle.co.za,"Bare Knuckle - The ultimate boxing, MMA and fight apparel store in South Africa.",-,Click Here,-
82,askarifighter.com,"Askari Fight Wear | Muay Thai, MMA, Boxing | Askarifighter.com",-,Click Here,SE
83,sedrocsports.com,"Sedroc Sports: Your source for mma, boxing and martial arts equipment.",-,Click Here,US
84,boxaholik.com,The Boxing Aficionado – Boxaholik,-,Click Here,US
85,budoonline.co.uk,Budo Online Martial Arts Shop: BJJ Boxing Karate MMA Taekwondo,-,Click Here,-
86,leadersboxing.com,Leaders Boxing USA,-,Click Here,CA
87,madnessboxingapparel.com,The Boxing Streetwear Brand - Madness Boxing Apparel – Madnessboxingapparel,-,Click Here,US
88,martialartaccessories.com,Accessories for martial arts keep fit and boxing equipment – Martial Art Accessories,-,Click Here,-
89,sporteq.co.uk,"SportEQ |Punching Bags, Dumbbells, Boxing Kits| Free Delivery UK",-,Click Here,-
90,redcornerboxing.com.au,Red Corner - Fits You – Red Corner Boxing,-,Click Here,-
91,moqboxing.com,MOQ BOXING,-,Click Here,-
92,revolheart.com,Revolheart - Women's Boxing – REVOLHEART,-,Click Here,PA
93,undisputedsports.co.uk,"Undisputed Sports | Boxing Equipment, MMA, Taekwondo, BJJ, Muay Thai",-,Click Here,-
94,necalliboxing.com,The Original Deportes Casanova Boxing Gear Made in Mexico Since 1952 – Necalli Boxing,-,Click Here,-
95,stingsports.com.au,"Boxing, MMA, Fitness Equipment & Accessories - STING SPORTS AUSTRALIA",-,Click Here,-
96,fightsupply.com,Fight Supply | BJJ MMA Boxing Muay Thai,-,Click Here,US
97,fightgeardirect.com.au,"Muay Thai Clothing, Boxing Gloves & BJJ | FightGearDirect.com.au",-,Click Here,-
98,ak47mma.com,"AK-47 MMA Fight Shop: Muay Thai, Jiu Jitsu, Boxing, & MMA Gear",-,Click Here,US
99,gb7sports.com,GB7: Combat Sports Equipment - MMA - Boxing - Muay Thai - Martial Arts,-,Click Here,US
100,bjjshop.com.au,The Fight Factory Home Page everything Thai Boxing BJJ MMA,-,Click Here,-
101,gamebullboxing.com,Boxing Apparel – GAMEBULL,-,Click Here,-
102,josephparker.com,Joseph Parker – Parker Boxing,-,Click Here,NZ
103,ekkamaiboxing.com,Ekkamai Boxing – ekkamaiboxing,-,Click Here,-
104,sectormma.com,"MMA, UFC, & Boxing Equipment, Gear and Accessories | Sector MMA",-,Click Here,PA
105,boxingmerchandisestore.com,Boxing Merchandise Store,-,Click Here,US
106,boxingzone.fr,"boxingzone, site de vente d'articles de boxe en france. – boxing-zone",-,Click Here,-
107,humblewarrior.co,"Humble Warrior - Clothing for boxing, yoga, and more. – Humble Warrior Clothing",-,Click Here,US
108,mahafightgear.com,"#1 spot for Fight Gear and Apparel - Muay Thai, MMA, BJJ, Boxing– Maha Fight Gear",-,Click Here,US
109,chaosboxing.com,Chaos Boxing Equipment – Chaosboxing,-,Click Here,-
110,laceandloop.com,Lace Up Your Own Boxing Gloves! – LaceNLoop,-,Click Here,PA
111,liveboxing.co.nz,Live Boxing,-,Click Here,-
112,phoenixboxing.ca,WELCOME TO PHOENIX BOXING - REVITALIZING YOU IN POWERFUL WAYS!,-,Click Here,-
113,pfgsports.com,"Performance Fight Gear | MMA, Boxing, Karate, & BJJ Sports Gear",-,Click Here,US
114,squarecirclesports.com,"Square Circle Sports | Boxing & MMA Equipment, Liverpool U.K.",-,Click Here,GB
115,combatek.com,"Combatek - Boxing, MMA, Muay Thai & Weight Training",-,Click Here,US
116,stealthsports.com.au,Stealth Sports | Boxing Fitness and MMA Accessories,-,Click Here,-
117,mmadirect.com.au,"MMA DIRECT: Martial Arts, MMA, Boxing Equipment Gear Apparel & More",-,Click Here,-
118,mmadistribution.com.au,The Fight Factory Home Page everything Thai Boxing BJJ MMA,-,Click Here,-
119,warriorsboutique.com,"WarriorsBoutique.com | boxe, muay thai, kick-boxing, MMA, Karaté,",-,Click Here,-
120,k9-boxing.com,K9 Boxing,-,Click Here,-
121,versamitts.com,"versamitts double sided punch mitts, pads, boxing training anystrike – Versamitts.com",-,Click Here,US
122,rumblebrothersboxing.com,Rumble Brothers Boxing,-,Click Here,-
123,onemoreround.co.uk,"One More Round | Boxing, Combat Sports & Martial Arts Equipment",-,Click Here,-
124,nvbhofshop.com,Nevada Boxing Hall of Fame Online Store - NVBHOF – NVBHOF SHOP,-,Click Here,-
125,unitnine.com.au,"Your perfect yoga mats, boxing gloves,gym gear and beach pillows – Unit Nine",-,Click Here,-
126,toptencanada.ca,Best Quality Martial Arts / Boxing Uniforms and Equipment Supplies | Top Ten Canada,-,Click Here,-
127,grujmatch.com,Grujmatch.com – grujmatch.com,-,Click Here,CA
128,fightershop.co.uk,MMA Gear and Apparel - FIGHTERSHOP.CO.UK – Fightershop.co.uk,-,Click Here,-
129,fightclubbunker.com,Fight Club Bunker,-,Click Here,NZ
130,dmbboxing.com,Boxing Equipment & MMA Gear Online Store | DMB Boxing,-,Click Here,US
131,appleshelving.com.au,Wholesale Supplier of Quality Shelving and Industry Products – Apple Shelving Business,-,Click Here,-
132,pandemicfightgear.com,Pandemic Fight Gear– Pandemic Fight Gear Inc.,-,Click Here,-
133,kosports.com.au,KO SPORTS EQUIPMENT,-,Click Here,-
134,koningfightwear.com,KONING FIGHTWEAR – Koning Fightwear,-,Click Here,-
135,supershowstore.co.uk,SuperShow Store - Junior & Kids Muay Thai Equipment – SuperShowStore,-,Click Here,-
136,onwardathletics.com,"Boxing Gloves, Mitts & Boxing Accessories– Onward Athletics",-,Click Here,-
137,nakmuaystore.com,"Shop Muay Thai & MMA T-Shirts, Clothing and Equipment – Nak Muay Store - Muay Thai Clothing and Equipment",-,Click Here,-
138,thebabysroom.co.nz,"Baby Gift Boxes, Gorgeous Products, Premium Service",-,Click Here,-
139,hypnotik.com,"Hypnotik - BJJ Gis, Rashguards, Fight Shorts, Boxing Gloves, MMA - Hypnotik.com",-,Click Here,US
140,babyfightgear.us,The #1 Childrens Mixed Martial Arts Clothing Store Online!,-,Click Here,-
141,dcstraining.co.nz,DCS Training – DCS New Zealand,-,Click Here,-
142,2linedmusichutstore.com,All Access 2 Culture – 2 Lined Music Hut Store,-,Click Here,US
143,fightfoundry.co.uk,Fight Foundry - The new home of contact sports,-,Click Here,-
144,infernonutrition.com,"Inferno Nutrition - Supplements for the MMA and Combat Athlete – Inferno Nutrition, LLC",-,Click Here,US
145,fightflair.com,Combat gear and apparel – FightFlair,-,Click Here,PA
146,fightlab.co.uk,Shop Muay Thai Gear & Equipments UK - Fightlab,-,Click Here,-
147,declaration-of-freedom.com,Declaration of Freedom | T shirt mode,-,Click Here,FR
148,absoluteextremeonlinesupps.com.au,Absolute Extreme Online Enhancement - Welcome To Our Store,-,Click Here,-
149,1on1knockout.com,1-ON-1 Knockout – 1on1 Knockout,-,Click Here,-
150,fasoko.com,"Fasoko luxury clothing and gear for BJJ, MMA, & Boxing – FASOKO",-,Click Here,US
151,jabapparel.com,JAB Apparel - Fashion For Fighters– Jab Apparel Store,-,Click Here,-
152,fnashop.com,FIGHT NIGHT APPAREL – Fight Night Apparel,-,Click Here,US
153,focusedfightwear.com,Focused Fightwear,-,Click Here,US
154,jaybeeimports.com,Jay Bee Imports – Jay Bee Imports,-,Click Here,-
155,bellastrongapparel.com,"Bella Strong Women's Fitness Apparel, women's workout clothes, fitness",-,Click Here,US
156,frankboxingcoach.com,12 Week Strength And Conditioning - Build Power Behind Your Punch – Frank Boxing Coach,-,Click Here,US
157,intensefitnesstools.com,Your One Stop Shop For Your Active Lifestyle SwimmingHikingRunning Fit – intensefitnesstools,-,Click Here,US
158,fitmart.co.nz,"Fitmart fitness, exercise, rehab and combat martial arts products",-,Click Here,-
159,bigbearboxingandfitness.com.au,Big Bear Boxing and Fitness,-,Click Here,-
160,art-of-boxing.co.uk,Art of Football,-,Click Here,-
161,art-of-boxing.com,Art of Football,-,Click Here,-
162,sacosytatamis.com,SACOS Y TATAMIS,-,Click Here,ES
163,berzerkfightwear.com,Berzerk Fightwear,-,Click Here,-
164,jgaryautographs.com,J Gary Autographs - Signed and Authentic Sports Memorabilia,-,Click Here,US
165,fromthecorner.co.nz,From The Corner – Welcome,-,Click Here,-
166,jeo-shi.com,Jeoshi - Martial Arts Rooted Streetwear,-,Click Here,US
167,glimpsemiami.com,Glimpse Active Lifestyle Boutique,-,Click Here,US
168,boxhandschuh.shop,Boxhandschuhe online kaufen in der Schweiz – boxhandschuh.shop,-,Click Here,CH
169,boxingbarn.com,Boxing Barn,-,Click Here,UK
170,boxingevolution.store,Boxing Evolution store,-,Click Here,-
171,boxingglovesplus.com.au,Boxing Gloves Plus,-,Click Here,-
172,boxa.com.au,BOXA BRAND,-,Click Here,-
173,boxingbar.co.uk,BoxingBar Develop your BOXING and MMA skills,-,Click Here,-
174,boxingtee.com,Boxing Tee,-,Click Here,UK
175,sartonk.com,Honor Your Champion Apparel | Boxing Inspired Shirts & Hoodies,-,Click Here,US
176,hayabusafight.ae,"hayabusauae • Hayabusa Fight - boxing gloves, jiu jitsu gis, compression and shorts",-,Click Here,-
177,hayabusafight.ca,"Hayabusa Fight Canada • Hayabusa Fight - boxing gloves, jiu jitsu gis, compression and shorts",-,Click Here,-
178,hotsuit.com.hk,"Best Performance Activewear for Boxing, Fitness, Gym, Yoga & Athletic – Hotsuit HK",-,Click Here,-
179,shopsuperficial.com,SHOP SUPERFICIAL – SUPERFICIAL,-,Click Here,-
180,gymadvisor.org,gymadvisor | Coach | Sports Equipment,-,Click Here,GB
181,gsixfitness.com.au,G-Six Combat Sports and Fitness Centre – GSix Combat Sports & Fitness Centre,-,Click Here,-
182,briskville.com,BRISKVILLE,-,Click Here,US
183,homeschoolboxer.com,The Home School Boxer - Training Outside the Gym - At Home Training– Homeschool Boxer,-,Click Here,-
184,homegymplusfitnessequipment.com.au,Home Gym Plus Fitness Equipment,-,Click Here,-
185,maddogsboxing.com,Mad Dogs Boxing online store #SeriousAboutBoxing,-,Click Here,-
186,pbcmerch.com,Shop PBC Merchandise,-,Click Here,-
187,leone1947.com.au,"Leone 1947 Sportswear, clothing boxing, Leone 1947 Store – Leone Australia Pty Ltd",-,Click Here,-
188,shopfightcamp.com,Fight Camp,-,Click Here,US
189,laemasports.com.au,Home | Best Unique High Quality Sport Accessories Online – LAEMA SPORTS,-,Click Here,-
190,everlast-canada.com,Everlast Canada,-,Click Here,US
191,captainmartialarts.com,Captain Sports | Best Martial Arts Supplies‎ | Official Adidas,-,Click Here,-
192,gymclobberuk.com,Gym Clobber UK,-,Click Here,-
193,exerciser.co,Your Professional Online Trainer – exerciser.co,-,Click Here,-
194,exercisesupportsolutions.co.uk,Exercise Support Solutions,-,Click Here,-
195,shoptagon.ie,Europe's #1 Combat Store Chain – SHOPTAGON,-,Click Here,-
196,mavyagear.com,Mavya Gear | The latest combat gear products to unleash the beast,-,Click Here,NZ
197,mcsportsdirect.com,Martial Clothing Gear,-,Click Here,-
198,lobloo.com,Groin guards | Pelvic protectors | Mouth guards | Created by Olympians – LO-BLOO,-,Click Here,SE
199,singletman.com,Singlet Man-Used Singlets,-,Click Here,-
200,chessboxingshop.com,Chess Boxing Global Shop,-,Click Here,DE
201,martialartsshop.com.au,Adelaide Martial Arts Shop – Adelaide martial arts shop,-,Click Here,-
202,clashstyles.com,BXIN – BXIN.LTD,-,Click Here,-
203,chriseubankjr.com,CHRIS EUBANK JR | NEXTGEN,-,Click Here,US
204,manicfitness.com.au,Manic Fitness - Fountain Gate,-,Click Here,-
205,marinternational.eu,"Martial Arts Wholesale & Retail, Equipment & Accessories | MAR",-,Click Here,-
206,sportswholesale.co.nz,Sports Wholesale New Zealand - Ball sports boxing to camping & darts,-,Click Here,-
207,migosports.co.uk,"Migo Sports - Specialist Sports Shop Muirend, Glasgow",-,Click Here,-
208,mikeleeshop.com,"Official Mike Lee Store | Boxing Shirts, Hoodies, Tank Tops",-,Click Here,-
209,sportaddco.com,Official Store Online Sportadd Company– SPORTADD COMPANY,-,Click Here,-
210,sportstrue.com,SportsTrue.com,-,Click Here,PA
211,sportsdepot.co.nz,Sports Wholesale New Zealand - Ball sports boxing to camping & darts,-,Click Here,-
212,staminaforsale.com,Stamina for Sale,-,Click Here,GB
213,starsandlegends.co.uk,Stars & Legends Sport Film & Music Memorabilia – Stars&Legends,-,Click Here,-
214,cricfit.com.au,CricFIT | Cricket Gear | Fitness Gear | Ca-Sports | Fatal,-,Click Here,-
215,pushthaiboxing.com,Push Thai Boxing – pushthaiboxing,-,Click Here,US
216,creativeboxing.co.uk,Creativeboxing - TAPFLEX – Creativeboxing UK,-,Click Here,-
217,punish.com.au,"Punish Nutrition supplements, Fight Gear boxing gloves and Apparel",-,Click Here,-
218,megafunpartyrentals.com,Mega Fun Party Rentals,-,Click Here,-
219,powerofthegods.net,Power Of The Gods Fitness - All Your Fitness And Exercising Needs.,-,Click Here,-
220,combatsportsgear.co.uk,"Combat Sports Gear | MMA Gear | Boxing, BJJ, Muay Thai & Equipment UK – Combat Sports Gear - Fightwear Online",-,Click Here,-
221,mevalemadre.com,Me Vale Madre Clothing,-,Click Here,US
222,lovemma.com,Love MMA | T Shirts | Apparel | Clothing | Tees | MMA News | Fighting – LOVE MMA APPAREL,-,Click Here,US
223,revelecontactwear.com,"Revele Contact : Protections for Rugbywomen, DerbyGirls, BJJ, lacrosse– REVELE CONTACTWEAR",-,Click Here,FR
224,sumoraiperformance.com,Sumorai Performance Active Sportswear,-,Click Here,US
225,sunpartnersco.com,"Sun&Partners Store: Sport Style - Soccer, Basketball, Fitness, Boxing",-,Click Here,-
226,stingsports.ca,STING SPORTS Canada,-,Click Here,-
227,stingsports.co.nz,STING SPORTS NZ,-,Click Here,-
228,stingsports.co.uk,STING SPORTS UK,-,Click Here,-
229,mmashoji.com,MMA SHOJI – MMASHOJI,-,Click Here,CA
230,mmasupply.co.uk,Manchester Martial Arts & Gym Supplies – mmallsports,-,Click Here,-
231,mmawarehouse.ca,"Hypnotik - BJJ Gis, Rashguards, Fight Shorts, Boxing Gloves, MMA - Hypnotik.com",-,Click Here,-
232,radioactivenyc.com,NEVER BEFORE SEEN TEE SHIRTS FROM THE UNDERGROUND ZEITGEIST – RADIOACTIVE-NYC,-,Click Here,-
233,realboxing.ca,Real Boxing Apparel,-,Click Here,-
234,warfareincclothing.com,Warfare Inc Clothing & Lifestyle,-,Click Here,-
235,streetjitsustore.com,Street Jitsu Store,-,Click Here,US
236,raw-ness.com,Fitness Jewelry– rawness,-,Click Here,-
237,moaasafitness.com,Moaasafitness – moaasafitness,-,Click Here,-
238,modestvintageplayer.com,Fine Leather Sporting Goods – MODEST VINTAGE PLAYER LTD,-,Click Here,NZ
239,rxdpro.com.au,RXDPRO Functional Fitness Products – RXD PRO Fitness Products,-,Click Here,-
240,vet-sales.com,Welcome to Vet-Sales - Martial Arts and Contact Sports Supplier,-,Click Here,US
241,ucclatam.com,"MMA GEAR | UFC ONLINE STORE Kickboxing, Muay Thai Equipment",-,Click Here,-
242,kyokushinstore.com,Kyokushin Store,-,Click Here,US
243,supportfighters.com,Custom MMA fight shirts and apparel – XPLICIT ones,-,Click Here,-
244,richragsclothing.com,RICH RAGS CLOTHING,-,Click Here,-
245,khailsport.com,Khail Sport,-,Click Here,-
246,ringsidekings.com,Ringside Kings Apparel,-,Click Here,-
247,synergyfightshop.com.au,South Australian Number 1 Fight Store – Synergyfightshop,-,Click Here,-
248,valetudodeathsquad.com,Vale Tudo Death Squad Home,-,Click Here,-
249,knockoutgearmx.com,Tienda de equipo para MMA KnockOut Gear Mx,-,Click Here,-
250,kmtapparel.co.uk,Fashion Store – KMT Apparel,-,Click Here,-
251,sweetsciencesports.com,Sweet Science Apparel – Sweet Science Sports,-,Click Here,-
252,noble-nation.com,Noble Nation ACG,-,Click Here,-
253,nobleboxing.co.uk,Noble Boxing,-,Click Here,-
254,nolimitsliverpool.co.uk,"No Limits Gym Liverpool | Strength, Conditioning and Boxing Classes",-,Click Here,-
255,ohthatthing.com,boxsavage.com,-,Click Here,-
256,vingtsun.shop,Ving Tsun Shop - Training clothes and equipment. Fight with style !,-,Click Here,-
257,vintagesports.com,"Vintage Sports - Shop Vintage Sports Fashion, Gear and Memorabilia",-,Click Here,-
258,visionbody.com.au,VisionBody Australia,-,Click Here,-
259,unit13.co.uk,"UNIT13 Kaged Muscle Supplements, SABAS Fight Gear and Lace N Loop Shop",-,Click Here,-
260,victorus.co,Victorus Martial Arts - Premium Martial Arts Equipment,-,Click Here,-
261,umafightgear.com.au,UMA Fightgear,-,Click Here,-
262,usmta-offical-gear-shop.com,USMTA OFFICIAL GEAR,-,Click Here,-
263,unitedfistfightstore.com,United Fist Fight Store,-,Click Here,-
264,threat-fit.com,"Fitness, Combat Sports, Survival Preparation. Clothing & Accessories!– THREAT-FIT",-,Click Here,-
265,tkofightstore.com,TKO Fight Store – tkofightstore,-,Click Here,-
266,tkostrength.com,TKO Strength & Performance,-,Click Here,-
267,titansboxing.com,Titans Boxing Promotions,-,Click Here,-
268,tencountsports.com,Ten Count Sports – TenCount,-,Click Here,-
269,thedresscleaningcompany.co.uk,Specialist Wedding Dress Cleaning and Boxing | We Collect & Deliver – The Dress Cleaning Company,-,Click Here,-
270,thegreatestbargain.com,Unique products representing countries from around the world.– thegreatestbargain.com,-,Click Here,-
1,hayabusafight.com,"Hayabusa Fight • Hayabusa Fight - boxing gloves, jiu jitsu gis, compression and shorts","335,725",Click Here,CA
2,worldfitness.com.au,"World Fitness | Home gym , Gym Equipment , Treadmill , Cross Trainers , Boxing Gloves","537,214",Click Here,AU
3,undisputedbelts.com,"Championship Belts for Fantasy Football, Fantasy Baseball, & Custom Championship Belts – Undisputed Belts","545,060",Click Here,US
4,yorkfitness.com,Home Gym Equipment | York Fitness | The Strongest Name In Fitness,"674,457",Click Here,-
5,boxraw.com,BOXRAW | Pioneering The Boxing Lifestyle,"722,158",Click Here,US
6,rivalboxing.us,Rival Boxing Gear - USA,"755,601",Click Here,US
7,thefightfactory.com.au,The Fight Factory Home Page everything Thai Boxing BJJ MMA,"974,926",Click Here,AU
8,mmaapparel.co.uk,"MMA Apparel - Boxing, MMA Clothing & MMA Equipment Specialists","995,581",Click Here,-
9,hatashita.com,"Your Source for Martial Arts, Combat and Fitness Training Gear – Hatashita Retail","1,026,185",Click Here,US
10,rivalboxing.ca,Rival Boxing Gear - Canada,"1,152,586",Click Here,-
11,bridgecityfightshop.com,Bridge City Fight Shop,"1,294,054",Click Here,-
12,everlastsg.com,Everlast Singapore– EVERLAST SINGAPORE,"1,441,263",Click Here,US
13,wildcardboxingstore.com,Wild Card Boxing,"1,734,887",Click Here,-
14,societynine.com,Society Nine ||| Women's Boxing Gear and Apparel,"1,843,131",Click Here,US
15,rivalboxinguk.co.uk,Rival Boxing Gear - UK,"1,960,089",Click Here,-
16,msmfightshop.com,"MSM Fight Shop | The Best MMA, Boxing, Jiu Jitsu & Muay Thai Gear – MSM FIGHT SHOP","2,022,906",Click Here,-
17,rexdist.com,"Rex Distributor, Inc. - Wholesale Distributor of knives, swords, sporting goods, crossbows, self defense equipment – Rex Distributor, Inc. Wholesale Knives, Swords, Sporting Goods, Crossbows, Self Defense","2,138,821",Click Here,US
18,acsgear.com,"ADIDAS COMBAT SPORTS GEAR USA | MMA, Boxing and Jiu Jitsu Gear – ACSGEAR","2,486,044",Click Here,US
19,norcalfightshop.com,Hardware for the Hardcore. MMA gear and apparel in San Francisco. – Nor Cal Fight Shop,"2,686,660",Click Here,US
20,hamiltonandhare.com,Men's Designer Underwear and Nightwear | Hamilton and Hare,"2,900,407",Click Here,UK
21,jimbradley.com.au,"Speedballs, Punching Bags & Quality Boxing Equipment Australian Made","3,048,245",Click Here,-
22,valourstrike.com,"Valour Strike | Boxing Gloves, MMA Equipment & Kickboxing Gear UK","3,084,161",Click Here,-
23,sweetsciencegear.com,"Sweet Science Boxing Equipment, Apparel and Training Center","3,130,804",Click Here,US
24,inscriptagraphs.com,Authentic Sports / Entertainment Memorabilia Collectibles - Vegas Shop,"3,136,648",Click Here,US
25,feintboxing.com,"Boxing Tshirts, gloves, apparel and accessories – Feint Boxing","3,307,293",Click Here,US
26,lmir.us,Jailbroken Amazon Fire TV and Nvidia Shield Boxes Fully Loaded Kodi – LetsMakeItRight!,"3,458,354",Click Here,-
27,reashape.com,ReaShape | portable speedbag and boxing fitness gear,"4,723,735",Click Here,-
28,ringsideboxing.co.uk,Ringside Boxing UK,"5,139,696",Click Here,-
29,ak-47mma.com,"AK-47 MMA Fight Shop: Muay Thai, Jiu Jitsu, Boxing, & MMA Gear","5,632,236",Click Here,US
30,thewolfpackbycru.com,"Shop Boxing Gloves, Boxing Workout Clothes & Boxing Accessories Now! – The Wolfpack by CRU","5,845,122",Click Here,-
31,atfsports.com,"ATF Sports Inc. - Shop Boxing, Martial Arts & Fitness Equipment","5,930,660",Click Here,CA
32,stingsports.com,STING SPORTS USA,"6,239,098",Click Here,AU
33,boxingdaybox.com,Boxing Day Box | Brought to you by dbrand,"6,382,592",Click Here,US
34,brooklynboxingshop.com,Brooklyn Boxing Shop,"6,440,728",Click Here,US
35,movimentoapparel.com,"Movimento Apparel | Women's & Men's Clothing, Fashion and Accessories | Workout Wear | Boxing Wear | Dance Wear | Street wear - Clothings Made in Los Angeles USA","6,472,818",Click Here,-
36,theclinchfightshop.com,The Clinch Fight Shop,"6,736,702",Click Here,-
37,gymenist.com,"Dumbbells, kettlebells & kind of Exercise Equip. – Gymenist","7,153,150",Click Here,US
38,trojanfight.com,Guanti Boxe - Trojan Fight is the champion's choice for boxing gear,"7,223,761",Click Here,-
39,noboxingnolife.com.mx,No Boxing No Life - Tienda de artículos para boxeo en México.,"7,327,254",Click Here,-
40,redditchmma.com,Redditch MMA | The Home of Mixed Martial Arts | First Class FREE – RedditchMMA,"7,380,071",Click Here,IT
41,actionprogear.com,"Action Pro Gear - Muay Thai, Boxing, MMA, Fitness","7,400,691",Click Here,CA
42,kimpacific.com,"Martial Arts Supplies, Karate Uniforms, BJJ gear, Muay Thai Gear, Belt","7,749,702",Click Here,-
43,simplemitts.com,SIMPLEMITTS: HOME FOR PERSONAL TRAINERS and BOXING ENTHUSIAST FOR ALL,"7,958,475",Click Here,US
44,bradstreetglass.com,Bradstreet Glass Stained Glass Sheets and Glass Art Supplies – BradstreetGlass,"8,087,167",Click Here,US
45,fighting-mad.com,Boxing T-Shirts and Merchandise for Boxing Fans | Fighting Mad,"8,587,812",Click Here,-
46,cutman4hiresupplies.com,CUTMAN4HIRE SUPPLIES – Cutman4Hire Cutman Supplies,"8,593,581",Click Here,CA
47,phoenix-fitness.com,UK Fitness Equipment Products and Accessories - Shop Online – Phoenix Fitness,"8,756,275",Click Here,GB
48,99fighters.com,99fighters / Fightwear and Gear. Top Brands and Discounts. – 99Fighters,"8,931,101",Click Here,US
49,pugilismco.com,Boxing News – Pugilism Co.,"9,985,443",Click Here,US
50,profitboxing.com,Pro-Fit Boxing,"10,119,809",Click Here,AU
51,primedesire.com,PRIME DESIRE | Sportswear Shop,"10,248,284",Click Here,-
52,fitup.co.uk,"Online Martial Arts, Boxing, Kickboxing Shopping Store in UK - Fit-Up Sports","10,295,307",Click Here,-
53,dsgofficial.com,"Danny ""Swift"" Garcia Offical Website","12,955,640",Click Here,US
54,peterwelchsgymshop.com,"Peter Welch's Gym Shop, South Boston, Apparel, Boxing Training Gear | Peter Welch's Gym Shop","13,131,704",Click Here,-
55,a1fightgear.com,Cutting Edge Martial Arts Equipment – A1 Fight Gear,"13,612,268",Click Here,IT
56,battlefightgear.com,"Battle Fight Gear | Dare to Battle | Active, Fitness and Sportswear","14,007,690",Click Here,-
57,rcgear-shop.com,"RC Gear | Fitness, Boxing, Sportwears","14,014,173",Click Here,-
58,the-boxing-gym.com,The Boxing Gym STL,"14,045,938",Click Here,-
59,topking.shop,"Boxing Gloves, Muay Thai Shorts, Shin Pads - Top King Boxing","14,050,802",Click Here,-
60,lvfightshop.com,Las Vegas Fight Shop Official Online Storefront,"15,475,162",Click Here,US
61,hammerheadboxing.com,"Hammerhead: Punching Bags, Boxing Rings and More – HammerheadBoxing.com","15,983,491",Click Here,US
62,soloboxing.com,"SOLO Boxing, Hecho SOLO Para Campeones! – Solo Boxing","16,351,006",Click Here,US
63,gymfitnation.com,Gym Fit Nation | Gym Fit Nation,"18,539,741",Click Here,US
64,rmblapparel.com,The best boxing apparel & gear in Canada | Shop Rumble Boxing – Rumble Boxing,"18,551,440",Click Here,-
65,bazookasquad.com,Bazooka Apparel – Bazooka Kickboxing Ltd,"18,735,269",Click Here,US
66,boxersfight.com,"Top Boxing, MMA and Fighting Store – Boxersfight","19,773,854",Click Here,-
67,boxing.co.za,"TITLE Boxing Equipment South Africa: Boxing Gloves, Punching Bags – TITLE BOXING",-,Click Here,-
68,7-boxing.com,7-Boxing,-,Click Here,-
69,collectboxing.com,Boxing Memorabilia & Boxing Collectibles | Collect Boxing,-,Click Here,US
70,unionjab.co.uk,Union Jab British boxing,-,Click Here,-
71,unionjab.com,Union Jab British boxing,-,Click Here,-
72,theringboxingclubshop.com,Boxing T Shirts from The Legendary Ring Boxing Club Shop in London. – The Ring Boxing Club Shop,-,Click Here,-
73,rmbl.ca,The best boxing apparel & gear in Canada | Shop Rumble Boxing – Rumble Boxing,-,Click Here,-
74,phenomboxing.com,"Phenom Boxing: Boxing, MMA, Fightgear and Fightwear – PHENOM BOXING",-,Click Here,US
75,iconsofboxing.com,icons of boxing boxers autographs and signed memorabilia collectibles – iconsofboxing.com,-,Click Here,US
76,bigbearboxing.com,"BigBearBoxing - Boxing, MMA Equipment and Supplies – Big Bear Boxing",-,Click Here,US
77,r2fsports.com,"Boxing, MMA, Kickboxing, Taekwondo, Karate, Kung Fu Combat Sports Gear",-,Click Here,UK
78,unifiedboxing.co.uk,Affordable Pro Standard | Boxing Gloves | Head Guards | Unified Boxing,-,Click Here,-
79,fatboyshrinkstore.com,FATBOYSHRIBK BOXING – FATBOYSHRINK BOXING,-,Click Here,-
80,flyxfitness.com,FLY-X Fitness - Largest Range for MMA Boxing Enthusiast,-,Click Here,US
81,bareknuckle.co.za,"Bare Knuckle - The ultimate boxing, MMA and fight apparel store in South Africa.",-,Click Here,-
82,askarifighter.com,"Askari Fight Wear | Muay Thai, MMA, Boxing | Askarifighter.com",-,Click Here,SE
83,sedrocsports.com,"Sedroc Sports: Your source for mma, boxing and martial arts equipment.",-,Click Here,US
84,boxaholik.com,The Boxing Aficionado – Boxaholik,-,Click Here,US
85,budoonline.co.uk,Budo Online Martial Arts Shop: BJJ Boxing Karate MMA Taekwondo,-,Click Here,-
86,leadersboxing.com,Leaders Boxing USA,-,Click Here,CA
87,madnessboxingapparel.com,The Boxing Streetwear Brand - Madness Boxing Apparel – Madnessboxingapparel,-,Click Here,US
88,martialartaccessories.com,Accessories for martial arts keep fit and boxing equipment – Martial Art Accessories,-,Click Here,-
89,sporteq.co.uk,"SportEQ |Punching Bags, Dumbbells, Boxing Kits| Free Delivery UK",-,Click Here,-
90,redcornerboxing.com.au,Red Corner - Fits You – Red Corner Boxing,-,Click Here,-
91,moqboxing.com,MOQ BOXING,-,Click Here,-
92,revolheart.com,Revolheart - Women's Boxing – REVOLHEART,-,Click Here,PA
93,undisputedsports.co.uk,"Undisputed Sports | Boxing Equipment, MMA, Taekwondo, BJJ, Muay Thai",-,Click Here,-
94,necalliboxing.com,The Original Deportes Casanova Boxing Gear Made in Mexico Since 1952 – Necalli Boxing,-,Click Here,-
95,stingsports.com.au,"Boxing, MMA, Fitness Equipment & Accessories - STING SPORTS AUSTRALIA",-,Click Here,-
96,fightsupply.com,Fight Supply | BJJ MMA Boxing Muay Thai,-,Click Here,US
97,fightgeardirect.com.au,"Muay Thai Clothing, Boxing Gloves & BJJ | FightGearDirect.com.au",-,Click Here,-
98,ak47mma.com,"AK-47 MMA Fight Shop: Muay Thai, Jiu Jitsu, Boxing, & MMA Gear",-,Click Here,US
99,gb7sports.com,GB7: Combat Sports Equipment - MMA - Boxing - Muay Thai - Martial Arts,-,Click Here,US
100,bjjshop.com.au,The Fight Factory Home Page everything Thai Boxing BJJ MMA,-,Click Here,-
101,gamebullboxing.com,Boxing Apparel – GAMEBULL,-,Click Here,-
102,josephparker.com,Joseph Parker – Parker Boxing,-,Click Here,NZ
103,ekkamaiboxing.com,Ekkamai Boxing – ekkamaiboxing,-,Click Here,-
104,sectormma.com,"MMA, UFC, & Boxing Equipment, Gear and Accessories | Sector MMA",-,Click Here,PA
105,boxingmerchandisestore.com,Boxing Merchandise Store,-,Click Here,US
106,boxingzone.fr,"boxingzone, site de vente d'articles de boxe en france. – boxing-zone",-,Click Here,-
107,humblewarrior.co,"Humble Warrior - Clothing for boxing, yoga, and more. – Humble Warrior Clothing",-,Click Here,US
108,mahafightgear.com,"#1 spot for Fight Gear and Apparel - Muay Thai, MMA, BJJ, Boxing– Maha Fight Gear",-,Click Here,US
109,chaosboxing.com,Chaos Boxing Equipment – Chaosboxing,-,Click Here,-
110,laceandloop.com,Lace Up Your Own Boxing Gloves! – LaceNLoop,-,Click Here,PA
111,liveboxing.co.nz,Live Boxing,-,Click Here,-
112,phoenixboxing.ca,WELCOME TO PHOENIX BOXING - REVITALIZING YOU IN POWERFUL WAYS!,-,Click Here,-
113,pfgsports.com,"Performance Fight Gear | MMA, Boxing, Karate, & BJJ Sports Gear",-,Click Here,US
114,squarecirclesports.com,"Square Circle Sports | Boxing & MMA Equipment, Liverpool U.K.",-,Click Here,GB
115,combatek.com,"Combatek - Boxing, MMA, Muay Thai & Weight Training",-,Click Here,US
116,stealthsports.com.au,Stealth Sports | Boxing Fitness and MMA Accessories,-,Click Here,-
117,mmadirect.com.au,"MMA DIRECT: Martial Arts, MMA, Boxing Equipment Gear Apparel & More",-,Click Here,-
118,mmadistribution.com.au,The Fight Factory Home Page everything Thai Boxing BJJ MMA,-,Click Here,-
119,warriorsboutique.com,"WarriorsBoutique.com | boxe, muay thai, kick-boxing, MMA, Karaté,",-,Click Here,-
120,k9-boxing.com,K9 Boxing,-,Click Here,-
121,versamitts.com,"versamitts double sided punch mitts, pads, boxing training anystrike – Versamitts.com",-,Click Here,US
122,rumblebrothersboxing.com,Rumble Brothers Boxing,-,Click Here,-
123,onemoreround.co.uk,"One More Round | Boxing, Combat Sports & Martial Arts Equipment",-,Click Here,-
124,nvbhofshop.com,Nevada Boxing Hall of Fame Online Store - NVBHOF – NVBHOF SHOP,-,Click Here,-
125,unitnine.com.au,"Your perfect yoga mats, boxing gloves,gym gear and beach pillows – Unit Nine",-,Click Here,-
126,toptencanada.ca,Best Quality Martial Arts / Boxing Uniforms and Equipment Supplies | Top Ten Canada,-,Click Here,-
127,grujmatch.com,Grujmatch.com – grujmatch.com,-,Click Here,CA
128,fightershop.co.uk,MMA Gear and Apparel - FIGHTERSHOP.CO.UK – Fightershop.co.uk,-,Click Here,-
129,fightclubbunker.com,Fight Club Bunker,-,Click Here,NZ
130,dmbboxing.com,Boxing Equipment & MMA Gear Online Store | DMB Boxing,-,Click Here,US
131,appleshelving.com.au,Wholesale Supplier of Quality Shelving and Industry Products – Apple Shelving Business,-,Click Here,-
132,pandemicfightgear.com,Pandemic Fight Gear– Pandemic Fight Gear Inc.,-,Click Here,-
133,kosports.com.au,KO SPORTS EQUIPMENT,-,Click Here,-
134,koningfightwear.com,KONING FIGHTWEAR – Koning Fightwear,-,Click Here,-
135,supershowstore.co.uk,SuperShow Store - Junior & Kids Muay Thai Equipment – SuperShowStore,-,Click Here,-
136,onwardathletics.com,"Boxing Gloves, Mitts & Boxing Accessories– Onward Athletics",-,Click Here,-
137,nakmuaystore.com,"Shop Muay Thai & MMA T-Shirts, Clothing and Equipment – Nak Muay Store - Muay Thai Clothing and Equipment",-,Click Here,-
138,thebabysroom.co.nz,"Baby Gift Boxes, Gorgeous Products, Premium Service",-,Click Here,-
139,hypnotik.com,"Hypnotik - BJJ Gis, Rashguards, Fight Shorts, Boxing Gloves, MMA - Hypnotik.com",-,Click Here,US
140,babyfightgear.us,The #1 Childrens Mixed Martial Arts Clothing Store Online!,-,Click Here,-
141,dcstraining.co.nz,DCS Training – DCS New Zealand,-,Click Here,-
142,2linedmusichutstore.com,All Access 2 Culture – 2 Lined Music Hut Store,-,Click Here,US
143,fightfoundry.co.uk,Fight Foundry - The new home of contact sports,-,Click Here,-
144,infernonutrition.com,"Inferno Nutrition - Supplements for the MMA and Combat Athlete – Inferno Nutrition, LLC",-,Click Here,US
145,fightflair.com,Combat gear and apparel – FightFlair,-,Click Here,PA
146,fightlab.co.uk,Shop Muay Thai Gear & Equipments UK - Fightlab,-,Click Here,-
147,declaration-of-freedom.com,Declaration of Freedom | T shirt mode,-,Click Here,FR
148,absoluteextremeonlinesupps.com.au,Absolute Extreme Online Enhancement - Welcome To Our Store,-,Click Here,-
149,1on1knockout.com,1-ON-1 Knockout – 1on1 Knockout,-,Click Here,-
150,fasoko.com,"Fasoko luxury clothing and gear for BJJ, MMA, & Boxing – FASOKO",-,Click Here,US
151,jabapparel.com,JAB Apparel - Fashion For Fighters– Jab Apparel Store,-,Click Here,-
152,fnashop.com,FIGHT NIGHT APPAREL – Fight Night Apparel,-,Click Here,US
153,focusedfightwear.com,Focused Fightwear,-,Click Here,US
154,jaybeeimports.com,Jay Bee Imports – Jay Bee Imports,-,Click Here,-
155,bellastrongapparel.com,"Bella Strong Women's Fitness Apparel, women's workout clothes, fitness",-,Click Here,US
156,frankboxingcoach.com,12 Week Strength And Conditioning - Build Power Behind Your Punch – Frank Boxing Coach,-,Click Here,US
157,intensefitnesstools.com,Your One Stop Shop For Your Active Lifestyle SwimmingHikingRunning Fit – intensefitnesstools,-,Click Here,US
158,fitmart.co.nz,"Fitmart fitness, exercise, rehab and combat martial arts products",-,Click Here,-
159,bigbearboxingandfitness.com.au,Big Bear Boxing and Fitness,-,Click Here,-
160,art-of-boxing.co.uk,Art of Football,-,Click Here,-
161,art-of-boxing.com,Art of Football,-,Click Here,-
162,sacosytatamis.com,SACOS Y TATAMIS,-,Click Here,ES
163,berzerkfightwear.com,Berzerk Fightwear,-,Click Here,-
164,jgaryautographs.com,J Gary Autographs - Signed and Authentic Sports Memorabilia,-,Click Here,US
165,fromthecorner.co.nz,From The Corner – Welcome,-,Click Here,-
166,jeo-shi.com,Jeoshi - Martial Arts Rooted Streetwear,-,Click Here,US
167,glimpsemiami.com,Glimpse Active Lifestyle Boutique,-,Click Here,US
168,boxhandschuh.shop,Boxhandschuhe online kaufen in der Schweiz – boxhandschuh.shop,-,Click Here,CH
169,boxingbarn.com,Boxing Barn,-,Click Here,UK
170,boxingevolution.store,Boxing Evolution store,-,Click Here,-
171,boxingglovesplus.com.au,Boxing Gloves Plus,-,Click Here,-
172,boxa.com.au,BOXA BRAND,-,Click Here,-
173,boxingbar.co.uk,BoxingBar Develop your BOXING and MMA skills,-,Click Here,-
174,boxingtee.com,Boxing Tee,-,Click Here,UK
175,sartonk.com,Honor Your Champion Apparel | Boxing Inspired Shirts & Hoodies,-,Click Here,US
176,hayabusafight.ae,"hayabusauae • Hayabusa Fight - boxing gloves, jiu jitsu gis, compression and shorts",-,Click Here,-
177,hayabusafight.ca,"Hayabusa Fight Canada • Hayabusa Fight - boxing gloves, jiu jitsu gis, compression and shorts",-,Click Here,-
178,hotsuit.com.hk,"Best Performance Activewear for Boxing, Fitness, Gym, Yoga & Athletic – Hotsuit HK",-,Click Here,-
179,shopsuperficial.com,SHOP SUPERFICIAL – SUPERFICIAL,-,Click Here,-
180,gymadvisor.org,gymadvisor | Coach | Sports Equipment,-,Click Here,GB
181,gsixfitness.com.au,G-Six Combat Sports and Fitness Centre – GSix Combat Sports & Fitness Centre,-,Click Here,-
182,briskville.com,BRISKVILLE,-,Click Here,US
183,homeschoolboxer.com,The Home School Boxer - Training Outside the Gym - At Home Training– Homeschool Boxer,-,Click Here,-
184,homegymplusfitnessequipment.com.au,Home Gym Plus Fitness Equipment,-,Click Here,-
185,maddogsboxing.com,Mad Dogs Boxing online store #SeriousAboutBoxing,-,Click Here,-
186,pbcmerch.com,Shop PBC Merchandise,-,Click Here,-
187,leone1947.com.au,"Leone 1947 Sportswear, clothing boxing, Leone 1947 Store – Leone Australia Pty Ltd",-,Click Here,-
188,shopfightcamp.com,Fight Camp,-,Click Here,US
189,laemasports.com.au,Home | Best Unique High Quality Sport Accessories Online – LAEMA SPORTS,-,Click Here,-
190,everlast-canada.com,Everlast Canada,-,Click Here,US
191,captainmartialarts.com,Captain Sports | Best Martial Arts Supplies‎ | Official Adidas,-,Click Here,-
192,gymclobberuk.com,Gym Clobber UK,-,Click Here,-
193,exerciser.co,Your Professional Online Trainer – exerciser.co,-,Click Here,-
194,exercisesupportsolutions.co.uk,Exercise Support Solutions,-,Click Here,-
195,shoptagon.ie,Europe's #1 Combat Store Chain – SHOPTAGON,-,Click Here,-
196,mavyagear.com,Mavya Gear | The latest combat gear products to unleash the beast,-,Click Here,NZ
197,mcsportsdirect.com,Martial Clothing Gear,-,Click Here,-
198,lobloo.com,Groin guards | Pelvic protectors | Mouth guards | Created by Olympians – LO-BLOO,-,Click Here,SE
199,singletman.com,Singlet Man-Used Singlets,-,Click Here,-
200,chessboxingshop.com,Chess Boxing Global Shop,-,Click Here,DE
201,martialartsshop.com.au,Adelaide Martial Arts Shop – Adelaide martial arts shop,-,Click Here,-
202,clashstyles.com,BXIN – BXIN.LTD,-,Click Here,-
203,chriseubankjr.com,CHRIS EUBANK JR | NEXTGEN,-,Click Here,US
204,manicfitness.com.au,Manic Fitness - Fountain Gate,-,Click Here,-
205,marinternational.eu,"Martial Arts Wholesale & Retail, Equipment & Accessories | MAR",-,Click Here,-
206,sportswholesale.co.nz,Sports Wholesale New Zealand - Ball sports boxing to camping & darts,-,Click Here,-
207,migosports.co.uk,"Migo Sports - Specialist Sports Shop Muirend, Glasgow",-,Click Here,-
208,mikeleeshop.com,"Official Mike Lee Store | Boxing Shirts, Hoodies, Tank Tops",-,Click Here,-
209,sportaddco.com,Official Store Online Sportadd Company– SPORTADD COMPANY,-,Click Here,-
210,sportstrue.com,SportsTrue.com,-,Click Here,PA
211,sportsdepot.co.nz,Sports Wholesale New Zealand - Ball sports boxing to camping & darts,-,Click Here,-
212,staminaforsale.com,Stamina for Sale,-,Click Here,GB
213,starsandlegends.co.uk,Stars & Legends Sport Film & Music Memorabilia – Stars&Legends,-,Click Here,-
214,cricfit.com.au,CricFIT | Cricket Gear | Fitness Gear | Ca-Sports | Fatal,-,Click Here,-
215,pushthaiboxing.com,Push Thai Boxing – pushthaiboxing,-,Click Here,US
216,creativeboxing.co.uk,Creativeboxing - TAPFLEX – Creativeboxing UK,-,Click Here,-
217,punish.com.au,"Punish Nutrition supplements, Fight Gear boxing gloves and Apparel",-,Click Here,-
218,megafunpartyrentals.com,Mega Fun Party Rentals,-,Click Here,-
219,powerofthegods.net,Power Of The Gods Fitness - All Your Fitness And Exercising Needs.,-,Click Here,-
220,combatsportsgear.co.uk,"Combat Sports Gear | MMA Gear | Boxing, BJJ, Muay Thai & Equipment UK – Combat Sports Gear - Fightwear Online",-,Click Here,-
221,mevalemadre.com,Me Vale Madre Clothing,-,Click Here,US
222,lovemma.com,Love MMA | T Shirts | Apparel | Clothing | Tees | MMA News | Fighting – LOVE MMA APPAREL,-,Click Here,US
223,revelecontactwear.com,"Revele Contact : Protections for Rugbywomen, DerbyGirls, BJJ, lacrosse– REVELE CONTACTWEAR",-,Click Here,FR
224,sumoraiperformance.com,Sumorai Performance Active Sportswear,-,Click Here,US
225,sunpartnersco.com,"Sun&Partners Store: Sport Style - Soccer, Basketball, Fitness, Boxing",-,Click Here,-
226,stingsports.ca,STING SPORTS Canada,-,Click Here,-
227,stingsports.co.nz,STING SPORTS NZ,-,Click Here,-
228,stingsports.co.uk,STING SPORTS UK,-,Click Here,-
229,mmashoji.com,MMA SHOJI – MMASHOJI,-,Click Here,CA
230,mmasupply.co.uk,Manchester Martial Arts & Gym Supplies – mmallsports,-,Click Here,-
231,mmawarehouse.ca,"Hypnotik - BJJ Gis, Rashguards, Fight Shorts, Boxing Gloves, MMA - Hypnotik.com",-,Click Here,-
232,radioactivenyc.com,NEVER BEFORE SEEN TEE SHIRTS FROM THE UNDERGROUND ZEITGEIST – RADIOACTIVE-NYC,-,Click Here,-
233,realboxing.ca,Real Boxing Apparel,-,Click Here,-
234,warfareincclothing.com,Warfare Inc Clothing & Lifestyle,-,Click Here,-
235,streetjitsustore.com,Street Jitsu Store,-,Click Here,US
236,raw-ness.com,Fitness Jewelry– rawness,-,Click Here,-
237,moaasafitness.com,Moaasafitness – moaasafitness,-,Click Here,-
238,modestvintageplayer.com,Fine Leather Sporting Goods – MODEST VINTAGE PLAYER LTD,-,Click Here,NZ
239,rxdpro.com.au,RXDPRO Functional Fitness Products – RXD PRO Fitness Products,-,Click Here,-
240,vet-sales.com,Welcome to Vet-Sales - Martial Arts and Contact Sports Supplier,-,Click Here,US
241,ucclatam.com,"MMA GEAR | UFC ONLINE STORE Kickboxing, Muay Thai Equipment",-,Click Here,-
242,kyokushinstore.com,Kyokushin Store,-,Click Here,US
243,supportfighters.com,Custom MMA fight shirts and apparel – XPLICIT ones,-,Click Here,-
244,richragsclothing.com,RICH RAGS CLOTHING,-,Click Here,-
245,khailsport.com,Khail Sport,-,Click Here,-
246,ringsidekings.com,Ringside Kings Apparel,-,Click Here,-
247,synergyfightshop.com.au,South Australian Number 1 Fight Store – Synergyfightshop,-,Click Here,-
248,valetudodeathsquad.com,Vale Tudo Death Squad Home,-,Click Here,-
249,knockoutgearmx.com,Tienda de equipo para MMA KnockOut Gear Mx,-,Click Here,-
250,kmtapparel.co.uk,Fashion Store – KMT Apparel,-,Click Here,-
251,sweetsciencesports.com,Sweet Science Apparel – Sweet Science Sports,-,Click Here,-
252,noble-nation.com,Noble Nation ACG,-,Click Here,-
253,nobleboxing.co.uk,Noble Boxing,-,Click Here,-
254,nolimitsliverpool.co.uk,"No Limits Gym Liverpool | Strength, Conditioning and Boxing Classes",-,Click Here,-
255,ohthatthing.com,boxsavage.com,-,Click Here,-
256,vingtsun.shop,Ving Tsun Shop - Training clothes and equipment. Fight with style !,-,Click Here,-
257,vintagesports.com,"Vintage Sports - Shop Vintage Sports Fashion, Gear and Memorabilia",-,Click Here,-
258,visionbody.com.au,VisionBody Australia,-,Click Here,-
259,unit13.co.uk,"UNIT13 Kaged Muscle Supplements, SABAS Fight Gear and Lace N Loop Shop",-,Click Here,-
260,victorus.co,Victorus Martial Arts - Premium Martial Arts Equipment,-,Click Here,-
261,umafightgear.com.au,UMA Fightgear,-,Click Here,-
262,usmta-offical-gear-shop.com,USMTA OFFICIAL GEAR,-,Click Here,-
263,unitedfistfightstore.com,United Fist Fight Store,-,Click Here,-
264,threat-fit.com,"Fitness, Combat Sports, Survival Preparation. Clothing & Accessories!– THREAT-FIT",-,Click Here,-
265,tkofightstore.com,TKO Fight Store – tkofightstore,-,Click Here,-
266,tkostrength.com,TKO Strength & Performance,-,Click Here,-
267,titansboxing.com,Titans Boxing Promotions,-,Click Here,-
268,tencountsports.com,Ten Count Sports – TenCount,-,Click Here,-
269,thedresscleaningcompany.co.uk,Specialist Wedding Dress Cleaning and Boxing | We Collect & Deliver – The Dress Cleaning Company,-,Click Here,-
270,thegreatestbargain.com,Unique products representing countries from around the world.– thegreatestbargain.com,-,Click Here,-
