1,riffcityguitaroutlet.com,Online Guitar Store | Music Instrument Shop | Riff City Outlet,"269,444",Click Here,US
2,hipshotproducts.com,The new tradition in bass and guitar hardware. – Hipshot Products,"294,445",Click Here,-
3,buildyourownclone.com,DIY Guitar Effects Pedal and Amplifier Kits – Build Your Own Clone,"311,169",Click Here,US
4,artisticpod.com,Artistic Pod - Store For Music Lovers,"316,827",Click Here,PA
5,cartervintage.com,Carter Vintage Guitars,"348,267",Click Here,US
6,carvinaudio.com,Carvin Amps and Audio- Gear For Musicians and Sound Professionals,"361,668",Click Here,US
7,humbuckermusic.com,"Humbucker Music | Humbucker Music - Boutique Amps, Guitars, Pedals","372,876",Click Here,-
8,mammothelectronics.com,Mammoth Electronics,"382,061",Click Here,US
9,ex-gear.com,EX-GEAR | Make Some Noise!,"390,170",Click Here,US
10,thefretwire.com,The Fretwire – The FretWire,"449,951",Click Here,US
11,barefacedaudio.com,Barefaced Audio Loudspeakers,"459,533",Click Here,UK
12,walrusaudio.com,Audio effects|Guitar Pedals|Pedals & Effects – Walrus Audio,"520,097",Click Here,US
13,thejustinguitarstore.com,The JustinGuitar Store – Justinguitar Store,"547,516",Click Here,US
14,jamstik.com,Jamstik Smart Guitars | Modern MIDI Guitars for Learners & Creators,"565,261",Click Here,US
15,travelerguitar.com,Traveler Guitar,"627,904",Click Here,-
16,guitarpusher.com,Guitar Pusher - Quality Guitars and Gear in the Philippines! – GuitarPusher,"640,820",Click Here,PH
17,thaliacapos.com,Custom Exceptional Guitar Capos For Sale | Buy Best Guitar Capo Online,"647,121",Click Here,US
18,musicbliss.com.my,Guitar Shops Petaling Jaya Malaysia | MusicBliss.com.my– Music Bliss Malaysia,"666,340",Click Here,-
19,rosemorris.com,London’s guitar & music instrument shop in Denmark Street – ROSE MORRIS,"686,444",Click Here,GB
20,donnerdeal.com,Donnerdeal-Find Your Guitar Gear at Better Price-Free Shipping,"686,903",Click Here,CN
21,xguitars.com,Classical Guitars & Flamenco Guitars from XGuitars,"689,399",Click Here,-
22,steelpantherrocks.com,Steel Panther Official Store,"694,428",Click Here,US
23,thenorthamericanguitar.com,The North American Guitar | The UK Home of the Finest Custom Guitars,"716,641",Click Here,-
24,wernerguitareditions.com,Werner Guitar Editions,"724,327",Click Here,-
25,massstreetmusic.com,Mass Street Music Store,"725,501",Click Here,-
26,neunaber.net,Neunaber Audio,"740,680",Click Here,US
27,920dcustom.com,920D Custom,"751,820",Click Here,US
28,lacemusic.com,Lace Music Products,"765,053",Click Here,-
29,bigcitymusic.com,Electronic Music Gear and Synthesizers – Big City Music,"807,350",Click Here,CA
30,bentwoodjewelrydesigns.com,Bentwood Jewelry Designs - Custom Handcrafted Bentwood Wood Rings,"815,945",Click Here,US
31,ashdownmusic.com,Ashdown Engineering,"859,045",Click Here,-
32,acousticcentre.com.au,Acoustic Centre - Melbourne's Home Of Acoustic Guitars,"865,323",Click Here,AU
33,luckyfret.com,"Lucky Fret Music Co | New, Used and Vintage Guitars, Amps and Effects – Lucky Fret Music Co.","919,920",Click Here,-
34,aluminatiguitars.com,"Aluminati Guitar Company: Perpetually Modern, Instantly Classic – Aluminati Guitars","920,261",Click Here,US
35,klosguitars.com,KLOS Carbon Fiber Guitars,"923,377",Click Here,US
36,guitargal.com,"Guitar Gallery - Offering High end, Hand crafted Guitars 4 our clients","932,284",Click Here,US
37,rogueguitarshop.com,"Rogue Guitar Shop - High-end guitars, amps & effect pedals. Free Shipping. Zero Tax.","952,909",Click Here,US
38,hardluckkings.com,"HardLuck Kings Guitar Co.: Pro Style, Tour Ready Gear, Since 2010","954,850",Click Here,US
39,purpleplectrums.com,Plexstrum - Purple Plectrums - Ezee Pluckin,"1,032,643",Click Here,US
40,originalfuzz.com,Guitar Straps and Accessories for Guitar Players – Original Fuzz,"1,033,127",Click Here,US
41,makenmusic.com,"Make'n Music | High-end Boutique Guitars, Amps & Effects","1,033,620",Click Here,-
42,adkguitar.com,Adirondack Guitar | Left Handed and Righty Guitar and Bass,"1,068,208",Click Here,US
43,guitaremporium.com.au,Australia's Premier Vintage Guitar Store! - Guitar Emporium,"1,076,275",Click Here,AU
44,flightmusichk.com,飛騰音樂中心 Flight Music Centre 香港 | 旺角 | 彩虹 | 澳門 Yamaha Roland Casio Korg – 飛騰音樂中心 Flight Music Centre | 香港 | 旺角 | 彩虹 | 澳門 Yamaha Roland Casio Korg Hk,"1,090,987",Click Here,HK
45,stltones.com,"STL Tones Official Producer Plug-Ins, Kemper Profile & Axe FX Preset","1,131,890",Click Here,AU
46,mrblackpedals.com,Mr. Black Pedals,"1,161,884",Click Here,US
47,guitarbuild.co.uk,Guitar Bodies | Guitar Necks | Custom Made Guitar Parts | Guitarbuild,"1,189,580",Click Here,-
48,replayguitar.com,"Guitars | Replay Guitar Exchange | Tampa, FL | For Sale","1,227,379",Click Here,US
49,dsmusic.com,Music Shop UK - Guitar Shop | DS Music,"1,229,237",Click Here,GB
50,byocelectronics.com,DIY Guitar Effects Pedal and Amplifier Kits – Build Your Own Clone,"1,302,722",Click Here,-
51,mesahollywood.com,Mesa Boogie Hollywood Store,"1,326,678",Click Here,-
52,winspearinstrumental.com,Winspear Instrumental Company ~ Boutique Guitar Accessories,"1,334,235",Click Here,-
53,tubeworldexpress.com,"World's best vacuum tubes for tube audio, guitar amps, radios, studios","1,344,858",Click Here,-
54,rivingtonguitars.com,"Rivington Guitars, NYC`s Best Little Guitar Store & Guitar Repairs","1,451,224",Click Here,US
55,revoguitarstraps.com,Revo Guitar Straps - Handcrafted Wooden Guitar Straps From Costa Rica,"1,495,171",Click Here,PA
56,tapestryaudio.com,Guitar Pedals | Guitar Effects | Guitar Pedalboard Accessories – Tapestry Audio,"1,545,717",Click Here,-
57,hibdonhardwood.com,"Hibdon Hardwood, Inc.","1,556,130",Click Here,US
58,onefortythree.com,Handmade modern lighting and furniture - onefortythree,"1,643,122",Click Here,US
59,motorcityguitar.com,"Motor City Guitar • ""Musicians Serving Musicians"" Since 1988","1,644,205",Click Here,-
60,begears.com,"Begears: Online Shopping - Extensive selection, Best Gears — BeGears","1,666,055",Click Here,-
61,madhatterguitarproducts.com,Mad Hatter Guitar Products,"1,691,657",Click Here,US
62,milkmansound.com,Milkman Sound,"1,702,774",Click Here,US
63,loogguitars.com,Kids' Guitar Reimagined,"1,744,044",Click Here,US
64,axeheaven.com,"AXE HEAVEN Miniature Guitars – Officially Licensed Fender Mini Guitar Replica Collectibles, Stratocaster, Telecaster, Custom Promo Miniature Guitars, Rock Star Guitar Awards","1,748,302",Click Here,US
65,cequentia.com,Cequentia – clauslevin,"1,781,659",Click Here,-
66,palenmusic.com,"Music Store Based in Springfield, MO | Palen Music Center","1,828,611",Click Here,-
67,guitarchimp.com,Guitar Chimp,"1,888,274",Click Here,US
68,musicstreet.co.uk,"Musicstreet | Guitar Shop UK | Music Shop | PRS, Fender, Duesenberg","1,938,691",Click Here,GB
69,regentsounds.com,Regent Sounds of Denmark Street London Guitar Shop,"1,952,977",Click Here,US
70,fretlight.com,The Fretlight Wireless Guitar Store– The Fretlight Guitar Store,"1,989,883",Click Here,US
71,stangguitars.com,"Stang Guitars | Shop Edmonton’s Best Guitar, Amp and FX Store Online","2,039,662",Click Here,CA
72,adlibmusic.com.au,"Adlib Music | Home of Sheet Music, Accessories & Musical Giftware","2,051,793",Click Here,-
73,mgbguitars.com,Cigar Box Guitar Parts | Buy Guitars Parts Online | MGB,"2,058,866",Click Here,US
74,custom-picks.eu,Custom-Picks.eu - Order your custom printed guitar picks online,"2,093,664",Click Here,-
75,evolutionmusicstore.com,Evolution Music,"2,169,370",Click Here,US
76,austinguitarhouse.com,"AUSTIN GUITAR HOUSE - 1104 East 12th St, Austin, Texas 78702 – Austin Guitar House","2,179,309",Click Here,US
77,americanshop4u.com,AmericanShop4U,"2,196,309",Click Here,PA
78,boldfacegear.com,Customized – Personalized – Licensed Backpacks and Guitar Bags,"2,232,154",Click Here,US
79,protonemusicuk.com,Protone Music Liverpool– ProTone Music,"2,234,894",Click Here,-
80,pighogcables.com,Pig Hog Cables | FAT Cable. FAT Sound.,"2,240,272",Click Here,US
81,creamtone.com,CreamTone Vintage Design,"2,278,991",Click Here,-
82,langleyguitarcentre.co.uk,Langley Guitar Centre / Guitar Shop / Specialists in Guitars And Amps,"2,330,194",Click Here,-
83,totmusicstudio.net,TOT ALL AUDIO,"2,345,710",Click Here,KW
84,shorelinemusic.com,Shoreline Music,"2,408,943",Click Here,US
85,decoboom.com,"DECOBOOM - Pickguard Design, Guitar Parts, and Guitar Art","2,433,153",Click Here,US
86,soundsgreatmusic.com,"Guitars, Pedals, Keyboards and More Online and in our Manchester Store","2,473,806",Click Here,-
87,charliehunter.com,The Official Website and Online Store of Charlie Hunter – Charlie Hunter Official,"2,483,589",Click Here,US
88,eddievanhalenstore.com,Official EVH Store - Exclusive EVH Merch & 5150 Guitar Gear – Eddie Van Halen Merch,"2,634,119",Click Here,US
89,guitargrip.com,GuitarGrip - Guitar Hanger Wall Mounted Decor Hand Made in Detroit USA,"2,640,091",Click Here,US
90,edenguitars.com,Eden Guitars Parts and Accessories,"2,774,238",Click Here,US
91,bergmann-edition.com,BERGMANN EDITION,"2,810,545",Click Here,DK
92,devsmusic.in,Devs Music Academy - Award Winning Dance & Music Academy in Pune - Best Sound Engineering Course,"2,861,348",Click Here,IN
93,blackbeardsden.com,"Custom DIY Guitar Kits, Parts and Accessories - Paint, Assemble, Play – Blackbeard's Den","2,922,204",Click Here,-
94,centaurguitar.com,"Centaur Guitar - Used and Vintage Guitars in Portland, Oregon","2,946,433",Click Here,US
95,larkguitars.com,Lark Guitars | Boutique Guitar Shop,"3,033,305",Click Here,US
96,neckillusions.com,neck illusions fingerboard Fret board graphics inlay decals,"3,402,403",Click Here,-
97,luxe-radio.com,Historic Spec Electronic Components,"3,466,111",Click Here,AU
98,guitarscratchremover.com,Guitar Scratch Remover Polish – GuitarScratchRemover by Eternashine,"3,513,296",Click Here,US
99,flamencobarcelonacity.com,Flamenco Barcelona at THEATER City Hall,"3,526,764",Click Here,-
100,beetronicsfx.com,Beetronics FX - Home of the sweetest tones and coolest fuzz pedals.,"3,689,802",Click Here,US
101,foxpedal.com,Boutique Effects for Guitar and Bass,"3,865,719",Click Here,US
102,americanloopers.com,"Guitar Junction Boxes, Patch Bays, Aux Switches and So much More.","3,901,029",Click Here,US
103,firstqualitymusic.com,First Quality Music,"3,939,714",Click Here,US
104,bluemtguitar.com,Blue Mountain Guitar,"4,014,306",Click Here,-
105,coastsonic.com,Coast Sonic Pedal Providers,"4,056,246",Click Here,-
106,apexmusicshop.co.uk,"Apex Music Shop | Electric & Acoustic Guitar specialists of Reading, Berkshire","4,145,738",Click Here,-
107,italiastraps.com,Custom Leather Guitar Straps & Bass Guitar Straps – Italia Leather Straps,"4,153,973",Click Here,-
108,echoinox.com,Echoinox - Where Inspiration Begins | Singapore Electric Guitar Pedals,"4,194,125",Click Here,US
109,musicwarehouse.co.uk,Colchester's Premier Guitar Shop – Music Warehouse,"4,279,556",Click Here,-
110,gmiguitarshop.com,GMI - Guitar & Music Institute Store Guitar Lessons & Tuition,"4,397,908",Click Here,-
111,electraguitar.com,"Electra Guitars | Electric Guitars, Basses, Swag and Accessories","4,561,092",Click Here,US
112,shophouseofguitars.com,House of Guitars Online Shop,"4,593,902",Click Here,-
113,dawnerprince.com,Dawner Prince Electronics | Dawner Prince Electronics | Musical Machinery,"4,635,876",Click Here,HR
114,virgilarlopickups.com,Virgil Arlo Vintage Guitar Pickups. Considered the Best by Top Pros. – VA Pickups,"4,639,672",Click Here,US
115,rock-n-shop-ph.com,"Rock N' Shop | Guitar, Camera, Gadget Accessories","4,646,950",Click Here,-
116,bondieffects.com,Bondi Effects,"4,703,199",Click Here,CA
117,bridgerecords.com,"Bridge Records, Inc.","4,895,400",Click Here,US
118,jazznightschool.org,"Jazz Night School: Seattle adult/youth music lessons, classes & groups","4,941,299",Click Here,US
119,wearyourmusic.com,GUITAR STRING BRACELETS – Wear Your Music,"5,001,221",Click Here,US
120,texasguitarranch.com,Texas Guitar Ranch - Quality Musical Instruments,"5,040,422",Click Here,-
121,survivalprepshop.com,"Building Blocks, Guitar Pedals, Outdoor & Travel Gear - SPS – Survival Prep Shop","5,118,470",Click Here,-
122,seafoampedals.com,Seafoam Pedals,"5,118,749",Click Here,-
123,lifewasteed.com,Lifewasteed | Fan Page Inspired by PJ – LifeWasteed,"5,146,003",Click Here,US
124,luccimusic.com,Colorado Springs #1 Trusted Music Store & Music Lessons | Lucci Music,"5,155,691",Click Here,US
125,strumhollow.com,Strum Hollow Music,"5,206,496",Click Here,US
126,diamondcustomshop.com,Diamond Guitars | Diamond Guitars and Diamond Amps Accessories Custom Shop (DBZ Guitars),"5,315,216",Click Here,PA
127,gregsproaudio.com,Greg's Pro Audio,"5,488,528",Click Here,-
128,solodallas-shop.com,The Schaffer Replica / SoloDallas – SoloDallas LLC,"5,578,998",Click Here,-
129,nashvilleguitarstore.com,Nashville Guitar Store - Guitars and Guitar Accessories,"5,632,560",Click Here,-
130,rorguitars.com,Rob O'Reilly Guitars | Expressive MIDI Guitars – Rob OReilly | Expressiv MIDI Guitars,"5,632,638",Click Here,IE
131,straightupstrings.com,Straight Up Strings – Straight Up Strings by Siminoff,"5,665,563",Click Here,US
132,stingerstraps.com,Stinger Straps | Premium Leather Guitar Straps | Made in N. America,"5,669,346",Click Here,CA
133,mojomusic.ca,Mojo Music - Boutique Guitar Pedal Specialists | Music Store | Repairs – Mojo Music Inc.,"5,697,401",Click Here,CA
134,denalistraps.com,Denali Strap Co – Denali Strap Co.,"5,766,903",Click Here,US
135,mcnellypickups.com,McNelly Pickups,"5,900,023",Click Here,CA
136,guerillaguitars.com,"Guerilla Guitars Custom Hand Built 6, 7 and 8 String Electric Guitars","5,958,868",Click Here,CA
137,thetoolguitars.com,theTool Guitars – Guitar People,"6,050,746",Click Here,-
138,guitarpickups.xyz,"GuitarPickups.XYZ - Electric Guitar Pickups, Pedals, and Accessories – GuitarPickups.xyz","6,095,128",Click Here,-
139,nepeanmusic.com.au,Nepean Music Centre,"6,195,886",Click Here,-
140,guitarworksinc.com,"Guitar Works Inc. Since 1978 Instruments & Accessories– Guitar Works, Inc.","6,232,519",Click Here,US
141,stoneworkspicks.com,Stone Guitar Picks | Guitar Pick Wallets | Stoneworks Guitar Picks – StoneWorks Picks,"6,402,275",Click Here,US
142,gsmmusic.com,"Great Southern Music - Premier Guitar Shop of Houston, TX","6,426,009",Click Here,US
143,soundsmithgear.com,Premium Ukulele & Guitar Selection | by SOUND SMITH– SOUND SMITH,"6,523,368",Click Here,-
144,bettercables.com,"Audio cables - XLR, RCA, Guitar, Speaker Wire & Home Theater Cables – Better Cables","6,599,811",Click Here,-
145,americanarchtop.com,American Archtop Guitars and Nazareth Guitar Building Institute,"6,607,830",Click Here,-
146,bartlettguitarparts.com,Bartlett Guitar Parts,"6,643,236",Click Here,-
147,webstrings.com,"Webstrings Guitar Strings, the Highest Quality and Value. Made in USA – WEBSTRINGS.COM","6,680,314",Click Here,US
148,sound4less.com,Sound 4 Less Guitar Outlet,"6,773,191",Click Here,US
149,gypsyjazzguitarnow.com,Learn To Play Gypsy Jazz Guitar In The Style Of Django Reinhardt,"6,779,156",Click Here,NL
150,distortionbros.com,Distortion Brothers Guitar Shop,"6,811,283",Click Here,PA
151,art-tribute.com,Art Tribute - Guitar Straps | Camera Straps | Bag Straps |Guitar Picks,"6,939,871",Click Here,PA
152,longbeachmusic.com,Long Beach Music,"6,943,946",Click Here,US
153,frethouse.com,The Fret House Guitars,"6,950,902",Click Here,-
154,doclloyd.com,Doc Lloyd Audio: Effects Pedals for Guitar and Bass,"6,988,458",Click Here,US
155,oldschoolmusiccompany.com,"Blues harps, bullet mics, cigar box guitars, and slides. – Old School Music Company","7,035,163",Click Here,-
156,guitarpartscentral.com,"Guitar Parts Central | Hardware, Electronics & Tools for Guitar & Bass","7,051,114",Click Here,US
157,enkiusa.com,ENKI USA- ENKI AMG 2-Guitar and 2-Bow Cases,"7,060,706",Click Here,-
158,saintblues.com,St. Blues Guitar Workshop – Saint Blues Guitar Workshop,"7,070,416",Click Here,-
159,trashamps.com,Trash Amps Speakers & Guitar Amplifiers,"7,125,040",Click Here,-
160,songsandcreations.com,"Songs and Creations - Singing Songs, Guitar Playing and Participation is our Passion!","7,294,791",Click Here,-
161,quiettheory.com,Quiet Theory Soundworks,"7,310,203",Click Here,CA
162,oceancountymusic.com,Your Local Music Store – Ocean County Music,"7,312,965",Click Here,-
163,livingmusicstores.com,LIVING MUSIC - INSTRUMENT SALES TUITION & REPAIR – Living Music,"7,402,172",Click Here,AU
164,stargoat.com,Stargoat Sound & Light | STARGOAT GUITARS,"7,622,774",Click Here,UK
165,bulletcable.com,Bullet Cable | Evolved Sound Delivery,"7,623,992",Click Here,PA
166,schroederguitarhardware.com,Schroeder Guitar Hardware,"7,948,362",Click Here,US
167,atlantavintageguitars.com,"Atlanta Vintage Guitars | New & Used Guitars, Amps and Accessories","7,964,967",Click Here,US
168,uglydog.ca,Ugly Dog Band Merchandise,"8,186,927",Click Here,-
169,casinoguitars.com,Casino Guitars,"8,231,137",Click Here,US
170,fusionguitars.com,Fusion Guitars – The Fusion Guitar,"8,297,243",Click Here,AU
171,curlykoa.com,Hawaiian Hardwoods Direct,"8,489,622",Click Here,US
172,anthologygearwear.com,"Leather Guitar Straps, Gig Bags, Pick Wallets | Anthology Gear","8,861,052",Click Here,US
173,johnpageclassic.com,John Page Classic – John Page Classic,"9,102,616",Click Here,US
174,thegoldenstrap.com,"The Golden Strap | Cool guitar t-shirts, hoodies, mugs, unique designs","9,226,608",Click Here,-
175,get-a-backbone.com,Backbone Guitar Products,"9,413,717",Click Here,-
176,loopswitchers.com,Loop Switchers - Handmade True Bypass Guitar Pedals,"9,525,256",Click Here,US
177,basinstruments.com,Home of Lyman Guitar Co. & Much More! – BAS_INSTRUMENTS,"9,555,763",Click Here,-
178,audiomidiplus.com,Audio MIDI Plus,"9,853,681",Click Here,US
179,mojohandfx.com,Mojo Hand FX,"9,970,218",Click Here,US
180,brantfordmusic.com,The Brantford Music Centre,"10,173,677",Click Here,CA
181,spectraflex.com,"Spectraflex, Inc. | Spectraflex Guitar Cables","10,286,677",Click Here,-
182,stacksfx.com,Stacks FX – Boutique Guitar & Bass Effect Pedals,"10,442,625",Click Here,US
183,kendallguitarshop.co.uk,Kendall Guitars Online Guitar Shop,"10,474,740",Click Here,-
184,blytheengineering.com,Blythe Engineering,"10,558,630",Click Here,US
185,jadenguitarparts.com,Jaden Guitar Parts,"10,782,278",Click Here,US
186,boutiqueguitarshop.com,Boutique Guitar Shop,"10,943,053",Click Here,CA
187,rexterguitars.co.uk,"Rexter Guitars UK Custom Nitro Guitar Finishing, Bodies, Necks, Parts","11,140,881",Click Here,-
188,plectrumspectrum.com,Plectrum Spectrum Guitar Pick Displays – Plectrum Spectrum™ Guitar Pick Displays,"11,338,701",Click Here,US
189,davemann.co.uk,Dave Mann Music - Dave Mann Music - UK and Europe High End Guitar Store,"11,349,587",Click Here,-
190,kts-america.com,KTS America - Titanium Guitar Hardware,"11,365,612",Click Here,-
191,wadsworthmusic.com,Lessons * Repairs * Sales,"11,583,972",Click Here,US
192,treepicks.com,Tree Picks - Wooden Guitar Picks - Calgary - Canada,"11,979,583",Click Here,-
193,sheptone.com,Guitar Pickups by Sheptone,"12,223,030",Click Here,CA
194,soundcityamp.com,Sound City Amps | The Best High-End Guitar Amp in America,"12,230,672",Click Here,US
195,rocksolidguitarstands.com,Rock Solid Guitar Stands - Best All Wood Guitar Rack,"12,474,544",Click Here,US
196,guitarassassin.com,Guitar Assassin® Official Store | Sustain Your Flow,"12,780,388",Click Here,US
197,greatguitargifts.com,Great Guitar Gifts,"12,782,761",Click Here,PA
198,pickheaven.com,Pick Heaven – Pick Heaven,"13,129,548",Click Here,-
199,niciart.com,"NiciArt Handmade Jewelry, Guitar Picks, and Accessories","13,298,997",Click Here,-
200,allpartsuktrade.com,"Allparts UK - trade supplier of guitar, bass & amp parts - the UK's #1 choice for guitar techs","13,631,782",Click Here,GB
201,weissenborns.com,Weissenborn Slide Guitar Co. | Shop Online | Hawaiian Lap Steel Guitar,"13,711,442",Click Here,AU
202,bassfreaks.net,Best Bass shop in Brussels – Bass Freaks Sprl,"13,993,228",Click Here,-
203,selectsoundsllc.com,SelectSoundsLLC.com – Select Sounds LLC,"14,183,601",Click Here,US
204,tonequestwizard.com,"Bullhead Amplification, Inc.","14,267,464",Click Here,-
205,silverpicks.com,Silver Plectrum | Silver Picks,"14,477,129",Click Here,GB
206,alohatuners.com,Aloha Tuners Character Digital Clip-on Tuners: Fun Shapes & Colors!,"14,588,430",Click Here,US
207,colladayleather.com,Colladay Leather - Crafted to Inspire,"14,864,078",Click Here,US
208,pennylanesmusic.com.au,"Music lessons, Instruments shop, toddler music, Fremantle, vouchers – Penny Lanes Music Workshop","14,954,901",Click Here,-
209,martinyoungamps.com,Martin-Young Amplification has guitar amplifiers for sale,"15,219,976",Click Here,US
210,rustyfrets.com,The best place to buy guitar gear online! – Rusty Frets Guitar Shop,"15,369,192",Click Here,US
211,dlucamusic.com,D'Luca Music: Brand and Manufacturer of Music Instruments and Equipmen – DLucaMusic.com,"15,566,729",Click Here,US
212,nachomusic.com,Nacho Music- Specializing in guitar electronics.,"15,604,878",Click Here,-
213,fretfunk.com,Fretfunk Guitar Accessories,"15,794,558",Click Here,GB
214,tubeaudiosupply.com,"Tube guitar amp parts and supplies, new & used tubes, your USA source! – Tube Audio Supply","16,002,908",Click Here,-
215,peoplesmusic.com,People's Music Sebastopol California,"16,116,539",Click Here,US
216,pickersgrip.com,Picker's Grip™ I Official Site,"16,120,459",Click Here,-
217,kickassguitars.com,Get a Drool-Worthy Guitar Without An Inheritance — Kickass Guitars,"16,661,899",Click Here,-
218,stringkraft.com,StringKraft Guitar and Bass Headstock Decals. Custom Waterslide Decals – StringKraft.com,"16,926,071",Click Here,-
219,magdamolina.com,Magda Molina Designs,"17,035,056",Click Here,-
220,modyourownpedal.com,Mod your own guitar pedals – Mod Your Own Pedal,"17,620,573",Click Here,US
221,escapeplanpedals.com,Escape Plan Pedals - Handmade Effects Pedals with Custom Etching,"18,191,194",Click Here,-
222,livetojam.com,Live To Jam - Learn how to play guitar – Live to Jam Learn to play your favorite instrument.,"18,523,222",Click Here,US
223,taurus-pedals.com,Taurus Pedals | Custom Boutique Guitar Pedals,"18,561,644",Click Here,-
224,guitar-e-store.com,GES: all accessories for guitar | guitar bass | ukulele – guitar-e-store,-,Click Here,-
225,guitar-galleries.co.uk,"Guitar Galleries, Best online guitar shop in Scarborough and Beverley",-,Click Here,-
226,the-guitar-gallery.com,Welcome to The Guitar Gallery,-,Click Here,-
227,guitar.org.uk,Guitar.org.uk,-,Click Here,-
228,guitarthread.com,"Guitar Shirts, Hoodies, T-Shirts, Clothing, Apparel, Hoodies in USA",-,Click Here,-
229,miniguitarpedals.com,"Mini Guitar Pedals - mini guitar pedals, micro guitar pedals, guitar pedals, effects pedals, pedalboards",-,Click Here,PA
230,riffbuster.com,"Riffbuster Guitar. Learn to play the guitar. chords, licks, riffs.",-,Click Here,-
231,strapgraphics.com,Custom Guitar Straps | Leather Guitar Straps | Cool Guitar Straps – StrapGraphics,-,Click Here,-
232,retunedjewelry.com,Retuned - Guitar String Jewelry – Retuned Jewelry,-,Click Here,US
233,mulrainguitars.com,Mulrain Guitars . Guitar Builder.ca – Mulrain Guitars & Guitar Builder.ca,-,Click Here,-
234,furchguitars.co.uk,UK Guitar Shop | Used Guitar for Sale Uk | Guitar Specialist of Furch,-,Click Here,-
235,godinguitars.co.uk,UK Guitar Shop | Used Guitar for Sale Uk | Guitar Specialist of Furch,-,Click Here,-
236,rguitars.co.uk,UK Guitar Shop | Used Guitar for Sale Uk | Guitar Specialist of Furch,-,Click Here,-
237,usclassicguitar.org,"Fine Classical Guitars & Accessories, Concert Tickets, Guitar Lessons",-,Click Here,-
238,thebasscentre.co.uk,UK Guitar Shop | Used Guitar for Sale Uk | Guitar Specialist of Furch,-,Click Here,-
239,visionguitar.com,Vision Guitar,-,Click Here,-
240,bisonboa.com,Boutique Leather Guitar Straps and Gear | UK Made | Bison Boa,-,Click Here,GB
241,dsstraps.com,Dragon Scale guitar accessories – Dragon Scale Guitar accessories,-,Click Here,-
242,highstrungstudios.com,High Strung Studios Guitar String Jewelry,-,Click Here,US
243,harpleyslides.com,"Guitar slides, guitar playing, music, blues playing, blues guitar – Harpley Slides",-,Click Here,-
244,guitarnicknackery.com,Guitar Nick Nackery | High Quality Handmade Guitar Accessories | BNB,-,Click Here,CA
245,pickapalooza.com,Make Your Own Guitar Picks | Guitar Pick Punch Packs | Pick-a-Palooza,-,Click Here,US
246,coolguitarshop.us,"Boutique Guitar Pedals & Effects, Accessories, Gear | Cool Guitar Shop",-,Click Here,-
247,strumminghelp.com,Guitar Picks : Strumming Help – Strumming Help,-,Click Here,-
248,customguitarneckplate.com,Fender Custom Shop Guitar neck plates and Custom Guitar neck plates,-,Click Here,-
249,rondaguitarhouse.com,Ronda Guitar House - Spanish Guitar Concerts and Sales,-,Click Here,-
250,theguitargallery.com,The Guitar Gallery | Guitars | Records | Tuscaloosa & Pelham Alabama – Guitar Gallery of Alabama,-,Click Here,-
251,jerrysguitartees.com,Jerry's Guitar Tees - Guitar Related T-Shirts,-,Click Here,-
252,gilberttuners.com,Classical Guitar Tuners | Guitar Tuning Machine Heads,-,Click Here,US
253,boobooguitars.co.uk,Recyclable Guitar and Bass Bodies & Necks– Boobooguitars,-,Click Here,-
254,guitarcure.com,Guitar Cure – GuitarCure,-,Click Here,US
255,guitarfactory.net,"Gladesville Guitar Factory, Sydney Australia | Shop our online Store",-,Click Here,AU
256,guitargallery.co.za,Guitar Gallery - Welcome To The Home Of Your Next Guitar,-,Click Here,-
257,guitarguildofficial.com,Guitar Guild - Shop Guitar Accessories Here!,-,Click Here,-
258,guitarstandco.com,Guitar Stand – Guitar Stand Company,-,Click Here,US
259,sexeeguitarstrings.com,Sexee Guitar Strings,-,Click Here,-
260,lobosguitarco.com,Lobos Guitar Co – Lobos Guitar Co.,-,Click Here,-
261,worcesterguitarcentre.co.uk,Worcester Guitar Centre | Worcester's Premier Guitar Shop,-,Click Here,-
262,tmgguitarco.com,TMG Guitar Co. - TMG Guitar Co.,-,Click Here,-
263,davesguitarandbass.com,"Dave's Guitar and Bass, LLC",-,Click Here,US
264,tunnelvisionmusic.com,TunnelVision Music | Boutique Guitar Effects Pedals | FREE SHIPPING – TunnelVision Music.com,-,Click Here,US
265,amdusiasdevices.com,Amdusias Devices - Guitar and bass pickups handwound in Belfast.,-,Click Here,US
266,beltandbrace.com,Belt&Brace - Custom Guitar Straps And Leather Accessories,-,Click Here,-
267,jamstack.io,Jamstack - The World's First Attachable Guitar Amplifier,-,Click Here,-
268,alienguitarsecrets.com.au,Guitar Lessons | Sydney Northern Beaches | Dee Why – Alien Guitar Secrets,-,Click Here,-
269,safe-t-stand.com,"Safe-T-Stand Guitar Stand, A New Design In On-Stage Guitar Stands",-,Click Here,US
270,fretfunk.co.uk,Fretfunk Guitar Accessories,-,Click Here,-
271,fretfunk.uk,Fretfunk Guitar Accessories,-,Click Here,-
272,groverallman.com.au,Custom Printed Guitar Picks and Straps,-,Click Here,-
273,guitarexclusive.com,Guitar Exclusive - Great Deals On Unique Music Gifts and Accessories,-,Click Here,PA
274,guitarrevolutionstore.com,Guitar Revolution Store,-,Click Here,CA
275,guitarstarclothing.co.uk,Guitar Star Clothing,-,Click Here,-
276,esostrap.com,ESO Strap - The Guitar Strap Reimagined,-,Click Here,US
277,groupielove.com,"Guitar Pick Earrings, Chokers, Bracelets and More – Groupie Love",-,Click Here,KY
278,huddysguitarshop.com,Lil' Huddy's Guitar Shop – Lil' Huddy's Guitar Shop,-,Click Here,US
279,seventhstringstraps.com,The Seventh String Guitar Strap,-,Click Here,US
280,sidewinderstraps.com,Sidewinder Straps – Sidewinder Guitar Straps,-,Click Here,US
281,mcmurrayandblonde.com,"Leather Camera and Guitar Straps | Chicago, IL | McMurray And Blonde – McMurray and Blonde",-,Click Here,-
282,picktown.co.uk,"Custom guitar picks, guitar straps & pick mosaics - Picktown",-,Click Here,-
283,lp6guitar.com,LP6 guitar scale system,-,Click Here,-
284,myguitarmate.com,My Guitar Mate,-,Click Here,US
285,nexi-industries.com,Best Pedal Board for Guitar | Electric Guitar Pedal Board – NEXI Industries,-,Click Here,-
286,voodoo-decals.com,Voodoo Decals - Guitar & Bass Restoration Decals,-,Click Here,-
287,thorpyfx.com,ThorpyFX - Guitar Effects Pedals for the discerning guitarist. – ThorpyFX Ltd,-,Click Here,-
288,trussmusic.com,Truss Music Guitar Boutique Shop,-,Click Here,-
289,texasguitarshop.com,"Texas Guitar Shop | Texas Guitar Shop-New, Used and Vintage Guitars Amps Parts Accessories",-,Click Here,-
290,thegroovyguitardude.com,The Groovy Guitar Dude - Guitar Lessons for Beginners,-,Click Here,-
291,theguitarworld.com,"The Guitar World: Guitars & Musical Instument Sales, Lessons & Repairs",-,Click Here,-
292,megatonemusic.com,Online Music Store and Local Guitar Shop | Megatone Music,-,Click Here,US
293,aakkord.com,Made in USA very high quality premium leather guitar straps – Aakkord,-,Click Here,-
294,ideentech.com,Guitar effects pedal – Ideen Tech,-,Click Here,US
295,diamondtactical.net,Diamond Tactical | ELECTRIC GUITAR GIG BAGS MIL-SPEC MOLLE SYSTEM BAGS POUCHES TACTICAL,-,Click Here,PA
296,dynamoelectricaudio.com,Dynamo Electric Audio | Dynamo Electric Audio - Boutique Guitar Effects Pedals Made in the USA,-,Click Here,US
297,audioinclined.com,Audioinclined Guitar Store Miami – AUDIOINCLINED.,-,Click Here,US
298,droplightind.com,Amp Inspired. American Made. Guitar Amp Key Holders by DropLight Ind. – Droplight Industries,-,Click Here,US
299,artbyguitar.com,Art By Guitar,-,Click Here,-
300,eclecticsound.co.za,Eclectic Sound - Suppliers of Fine Guitar and Bass Effects,-,Click Here,-
301,harroncustomguitars.com,Harron's Australian Made Guitar Care Products and Polishes,-,Click Here,-
302,greeramps.com,"Handmade Guitar Pedals & Amps from Athens, GA, USA. | Greer Amps",-,Click Here,US
303,guitarshapedkeys.com,"Rockin' Keys, Guitar and Saber Shaped Novelty Keys – TD Rand Company",-,Click Here,US
304,hyspechandwired.com,Hyspec Handwired Guitar Effects – Hyspec Handwired Audio,-,Click Here,CA
305,humbucker.clothing,HumBucker Clothing Company: Guitar-themed apparel and goods. – Humbucker Clothing Company,-,Click Here,US
306,holmesmade.co,HOLMES leather and fabric guitar straps,-,Click Here,US
307,homert.com,Homer T Guitar Co - Vintage Style Electric Guitars and Electric Basses,-,Click Here,US
308,charliepaologuitars.com,USA Handbuilt Guitar Pedals — Charlie Paolo Custom Effects,-,Click Here,US
309,pangraziomusic.com,"Music Lessons, PIANO, VOICE, VIOLIN, GUITAR, CELLO, Los Angeles, LA CA – Pangrazio Music",-,Click Here,-
310,parsonscalifornia.com,Guitar making school Parsons Custom Guitars – Parsons Guitars,-,Click Here,-
311,coffingear.com,"Coffin Cases, Gig Bags, Guitar Straps, Cables & Music Gear",-,Click Here,CA
312,mayalls.co.uk,"New Guitar Store in Colwyn Bay, North Wales. – mayallsmusic",-,Click Here,-
313,petrosguitarshop.com,The Petros Guitar Shop featuring Purflex®,-,Click Here,-
314,chickenbonejohn.com,Chickenbone John - The Godfather of The Cigar Box Guitar – ChickenboneJohn Guitars,-,Click Here,-
315,luthiers-bench.com,"Rib Bending Iron & Straps for Violin, Guitar, Cello, Double Bass – Luthier's Bench",-,Click Here,-
316,psuexpress.co.uk,"Power Supplies For Guitar Effects Pedals, Tablets, Keyboards & More... – psuexpress",-,Click Here,-
317,spicetone.com,Spicetone - Innovative Guitar Distortion Pedal,-,Click Here,EE
318,lostintheguitars.com,"Guitar Shirts, Apparel, Merchandise, Gifts, Tees – Lost In The Guitars",-,Click Here,-
319,solidgroundstands.com,Wood Guitar Stands from Solid Ground Stands,-,Click Here,CA
320,loopholepedals.com,"Loophole Pedals Custom Guitar Pedals, Mods, and Rehouses",-,Click Here,US
321,metromusicottawa.ca,Glebe Ottawa guitar sales rentals and instruction plus drum lessons – Metro Music,-,Click Here,-
322,spartanmusic.co.uk,"Spartan Music | Buy Low Cost Guitar Pedals, Gear & Accessories",-,Click Here,-
323,string-box.com,"String Box - Cases, etuis, pouches for guitar strings",-,Click Here,SI
324,strapjack.com,Strap Jack: Guitar Strap Endpin Locking System,-,Click Here,US
325,runwayaudio.com,Custom Guitar Cables in Nashville | Runway Audio,-,Click Here,-
326,riverpickups.com,River Pickups - Hand-wound guitar pickups,-,Click Here,-
327,vintagestuffplus.com,"Vintagestuffplus, guitar, bass and amplifier parts. – VintageStuff plus",-,Click Here,-
328,tonespecific.com,"Tone Specific Guitar Pickups - The Best Strat, Tele & PAF pickups.",-,Click Here,-
329,travelclefshop.com,Music Instruments Store | Guitar | Ukulele | Piano | Cajon – TravelClef Online Music Store,-,Click Here,-
330,theguitaryard.com,The Guitar Yard,-,Click Here,-
331,theravenworks.com,"The Raven Works leather belts, leather cuff bracelets & guitar straps",-,Click Here,-
332,goldenstateguitars.com,Golden State Guitars: Best Guitar Shop & Pawn Shop in Orange County – Golden State Pawn & Guitars,-,Click Here,-
333,markclementeguitar.com,The Mark Clemente Chord Melodies™ for Guitar/Global,-,Click Here,-
334,plexstrum.com,Plexstrum - Purple Plectrums - Ezee Pluckin,-,Click Here,US
335,nulminiatureguitars.com,"Collect Your Favorite Band Miniature Guitars, Bass, Drum Set and Amp. – Nul Miniature Guitars",-,Click Here,-
336,garagebandguitars.com,Garage Band Guitars,-,Click Here,US
337,emperorcabinets.com,Official site of Emperor Music/ Emperor Cabinets,-,Click Here,CA
338,deesrdeals.com,Dee's R Deals - Great Deals on Great Stuff,-,Click Here,-
339,8soundsmusic.com,acoustic electric guitar Byron guitar bass 8sounds music Tillie guitar,-,Click Here,-
340,seasunstraps.com,Seasun straps – Seasun Limited,-,Click Here,US
341,greenroomgear.com,Green Room Gear - Instrument Bundles & Accessories,-,Click Here,CA
342,hogjim.com,kyle@hogjim.com,-,Click Here,US
343,kimmykwong.com,Kimmy Kwong Official Website - Hong Kong Guitarist,-,Click Here,-
344,rockstar-bracelets.com,"Rockstar Bracelets - Blood, Sweat and DNA",-,Click Here,-
345,wildgooseshoppe.com,Wild Goose Shoppe – The Wild Goose Shoppe,-,Click Here,-
346,scottmorris.net,Scott Morris Classical Guitar Private Lessons– Scott Morris Guitar,-,Click Here,US
347,snowdenguitars.com,Snowden Cigar Box Guitars – Snowden Guitars,-,Click Here,-
348,3monkeysamps.com,3 Monkeys Amps,-,Click Here,US
349,fanmerch.com,FANMERCH™ - Guitar Gifts & Officially Licensed Band Merchandise | Guitar Gift Ideas & Mini Guitars,-,Click Here,US
350,americanguitarstore.com,The American Guitarstore,-,Click Here,-
351,instrumental-gear.com,Instrumental-Gear.com | Online Shopping for Musical Gear & Accessories,-,Click Here,-
352,ironageaccessories.com,"Iron Age Guitar Accessories | Guitar Picks, Knobs, & Killswitches",-,Click Here,-
353,dynamicmusicdistribution.co.uk,Dynamic Music Distribution,-,Click Here,-
354,dylantalkstone.com,Dylantalkstone.com – Dylan Talks Tone,-,Click Here,US
355,sephgotthewaves.com,Seph Got The Waves,-,Click Here,NZ
356,harbormusic.net,Harbor Music Guitars And Gear Music Store – Harbor Music (310) 406-3090,-,Click Here,US
357,heartbeatjewellerylondon.com,HEARTBEAT Music Jewellery London– HEARTBEAT Jewellery London,-,Click Here,UK
358,shakerpick.com,shaker pick – SHAKER PICK,-,Click Here,CA
359,sfguitarcompany.com,SF Guitar Company | Instruments of Peace – San Francisco Guitar Company,-,Click Here,CA
360,expressiv.co,Rob O'Reilly Guitars | Expressive MIDI Guitars – Rob OReilly | Expressiv MIDI Guitars,-,Click Here,-
361,catastrophelounge.com,The Neck Dive Strap – Catastrophe Lounge,-,Click Here,US
362,carlharveyinstruments.com,Carl Harvey Instruments – CarlharveyInstruments.com,-,Click Here,CA
363,pluginzkeychains.com,"Pluginz Jack Rack. ""Hang Your Keys Like a Rockstar!""– Pluginz Keychains",-,Click Here,US
364,plectone.com,Plectone Home,-,Click Here,US
365,chordstamp.com,Dave's Chord Stamps,-,Click Here,US
366,skymusic.com.au,Online Guitar Store Australia | Guitar For Sale | Buy Guitars Online,-,Click Here,-
367,londonguitars.ca,London Guitars,-,Click Here,-
368,reusseffects.com,Reuss Musical Instruments,-,Click Here,DK
369,strumgirl.com,STRUMGIRL,-,Click Here,US
370,thomasjmusic.com,"High-End Guitars, Parts, Accessories, Service and Equipment. — Thomas J Music",-,Click Here,-
371,theaudiohouse.co.uk,"The Audio House ""Great Shop, Great Brands, Great Kit & Great Service """,-,Click Here,-
372,theguitarzone.net,The GUitar Zone – The Guitar Zone,-,Click Here,-
373,tvjones.com,"TV Jones - Pickups, Guitars, Hardware and more!",-,Click Here,US
374,davidsonaudioandmultimedia.com,Davidson Audio & Multimedia,-,Click Here,US
375,deiode.com,Deiode Effects Pedals – Deiode Pedals,-,Click Here,US
376,indieguitaristboxset.com,Indie Guitarist Box Set,-,Click Here,FR
377,ajpeat.com,AJ Peat,-,Click Here,US
378,6degreesfx.com,Boutique Turret Board Pedal Design – 6 Degrees FX,-,Click Here,-
379,therockinn.com,"The Rock Inn | Perth Guitar Specialist Store, New & Used Guitars. | The Rock Inn",-,Click Here,GB
380,3monkeyssolderless.com,3 Monkeys Solderless,-,Click Here,US
381,angelcityguitars.com,"Boutique, hand crafted guitars, amps, effects – Angel City Guitars",-,Click Here,TR
382,jdswarehouse.com,JD’s Warehouse,-,Click Here,-
383,doniguitars.com,Doni Guitars,-,Click Here,GB
384,jamboardusa.com,Jamboard Pedalboards,-,Click Here,US
385,dobsoundpro.com,"D.O'B. SOUND PRO - PRO AUDIO, MUSICAL INSTRUMENTS & ACCESSORIES",-,Click Here,-
386,bedfordaudio.co,Bedford Audio | Welcome,-,Click Here,UK
387,dogtiredguitars.com,Dog Tired Guitars and Accessories,-,Click Here,US
388,ipickguitar.com,iPickGuitar,-,Click Here,CA
389,devilhornltd.com,Devilhorn,-,Click Here,CA
390,finshingbrows.us,Finishing The Guitar Store– Frendak,-,Click Here,-
391,itisallyouwant.com,It Is All You Want,-,Click Here,US
392,juriedengineering.com,Juried Engineering - Electronic components and supplies,-,Click Here,US
393,dudebroski.com,The Best Online Boutique Guitar Shop | DudeBroSki Guitars,-,Click Here,US
394,gauge-usa.com,Gauge Microphones - World-Class Microphones & Analog-Modeled Plugins – Gauge Precision Instruments,-,Click Here,US
395,blackgearamplifiercovers.com,BlackGear Amplifier Cover – BlackGear Amplifier Covers,-,Click Here,NL
396,atlastone.com,Custom Guitar Cabinets by Atlas Cabinets,-,Click Here,-
397,sagework.org,Manufacturer Direct | $4 Priority Mail Shipping – Sagework Guitar Supports,-,Click Here,-
398,audiolink.com.au,Audio Link,-,Click Here,-
399,audiocables.eu,Handmade Professional Audio Cables - audiocables.eu - Mogami - Neutrik,-,Click Here,-
400,jessupamps.com,Custom Handmade Guitar and Bass Amplifiers,-,Click Here,US
401,fretgear.com,Fret Gear - Premium Guitar Accessories,-,Click Here,PA
402,dotsmusiccamden.co.uk,Dots the Camden Music Shop — Dots Music Camden,-,Click Here,-
403,dropdeeguitars.com,Drop Dee Guitars,-,Click Here,US
404,jimmywallaceguitars.com,Jimmy Wallace Guitars - A Life Pursuit of Tone,-,Click Here,JP
405,jmaveguitars.com,jMave Guitars - Boutique Guitars and Effects – jmaveguitars,-,Click Here,-
406,fullhousecustomleather.com,Full House Custom Leather,-,Click Here,US
407,glide-guitar.com,GLIDE,-,Click Here,-
408,glide-guitar.jp,ギターの通販、メンテナンス、買取なら GLIDE,-,Click Here,-
409,hiendguitar.com,Selamat datang di Hiendguitar. Koleksi gitar terlengkap Indo – HIENDGUITAR.COM,-,Click Here,ID
410,boutiqueinstruments.com.au,Boutique Instruments,-,Click Here,-
411,blueskyjewelrydesign.com,Personalized Jewelry - Quality Hand Stamped Jewelry – Blueskyjewelrydesign,-,Click Here,US
412,greytempest.sg,GreyTempest Custom Shop– GreyTempest CustomShop,-,Click Here,-
413,byfortier.com,"By Fortier | Guitars, Instruments and Accessories | Love Music Peace",-,Click Here,US
414,calschoolofmusic.com,CAL School of Music,-,Click Here,US
415,guitarbrothers.com.au,Guitar Brothers Online,-,Click Here,-
416,guitarstation.com.au,"Fender Guitars And Amps On Sale - Melbourne, Australia",-,Click Here,-
417,guitarsweeps.com,GuitarSweeps™ Precision Guitar Cleaning Tools,-,Click Here,US
418,guitarworkshopglasgow.com,The Guitar Workshop - Glasgow,-,Click Here,CA
419,guitarbooksdirect.co.uk,Guitar Books Direct - Books and Accessories for Guitarists,-,Click Here,-
420,gsus4.com.au,Gsus4 - Australia's Premium Guitars & Gears,-,Click Here,-
421,gryphonsaerie.com,Gryphon's Aerie Handcrafted Leatherwork,-,Click Here,-
422,hoffmanmusic.com,"Music instrument/pro audio sell, rent, consign, new, used in Spokane. — Hoffman Music",-,Click Here,US
423,elkhollowdesigns.com,"Handmade tack, handbags, wild rags, jewelry and so much more – Elk Hollow Designs",-,Click Here,-
424,holdenhillmusic.com.au,Holden Hill Music - Your Best Shop For Musical Instruments Down Under,-,Click Here,-
425,brightelife.com,"Brightelife for Innovative Music, Medical, and Digital devices",-,Click Here,US
426,goldfinch-guitars.com,Goldfinch Guitars,-,Click Here,US
427,pedalboss.com,OAL – Oxbow Audio Lab,-,Click Here,US
428,cgcpublishing.com,Classical Guitar Corner Publishing,-,Click Here,US
429,peruvianaccent.com,"Peruvian accent,Unique Luxury Handmade Goods. – Peruvian Accent",-,Click Here,PE
430,penguinfeathers.com,PenguinFeathers Guitar Straps,-,Click Here,US
431,pelicannoiseworks.com,Pelican NoiseWorks,-,Click Here,US
432,everalive.us,"EverAlive - Download sheet music for piano, easy piano, top hits and all styles",-,Click Here,-
433,pacificguitarsales.com,Pacific Guitar Sales,-,Click Here,US
434,parrvisionart.com,Abstract Handmade Artwork and Paintings | Parrvision Art in Nashville,-,Click Here,CA
435,caskmusic.ca,Guitar Store Toronto | Cask Music,-,Click Here,-
436,laurazabo.co.uk,Laura Zabo Recycled Fashion Accessories - Cruelty-Free & Eco-Friendly,-,Click Here,-
437,shopfearlesshart.ca,Fearless hART:Heart Based Art | Leather | Mixed Media | Greeting Cards,-,Click Here,-
438,shotsinthedarkdecor.com,Shots In The Dark Decor,-,Click Here,US
439,classicguitarshop.com,Classic Guitar Shop | Serenity Awaits,-,Click Here,CA
440,classicguitarshop.org,Classic Guitar Shop | Serenity Awaits,-,Click Here,CA
441,logoswoodworks.com,Logos Woodworks,-,Click Here,US
442,loftymill.com,Lofty Mill | Mall Shopping for boomers and all Gens – loftymill.com,-,Click Here,US
443,livebuy.ca,LiveBuy | When it's Live... It's a deal! – LiveBuy.ca,-,Click Here,-
444,polyphiatabs.com,Polyphia - The Official Tab Store – Polyphia Tabs,-,Click Here,CA
445,simplyraevyn.com,SimplyRaevyn Handmade Jewelry,-,Click Here,US
446,chiltonepickups.com,Chiltone Pickups - Hand crafted in the USA,-,Click Here,US
447,manleyleather.com,Manley Leather Co. Custom Handcrafted Leather Goods and Products,-,Click Here,-
448,letter5industries.com,Seint Apparel,-,Click Here,BS
449,linesharkaudio.com,"LINESHARK - Audio Interface Pedal for guitar, microphone, keys & more – Lineshark Audio",-,Click Here,US
450,christineroberge.com,Christine Roberge,-,Click Here,-
451,sixshootergifts.com,Six Shooter Gifts | Six Shooter Gifts,-,Click Here,US
452,cigarboxguitarsuk.co.uk,Jack Rabbit Slims Cigar Box Guitars | Cigar Box Guitars UK – Jack Rabbit Slims Cigar Box Guitars UK,-,Click Here,-
453,sportsvault.com,The Sports Vault,-,Click Here,US
454,procraftindia.com,Procraft India | India's Leading Guitar Manufacturer and Importer,-,Click Here,US
455,crookedroadhardwoods.com,"Crooked Road Hardwoods - Luthier Tonewood - Supplies, Wood",-,Click Here,-
456,lotuspedaldesigns.com,LOTUS PEDAL DESIGNS,-,Click Here,US
457,sonicdrop.com.au,Sonic Music Audio Edu School Music Instrument Supplier Store AU,-,Click Here,-
458,sonicpickups.com,Sonic Pickups,-,Click Here,US
459,pratleyguitars.com.au,PRATLEY GUITARS & PERCUSSION,-,Click Here,-
460,louisvillefolkschool.org,Connecting the roots of Kentucky's music traditions with its future! – Louisville Folk School,-,Click Here,PA
461,loog.nyc,Kids' Guitar Reimagined,-,Click Here,US
462,poweredbyomega.shop,Powered by Omega Digital Media– Powered By Omega Digital Media,-,Click Here,US
463,spacesaverguitars.com,The Sharper Guitar,-,Click Here,US
464,mffe.rocks,MFFE Rocks – MFFEROCKS,-,Click Here,US
465,corneronlineshop.com,Corner Online Shop,-,Click Here,CA
466,prettyprairiedesigns.com,Personalized Hand Stamped Jewelry – Pretty Prairie Designs,-,Click Here,US
467,convystore.com,Bass Gears - Best Products for Bass Players– BassGears,-,Click Here,-
468,soursound.com,"Soursound Audio Works | Portland, OR",-,Click Here,US
469,rejewelenate.com,Elegant Upcycled Jewelry Made in Asheville’s Famed River Arts District – rejewelenate,-,Click Here,US
470,wccustomshop.com,Wren and Cuff Custom Shop,-,Click Here,-
471,kewlcapos.com,Guitar Heaven,-,Click Here,-
472,kealarecords.com,Keala Records - Island Music Straight From Hawaii,-,Click Here,US
473,monicasquitieri.com,Monica Squitieri California Jewelry,-,Click Here,US
474,westshoremusicacademy.org,Westshore Music Academy,-,Click Here,US
475,ranchocircuitry.com,Rancho Circuitry – Rancho Circuitry,-,Click Here,-
476,rainvilleaudio.com,"Rainville Audio - Handbuilt in Toronto, Canada",-,Click Here,CA
477,stonefieldmusic.com,Bass Guitar Shop - The Bass You’ve Always Wanted – Stonefield Music,-,Click Here,-
478,roycesleathercraft.com,Royce's Leathercraft,-,Click Here,US
479,myguitar24.ch,myguitar24.ch - Great Guitar Stuff At Great Prices,-,Click Here,-
480,ruas.in,Ruas India,-,Click Here,-
481,valentinebennettstore.com,Valentine Bennett – Valentinebennettstore.com,-,Click Here,US
482,rosepedalselectriceffects.com,Spiral Electric FX : Handmade Pedals by Tom Cram,-,Click Here,US
483,rustygear.com.au,RUSTYGEAR Men's Luxury Fashion Accessories. Watches Sunglasses Wallets – RustyGear,-,Click Here,-
484,ritchiesound.com,Ritchie Sound and Lights & Music Store,-,Click Here,-
485,suzukistrings.ie,Suzuki Strings Ireland,-,Click Here,-
486,swaguitar.com,Swaguitar,-,Click Here,-
487,musiccreatorsonline.com.au,Music Creators Online - Music Store,-,Click Here,-
488,musiciansoffice.ca,"""Musician's Office"" Custom Microphone and Music Stands Accessories.",-,Click Here,-
489,musiciantee.com,MusicianTee - Creative T-Shirts for Musicians and Music Lovers,-,Click Here,-
490,musicjeweller.com,Music Jeweller - Music Jewelry with FREE Worldwide Shipping– The Music Jeweller,-,Click Here,-
491,musicnowsolved.com,Music Now Solved – Ronny Dale,-,Click Here,-
492,zoabclothing.com,Band Factory,-,Click Here,-
493,nicispicks.com,Nici's Picks,-,Click Here,-
494,zero1music.nz,Zero One Music,-,Click Here,-
495,onlineguitarexperts.com,Online Guitar Experts,-,Click Here,-
496,osmpa.ca,Oakville School of Music and Performing Arts,-,Click Here,-
497,oddblox.com,OddBlox I A T Shirt Subscription Box For Men – OddBloxStore,-,Click Here,-
498,oakhurst-porchfest.com,Oakhurst Porchfest Swag – Oakhurst-Porchfest,-,Click Here,-
499,vintageguitarradio.com,Vintage Guitar Radio,-,Click Here,-
500,ukifi.com,Ukifi - four out of six ain't bad,-,Click Here,-
501,ukuleleguitarshop.com,From Beginner To Pro – Musictopia,-,Click Here,-
502,ummpstore.com,United Music and Media Publishers | United Music and Media Publishers,-,Click Here,-
503,villageguitars.ca,Village Guitar & Amp Co.,-,Click Here,-
504,tonaltubes.com,Tonal Tubes - Buy Vacuum Tubes for your Amplifiers!,-,Click Here,-
505,thespeakerfactory.com.au,the Speaker Factory importers of guitar & Hi-Fi speakers,-,Click Here,-
506,tupelohardware.com,"Tupelo Hardware Company, Inc.",-,Click Here,-
507,tothepeace.com,Copperpeace Collector Music Fashion – PEACE // General Store,-,Click Here,-
508,totallyradmusic.co.uk,"Totally RAD Music Tuition | Lessons in Leamington Spa, Warwickshire",-,Click Here,-
509,terryheller.co,Terry Lynn Heller / Vocalist/Guitarist/Songwriter – Terry Lynn Heller Music,-,Click Here,-
510,tenacitypedals.com,Tenacity Pedals – tenacitypedals,-,Click Here,-
511,themusictouch.com,The Music Touch | Quality products with a musical theme | Gifts ideas,-,Click Here,-
512,theorganicloops.com,The Organic Loops - Organic Royalty Free Loops Collection,-,Click Here,-
513,theshedmusiccenter.com,The Shed Music Center,-,Click Here,-
514,thelwoodbylucy.com,"The L Wood by Lucy - wooden jewelry, cutting boards, and more– The L Wood By Lucy",-,Click Here,-
515,thewayaudio.com,The Way Audio. Premium Custom Cables. Handmade in Australia.,-,Click Here,-
516,thebassshopseattle.com,The Bass Shop | Selected Used and Vintage Bass Guitars,-,Click Here,-
517,francopro.com,FrancoPro - Music Instrument To Wear,-,Click Here,-
518,theguitarstore.net,The Guitar Store,-,Click Here,-
1,riffcityguitaroutlet.com,Online Guitar Store | Music Instrument Shop | Riff City Outlet,"269,444",Click Here,US
2,hipshotproducts.com,The new tradition in bass and guitar hardware. – Hipshot Products,"294,445",Click Here,-
3,buildyourownclone.com,DIY Guitar Effects Pedal and Amplifier Kits – Build Your Own Clone,"311,169",Click Here,US
4,artisticpod.com,Artistic Pod - Store For Music Lovers,"316,827",Click Here,PA
5,cartervintage.com,Carter Vintage Guitars,"348,267",Click Here,US
6,carvinaudio.com,Carvin Amps and Audio- Gear For Musicians and Sound Professionals,"361,668",Click Here,US
7,humbuckermusic.com,"Humbucker Music | Humbucker Music - Boutique Amps, Guitars, Pedals","372,876",Click Here,-
8,mammothelectronics.com,Mammoth Electronics,"382,061",Click Here,US
9,ex-gear.com,EX-GEAR | Make Some Noise!,"390,170",Click Here,US
10,thefretwire.com,The Fretwire – The FretWire,"449,951",Click Here,US
11,barefacedaudio.com,Barefaced Audio Loudspeakers,"459,533",Click Here,UK
12,walrusaudio.com,Audio effects|Guitar Pedals|Pedals & Effects – Walrus Audio,"520,097",Click Here,US
13,thejustinguitarstore.com,The JustinGuitar Store – Justinguitar Store,"547,516",Click Here,US
14,jamstik.com,Jamstik Smart Guitars | Modern MIDI Guitars for Learners & Creators,"565,261",Click Here,US
15,travelerguitar.com,Traveler Guitar,"627,904",Click Here,-
16,guitarpusher.com,Guitar Pusher - Quality Guitars and Gear in the Philippines! – GuitarPusher,"640,820",Click Here,PH
17,thaliacapos.com,Custom Exceptional Guitar Capos For Sale | Buy Best Guitar Capo Online,"647,121",Click Here,US
18,musicbliss.com.my,Guitar Shops Petaling Jaya Malaysia | MusicBliss.com.my– Music Bliss Malaysia,"666,340",Click Here,-
19,rosemorris.com,London’s guitar & music instrument shop in Denmark Street – ROSE MORRIS,"686,444",Click Here,GB
20,donnerdeal.com,Donnerdeal-Find Your Guitar Gear at Better Price-Free Shipping,"686,903",Click Here,CN
21,xguitars.com,Classical Guitars & Flamenco Guitars from XGuitars,"689,399",Click Here,-
22,steelpantherrocks.com,Steel Panther Official Store,"694,428",Click Here,US
23,thenorthamericanguitar.com,The North American Guitar | The UK Home of the Finest Custom Guitars,"716,641",Click Here,-
24,wernerguitareditions.com,Werner Guitar Editions,"724,327",Click Here,-
25,massstreetmusic.com,Mass Street Music Store,"725,501",Click Here,-
26,neunaber.net,Neunaber Audio,"740,680",Click Here,US
27,920dcustom.com,920D Custom,"751,820",Click Here,US
28,lacemusic.com,Lace Music Products,"765,053",Click Here,-
29,bigcitymusic.com,Electronic Music Gear and Synthesizers – Big City Music,"807,350",Click Here,CA
30,bentwoodjewelrydesigns.com,Bentwood Jewelry Designs - Custom Handcrafted Bentwood Wood Rings,"815,945",Click Here,US
31,ashdownmusic.com,Ashdown Engineering,"859,045",Click Here,-
32,acousticcentre.com.au,Acoustic Centre - Melbourne's Home Of Acoustic Guitars,"865,323",Click Here,AU
33,luckyfret.com,"Lucky Fret Music Co | New, Used and Vintage Guitars, Amps and Effects – Lucky Fret Music Co.","919,920",Click Here,-
34,aluminatiguitars.com,"Aluminati Guitar Company: Perpetually Modern, Instantly Classic – Aluminati Guitars","920,261",Click Here,US
35,klosguitars.com,KLOS Carbon Fiber Guitars,"923,377",Click Here,US
36,guitargal.com,"Guitar Gallery - Offering High end, Hand crafted Guitars 4 our clients","932,284",Click Here,US
37,rogueguitarshop.com,"Rogue Guitar Shop - High-end guitars, amps & effect pedals. Free Shipping. Zero Tax.","952,909",Click Here,US
38,hardluckkings.com,"HardLuck Kings Guitar Co.: Pro Style, Tour Ready Gear, Since 2010","954,850",Click Here,US
39,purpleplectrums.com,Plexstrum - Purple Plectrums - Ezee Pluckin,"1,032,643",Click Here,US
40,originalfuzz.com,Guitar Straps and Accessories for Guitar Players – Original Fuzz,"1,033,127",Click Here,US
41,makenmusic.com,"Make'n Music | High-end Boutique Guitars, Amps & Effects","1,033,620",Click Here,-
42,adkguitar.com,Adirondack Guitar | Left Handed and Righty Guitar and Bass,"1,068,208",Click Here,US
43,guitaremporium.com.au,Australia's Premier Vintage Guitar Store! - Guitar Emporium,"1,076,275",Click Here,AU
44,flightmusichk.com,飛騰音樂中心 Flight Music Centre 香港 | 旺角 | 彩虹 | 澳門 Yamaha Roland Casio Korg – 飛騰音樂中心 Flight Music Centre | 香港 | 旺角 | 彩虹 | 澳門 Yamaha Roland Casio Korg Hk,"1,090,987",Click Here,HK
45,stltones.com,"STL Tones Official Producer Plug-Ins, Kemper Profile & Axe FX Preset","1,131,890",Click Here,AU
46,mrblackpedals.com,Mr. Black Pedals,"1,161,884",Click Here,US
47,guitarbuild.co.uk,Guitar Bodies | Guitar Necks | Custom Made Guitar Parts | Guitarbuild,"1,189,580",Click Here,-
48,replayguitar.com,"Guitars | Replay Guitar Exchange | Tampa, FL | For Sale","1,227,379",Click Here,US
49,dsmusic.com,Music Shop UK - Guitar Shop | DS Music,"1,229,237",Click Here,GB
50,byocelectronics.com,DIY Guitar Effects Pedal and Amplifier Kits – Build Your Own Clone,"1,302,722",Click Here,-
51,mesahollywood.com,Mesa Boogie Hollywood Store,"1,326,678",Click Here,-
52,winspearinstrumental.com,Winspear Instrumental Company ~ Boutique Guitar Accessories,"1,334,235",Click Here,-
53,tubeworldexpress.com,"World's best vacuum tubes for tube audio, guitar amps, radios, studios","1,344,858",Click Here,-
54,rivingtonguitars.com,"Rivington Guitars, NYC`s Best Little Guitar Store & Guitar Repairs","1,451,224",Click Here,US
55,revoguitarstraps.com,Revo Guitar Straps - Handcrafted Wooden Guitar Straps From Costa Rica,"1,495,171",Click Here,PA
56,tapestryaudio.com,Guitar Pedals | Guitar Effects | Guitar Pedalboard Accessories – Tapestry Audio,"1,545,717",Click Here,-
57,hibdonhardwood.com,"Hibdon Hardwood, Inc.","1,556,130",Click Here,US
58,onefortythree.com,Handmade modern lighting and furniture - onefortythree,"1,643,122",Click Here,US
59,motorcityguitar.com,"Motor City Guitar • ""Musicians Serving Musicians"" Since 1988","1,644,205",Click Here,-
60,begears.com,"Begears: Online Shopping - Extensive selection, Best Gears — BeGears","1,666,055",Click Here,-
61,madhatterguitarproducts.com,Mad Hatter Guitar Products,"1,691,657",Click Here,US
62,milkmansound.com,Milkman Sound,"1,702,774",Click Here,US
63,loogguitars.com,Kids' Guitar Reimagined,"1,744,044",Click Here,US
64,axeheaven.com,"AXE HEAVEN Miniature Guitars – Officially Licensed Fender Mini Guitar Replica Collectibles, Stratocaster, Telecaster, Custom Promo Miniature Guitars, Rock Star Guitar Awards","1,748,302",Click Here,US
65,cequentia.com,Cequentia – clauslevin,"1,781,659",Click Here,-
66,palenmusic.com,"Music Store Based in Springfield, MO | Palen Music Center","1,828,611",Click Here,-
67,guitarchimp.com,Guitar Chimp,"1,888,274",Click Here,US
68,musicstreet.co.uk,"Musicstreet | Guitar Shop UK | Music Shop | PRS, Fender, Duesenberg","1,938,691",Click Here,GB
69,regentsounds.com,Regent Sounds of Denmark Street London Guitar Shop,"1,952,977",Click Here,US
70,fretlight.com,The Fretlight Wireless Guitar Store– The Fretlight Guitar Store,"1,989,883",Click Here,US
71,stangguitars.com,"Stang Guitars | Shop Edmonton’s Best Guitar, Amp and FX Store Online","2,039,662",Click Here,CA
72,adlibmusic.com.au,"Adlib Music | Home of Sheet Music, Accessories & Musical Giftware","2,051,793",Click Here,-
73,mgbguitars.com,Cigar Box Guitar Parts | Buy Guitars Parts Online | MGB,"2,058,866",Click Here,US
74,custom-picks.eu,Custom-Picks.eu - Order your custom printed guitar picks online,"2,093,664",Click Here,-
75,evolutionmusicstore.com,Evolution Music,"2,169,370",Click Here,US
76,austinguitarhouse.com,"AUSTIN GUITAR HOUSE - 1104 East 12th St, Austin, Texas 78702 – Austin Guitar House","2,179,309",Click Here,US
77,americanshop4u.com,AmericanShop4U,"2,196,309",Click Here,PA
78,boldfacegear.com,Customized – Personalized – Licensed Backpacks and Guitar Bags,"2,232,154",Click Here,US
79,protonemusicuk.com,Protone Music Liverpool– ProTone Music,"2,234,894",Click Here,-
80,pighogcables.com,Pig Hog Cables | FAT Cable. FAT Sound.,"2,240,272",Click Here,US
81,creamtone.com,CreamTone Vintage Design,"2,278,991",Click Here,-
82,langleyguitarcentre.co.uk,Langley Guitar Centre / Guitar Shop / Specialists in Guitars And Amps,"2,330,194",Click Here,-
83,totmusicstudio.net,TOT ALL AUDIO,"2,345,710",Click Here,KW
84,shorelinemusic.com,Shoreline Music,"2,408,943",Click Here,US
85,decoboom.com,"DECOBOOM - Pickguard Design, Guitar Parts, and Guitar Art","2,433,153",Click Here,US
86,soundsgreatmusic.com,"Guitars, Pedals, Keyboards and More Online and in our Manchester Store","2,473,806",Click Here,-
87,charliehunter.com,The Official Website and Online Store of Charlie Hunter – Charlie Hunter Official,"2,483,589",Click Here,US
88,eddievanhalenstore.com,Official EVH Store - Exclusive EVH Merch & 5150 Guitar Gear – Eddie Van Halen Merch,"2,634,119",Click Here,US
89,guitargrip.com,GuitarGrip - Guitar Hanger Wall Mounted Decor Hand Made in Detroit USA,"2,640,091",Click Here,US
90,edenguitars.com,Eden Guitars Parts and Accessories,"2,774,238",Click Here,US
91,bergmann-edition.com,BERGMANN EDITION,"2,810,545",Click Here,DK
92,devsmusic.in,Devs Music Academy - Award Winning Dance & Music Academy in Pune - Best Sound Engineering Course,"2,861,348",Click Here,IN
93,blackbeardsden.com,"Custom DIY Guitar Kits, Parts and Accessories - Paint, Assemble, Play – Blackbeard's Den","2,922,204",Click Here,-
94,centaurguitar.com,"Centaur Guitar - Used and Vintage Guitars in Portland, Oregon","2,946,433",Click Here,US
95,larkguitars.com,Lark Guitars | Boutique Guitar Shop,"3,033,305",Click Here,US
96,neckillusions.com,neck illusions fingerboard Fret board graphics inlay decals,"3,402,403",Click Here,-
97,luxe-radio.com,Historic Spec Electronic Components,"3,466,111",Click Here,AU
98,guitarscratchremover.com,Guitar Scratch Remover Polish – GuitarScratchRemover by Eternashine,"3,513,296",Click Here,US
99,flamencobarcelonacity.com,Flamenco Barcelona at THEATER City Hall,"3,526,764",Click Here,-
100,beetronicsfx.com,Beetronics FX - Home of the sweetest tones and coolest fuzz pedals.,"3,689,802",Click Here,US
101,foxpedal.com,Boutique Effects for Guitar and Bass,"3,865,719",Click Here,US
102,americanloopers.com,"Guitar Junction Boxes, Patch Bays, Aux Switches and So much More.","3,901,029",Click Here,US
103,firstqualitymusic.com,First Quality Music,"3,939,714",Click Here,US
104,bluemtguitar.com,Blue Mountain Guitar,"4,014,306",Click Here,-
105,coastsonic.com,Coast Sonic Pedal Providers,"4,056,246",Click Here,-
106,apexmusicshop.co.uk,"Apex Music Shop | Electric & Acoustic Guitar specialists of Reading, Berkshire","4,145,738",Click Here,-
107,italiastraps.com,Custom Leather Guitar Straps & Bass Guitar Straps – Italia Leather Straps,"4,153,973",Click Here,-
108,echoinox.com,Echoinox - Where Inspiration Begins | Singapore Electric Guitar Pedals,"4,194,125",Click Here,US
109,musicwarehouse.co.uk,Colchester's Premier Guitar Shop – Music Warehouse,"4,279,556",Click Here,-
110,gmiguitarshop.com,GMI - Guitar & Music Institute Store Guitar Lessons & Tuition,"4,397,908",Click Here,-
111,electraguitar.com,"Electra Guitars | Electric Guitars, Basses, Swag and Accessories","4,561,092",Click Here,US
112,shophouseofguitars.com,House of Guitars Online Shop,"4,593,902",Click Here,-
113,dawnerprince.com,Dawner Prince Electronics | Dawner Prince Electronics | Musical Machinery,"4,635,876",Click Here,HR
114,virgilarlopickups.com,Virgil Arlo Vintage Guitar Pickups. Considered the Best by Top Pros. – VA Pickups,"4,639,672",Click Here,US
115,rock-n-shop-ph.com,"Rock N' Shop | Guitar, Camera, Gadget Accessories","4,646,950",Click Here,-
116,bondieffects.com,Bondi Effects,"4,703,199",Click Here,CA
117,bridgerecords.com,"Bridge Records, Inc.","4,895,400",Click Here,US
118,jazznightschool.org,"Jazz Night School: Seattle adult/youth music lessons, classes & groups","4,941,299",Click Here,US
119,wearyourmusic.com,GUITAR STRING BRACELETS – Wear Your Music,"5,001,221",Click Here,US
120,texasguitarranch.com,Texas Guitar Ranch - Quality Musical Instruments,"5,040,422",Click Here,-
121,survivalprepshop.com,"Building Blocks, Guitar Pedals, Outdoor & Travel Gear - SPS – Survival Prep Shop","5,118,470",Click Here,-
122,seafoampedals.com,Seafoam Pedals,"5,118,749",Click Here,-
123,lifewasteed.com,Lifewasteed | Fan Page Inspired by PJ – LifeWasteed,"5,146,003",Click Here,US
124,luccimusic.com,Colorado Springs #1 Trusted Music Store & Music Lessons | Lucci Music,"5,155,691",Click Here,US
125,strumhollow.com,Strum Hollow Music,"5,206,496",Click Here,US
126,diamondcustomshop.com,Diamond Guitars | Diamond Guitars and Diamond Amps Accessories Custom Shop (DBZ Guitars),"5,315,216",Click Here,PA
127,gregsproaudio.com,Greg's Pro Audio,"5,488,528",Click Here,-
128,solodallas-shop.com,The Schaffer Replica / SoloDallas – SoloDallas LLC,"5,578,998",Click Here,-
129,nashvilleguitarstore.com,Nashville Guitar Store - Guitars and Guitar Accessories,"5,632,560",Click Here,-
130,rorguitars.com,Rob O'Reilly Guitars | Expressive MIDI Guitars – Rob OReilly | Expressiv MIDI Guitars,"5,632,638",Click Here,IE
131,straightupstrings.com,Straight Up Strings – Straight Up Strings by Siminoff,"5,665,563",Click Here,US
132,stingerstraps.com,Stinger Straps | Premium Leather Guitar Straps | Made in N. America,"5,669,346",Click Here,CA
133,mojomusic.ca,Mojo Music - Boutique Guitar Pedal Specialists | Music Store | Repairs – Mojo Music Inc.,"5,697,401",Click Here,CA
134,denalistraps.com,Denali Strap Co – Denali Strap Co.,"5,766,903",Click Here,US
135,mcnellypickups.com,McNelly Pickups,"5,900,023",Click Here,CA
136,guerillaguitars.com,"Guerilla Guitars Custom Hand Built 6, 7 and 8 String Electric Guitars","5,958,868",Click Here,CA
137,thetoolguitars.com,theTool Guitars – Guitar People,"6,050,746",Click Here,-
138,guitarpickups.xyz,"GuitarPickups.XYZ - Electric Guitar Pickups, Pedals, and Accessories – GuitarPickups.xyz","6,095,128",Click Here,-
139,nepeanmusic.com.au,Nepean Music Centre,"6,195,886",Click Here,-
140,guitarworksinc.com,"Guitar Works Inc. Since 1978 Instruments & Accessories– Guitar Works, Inc.","6,232,519",Click Here,US
141,stoneworkspicks.com,Stone Guitar Picks | Guitar Pick Wallets | Stoneworks Guitar Picks – StoneWorks Picks,"6,402,275",Click Here,US
142,gsmmusic.com,"Great Southern Music - Premier Guitar Shop of Houston, TX","6,426,009",Click Here,US
143,soundsmithgear.com,Premium Ukulele & Guitar Selection | by SOUND SMITH– SOUND SMITH,"6,523,368",Click Here,-
144,bettercables.com,"Audio cables - XLR, RCA, Guitar, Speaker Wire & Home Theater Cables – Better Cables","6,599,811",Click Here,-
145,americanarchtop.com,American Archtop Guitars and Nazareth Guitar Building Institute,"6,607,830",Click Here,-
146,bartlettguitarparts.com,Bartlett Guitar Parts,"6,643,236",Click Here,-
147,webstrings.com,"Webstrings Guitar Strings, the Highest Quality and Value. Made in USA – WEBSTRINGS.COM","6,680,314",Click Here,US
148,sound4less.com,Sound 4 Less Guitar Outlet,"6,773,191",Click Here,US
149,gypsyjazzguitarnow.com,Learn To Play Gypsy Jazz Guitar In The Style Of Django Reinhardt,"6,779,156",Click Here,NL
150,distortionbros.com,Distortion Brothers Guitar Shop,"6,811,283",Click Here,PA
151,art-tribute.com,Art Tribute - Guitar Straps | Camera Straps | Bag Straps |Guitar Picks,"6,939,871",Click Here,PA
152,longbeachmusic.com,Long Beach Music,"6,943,946",Click Here,US
153,frethouse.com,The Fret House Guitars,"6,950,902",Click Here,-
154,doclloyd.com,Doc Lloyd Audio: Effects Pedals for Guitar and Bass,"6,988,458",Click Here,US
155,oldschoolmusiccompany.com,"Blues harps, bullet mics, cigar box guitars, and slides. – Old School Music Company","7,035,163",Click Here,-
156,guitarpartscentral.com,"Guitar Parts Central | Hardware, Electronics & Tools for Guitar & Bass","7,051,114",Click Here,US
157,enkiusa.com,ENKI USA- ENKI AMG 2-Guitar and 2-Bow Cases,"7,060,706",Click Here,-
158,saintblues.com,St. Blues Guitar Workshop – Saint Blues Guitar Workshop,"7,070,416",Click Here,-
159,trashamps.com,Trash Amps Speakers & Guitar Amplifiers,"7,125,040",Click Here,-
160,songsandcreations.com,"Songs and Creations - Singing Songs, Guitar Playing and Participation is our Passion!","7,294,791",Click Here,-
161,quiettheory.com,Quiet Theory Soundworks,"7,310,203",Click Here,CA
162,oceancountymusic.com,Your Local Music Store – Ocean County Music,"7,312,965",Click Here,-
163,livingmusicstores.com,LIVING MUSIC - INSTRUMENT SALES TUITION & REPAIR – Living Music,"7,402,172",Click Here,AU
164,stargoat.com,Stargoat Sound & Light | STARGOAT GUITARS,"7,622,774",Click Here,UK
165,bulletcable.com,Bullet Cable | Evolved Sound Delivery,"7,623,992",Click Here,PA
166,schroederguitarhardware.com,Schroeder Guitar Hardware,"7,948,362",Click Here,US
167,atlantavintageguitars.com,"Atlanta Vintage Guitars | New & Used Guitars, Amps and Accessories","7,964,967",Click Here,US
168,uglydog.ca,Ugly Dog Band Merchandise,"8,186,927",Click Here,-
169,casinoguitars.com,Casino Guitars,"8,231,137",Click Here,US
170,fusionguitars.com,Fusion Guitars – The Fusion Guitar,"8,297,243",Click Here,AU
171,curlykoa.com,Hawaiian Hardwoods Direct,"8,489,622",Click Here,US
172,anthologygearwear.com,"Leather Guitar Straps, Gig Bags, Pick Wallets | Anthology Gear","8,861,052",Click Here,US
173,johnpageclassic.com,John Page Classic – John Page Classic,"9,102,616",Click Here,US
174,thegoldenstrap.com,"The Golden Strap | Cool guitar t-shirts, hoodies, mugs, unique designs","9,226,608",Click Here,-
175,get-a-backbone.com,Backbone Guitar Products,"9,413,717",Click Here,-
176,loopswitchers.com,Loop Switchers - Handmade True Bypass Guitar Pedals,"9,525,256",Click Here,US
177,basinstruments.com,Home of Lyman Guitar Co. & Much More! – BAS_INSTRUMENTS,"9,555,763",Click Here,-
178,audiomidiplus.com,Audio MIDI Plus,"9,853,681",Click Here,US
179,mojohandfx.com,Mojo Hand FX,"9,970,218",Click Here,US
180,brantfordmusic.com,The Brantford Music Centre,"10,173,677",Click Here,CA
181,spectraflex.com,"Spectraflex, Inc. | Spectraflex Guitar Cables","10,286,677",Click Here,-
182,stacksfx.com,Stacks FX – Boutique Guitar & Bass Effect Pedals,"10,442,625",Click Here,US
183,kendallguitarshop.co.uk,Kendall Guitars Online Guitar Shop,"10,474,740",Click Here,-
184,blytheengineering.com,Blythe Engineering,"10,558,630",Click Here,US
185,jadenguitarparts.com,Jaden Guitar Parts,"10,782,278",Click Here,US
186,boutiqueguitarshop.com,Boutique Guitar Shop,"10,943,053",Click Here,CA
187,rexterguitars.co.uk,"Rexter Guitars UK Custom Nitro Guitar Finishing, Bodies, Necks, Parts","11,140,881",Click Here,-
188,plectrumspectrum.com,Plectrum Spectrum Guitar Pick Displays – Plectrum Spectrum™ Guitar Pick Displays,"11,338,701",Click Here,US
189,davemann.co.uk,Dave Mann Music - Dave Mann Music - UK and Europe High End Guitar Store,"11,349,587",Click Here,-
190,kts-america.com,KTS America - Titanium Guitar Hardware,"11,365,612",Click Here,-
191,wadsworthmusic.com,Lessons * Repairs * Sales,"11,583,972",Click Here,US
192,treepicks.com,Tree Picks - Wooden Guitar Picks - Calgary - Canada,"11,979,583",Click Here,-
193,sheptone.com,Guitar Pickups by Sheptone,"12,223,030",Click Here,CA
194,soundcityamp.com,Sound City Amps | The Best High-End Guitar Amp in America,"12,230,672",Click Here,US
195,rocksolidguitarstands.com,Rock Solid Guitar Stands - Best All Wood Guitar Rack,"12,474,544",Click Here,US
196,guitarassassin.com,Guitar Assassin® Official Store | Sustain Your Flow,"12,780,388",Click Here,US
197,greatguitargifts.com,Great Guitar Gifts,"12,782,761",Click Here,PA
198,pickheaven.com,Pick Heaven – Pick Heaven,"13,129,548",Click Here,-
199,niciart.com,"NiciArt Handmade Jewelry, Guitar Picks, and Accessories","13,298,997",Click Here,-
200,allpartsuktrade.com,"Allparts UK - trade supplier of guitar, bass & amp parts - the UK's #1 choice for guitar techs","13,631,782",Click Here,GB
201,weissenborns.com,Weissenborn Slide Guitar Co. | Shop Online | Hawaiian Lap Steel Guitar,"13,711,442",Click Here,AU
202,bassfreaks.net,Best Bass shop in Brussels – Bass Freaks Sprl,"13,993,228",Click Here,-
203,selectsoundsllc.com,SelectSoundsLLC.com – Select Sounds LLC,"14,183,601",Click Here,US
204,tonequestwizard.com,"Bullhead Amplification, Inc.","14,267,464",Click Here,-
205,silverpicks.com,Silver Plectrum | Silver Picks,"14,477,129",Click Here,GB
206,alohatuners.com,Aloha Tuners Character Digital Clip-on Tuners: Fun Shapes & Colors!,"14,588,430",Click Here,US
207,colladayleather.com,Colladay Leather - Crafted to Inspire,"14,864,078",Click Here,US
208,pennylanesmusic.com.au,"Music lessons, Instruments shop, toddler music, Fremantle, vouchers – Penny Lanes Music Workshop","14,954,901",Click Here,-
209,martinyoungamps.com,Martin-Young Amplification has guitar amplifiers for sale,"15,219,976",Click Here,US
210,rustyfrets.com,The best place to buy guitar gear online! – Rusty Frets Guitar Shop,"15,369,192",Click Here,US
211,dlucamusic.com,D'Luca Music: Brand and Manufacturer of Music Instruments and Equipmen – DLucaMusic.com,"15,566,729",Click Here,US
212,nachomusic.com,Nacho Music- Specializing in guitar electronics.,"15,604,878",Click Here,-
213,fretfunk.com,Fretfunk Guitar Accessories,"15,794,558",Click Here,GB
214,tubeaudiosupply.com,"Tube guitar amp parts and supplies, new & used tubes, your USA source! – Tube Audio Supply","16,002,908",Click Here,-
215,peoplesmusic.com,People's Music Sebastopol California,"16,116,539",Click Here,US
216,pickersgrip.com,Picker's Grip™ I Official Site,"16,120,459",Click Here,-
217,kickassguitars.com,Get a Drool-Worthy Guitar Without An Inheritance — Kickass Guitars,"16,661,899",Click Here,-
218,stringkraft.com,StringKraft Guitar and Bass Headstock Decals. Custom Waterslide Decals – StringKraft.com,"16,926,071",Click Here,-
219,magdamolina.com,Magda Molina Designs,"17,035,056",Click Here,-
220,modyourownpedal.com,Mod your own guitar pedals – Mod Your Own Pedal,"17,620,573",Click Here,US
221,escapeplanpedals.com,Escape Plan Pedals - Handmade Effects Pedals with Custom Etching,"18,191,194",Click Here,-
222,livetojam.com,Live To Jam - Learn how to play guitar – Live to Jam Learn to play your favorite instrument.,"18,523,222",Click Here,US
223,taurus-pedals.com,Taurus Pedals | Custom Boutique Guitar Pedals,"18,561,644",Click Here,-
224,guitar-e-store.com,GES: all accessories for guitar | guitar bass | ukulele – guitar-e-store,-,Click Here,-
225,guitar-galleries.co.uk,"Guitar Galleries, Best online guitar shop in Scarborough and Beverley",-,Click Here,-
226,the-guitar-gallery.com,Welcome to The Guitar Gallery,-,Click Here,-
227,guitar.org.uk,Guitar.org.uk,-,Click Here,-
228,guitarthread.com,"Guitar Shirts, Hoodies, T-Shirts, Clothing, Apparel, Hoodies in USA",-,Click Here,-
229,miniguitarpedals.com,"Mini Guitar Pedals - mini guitar pedals, micro guitar pedals, guitar pedals, effects pedals, pedalboards",-,Click Here,PA
230,riffbuster.com,"Riffbuster Guitar. Learn to play the guitar. chords, licks, riffs.",-,Click Here,-
231,strapgraphics.com,Custom Guitar Straps | Leather Guitar Straps | Cool Guitar Straps – StrapGraphics,-,Click Here,-
232,retunedjewelry.com,Retuned - Guitar String Jewelry – Retuned Jewelry,-,Click Here,US
233,mulrainguitars.com,Mulrain Guitars . Guitar Builder.ca – Mulrain Guitars & Guitar Builder.ca,-,Click Here,-
234,furchguitars.co.uk,UK Guitar Shop | Used Guitar for Sale Uk | Guitar Specialist of Furch,-,Click Here,-
235,godinguitars.co.uk,UK Guitar Shop | Used Guitar for Sale Uk | Guitar Specialist of Furch,-,Click Here,-
236,rguitars.co.uk,UK Guitar Shop | Used Guitar for Sale Uk | Guitar Specialist of Furch,-,Click Here,-
237,usclassicguitar.org,"Fine Classical Guitars & Accessories, Concert Tickets, Guitar Lessons",-,Click Here,-
238,thebasscentre.co.uk,UK Guitar Shop | Used Guitar for Sale Uk | Guitar Specialist of Furch,-,Click Here,-
239,visionguitar.com,Vision Guitar,-,Click Here,-
240,bisonboa.com,Boutique Leather Guitar Straps and Gear | UK Made | Bison Boa,-,Click Here,GB
241,dsstraps.com,Dragon Scale guitar accessories – Dragon Scale Guitar accessories,-,Click Here,-
242,highstrungstudios.com,High Strung Studios Guitar String Jewelry,-,Click Here,US
243,harpleyslides.com,"Guitar slides, guitar playing, music, blues playing, blues guitar – Harpley Slides",-,Click Here,-
244,guitarnicknackery.com,Guitar Nick Nackery | High Quality Handmade Guitar Accessories | BNB,-,Click Here,CA
245,pickapalooza.com,Make Your Own Guitar Picks | Guitar Pick Punch Packs | Pick-a-Palooza,-,Click Here,US
246,coolguitarshop.us,"Boutique Guitar Pedals & Effects, Accessories, Gear | Cool Guitar Shop",-,Click Here,-
247,strumminghelp.com,Guitar Picks : Strumming Help – Strumming Help,-,Click Here,-
248,customguitarneckplate.com,Fender Custom Shop Guitar neck plates and Custom Guitar neck plates,-,Click Here,-
249,rondaguitarhouse.com,Ronda Guitar House - Spanish Guitar Concerts and Sales,-,Click Here,-
250,theguitargallery.com,The Guitar Gallery | Guitars | Records | Tuscaloosa & Pelham Alabama – Guitar Gallery of Alabama,-,Click Here,-
251,jerrysguitartees.com,Jerry's Guitar Tees - Guitar Related T-Shirts,-,Click Here,-
252,gilberttuners.com,Classical Guitar Tuners | Guitar Tuning Machine Heads,-,Click Here,US
253,boobooguitars.co.uk,Recyclable Guitar and Bass Bodies & Necks– Boobooguitars,-,Click Here,-
254,guitarcure.com,Guitar Cure – GuitarCure,-,Click Here,US
255,guitarfactory.net,"Gladesville Guitar Factory, Sydney Australia | Shop our online Store",-,Click Here,AU
256,guitargallery.co.za,Guitar Gallery - Welcome To The Home Of Your Next Guitar,-,Click Here,-
257,guitarguildofficial.com,Guitar Guild - Shop Guitar Accessories Here!,-,Click Here,-
258,guitarstandco.com,Guitar Stand – Guitar Stand Company,-,Click Here,US
259,sexeeguitarstrings.com,Sexee Guitar Strings,-,Click Here,-
260,lobosguitarco.com,Lobos Guitar Co – Lobos Guitar Co.,-,Click Here,-
261,worcesterguitarcentre.co.uk,Worcester Guitar Centre | Worcester's Premier Guitar Shop,-,Click Here,-
262,tmgguitarco.com,TMG Guitar Co. - TMG Guitar Co.,-,Click Here,-
263,davesguitarandbass.com,"Dave's Guitar and Bass, LLC",-,Click Here,US
264,tunnelvisionmusic.com,TunnelVision Music | Boutique Guitar Effects Pedals | FREE SHIPPING – TunnelVision Music.com,-,Click Here,US
265,amdusiasdevices.com,Amdusias Devices - Guitar and bass pickups handwound in Belfast.,-,Click Here,US
266,beltandbrace.com,Belt&Brace - Custom Guitar Straps And Leather Accessories,-,Click Here,-
267,jamstack.io,Jamstack - The World's First Attachable Guitar Amplifier,-,Click Here,-
268,alienguitarsecrets.com.au,Guitar Lessons | Sydney Northern Beaches | Dee Why – Alien Guitar Secrets,-,Click Here,-
269,safe-t-stand.com,"Safe-T-Stand Guitar Stand, A New Design In On-Stage Guitar Stands",-,Click Here,US
270,fretfunk.co.uk,Fretfunk Guitar Accessories,-,Click Here,-
271,fretfunk.uk,Fretfunk Guitar Accessories,-,Click Here,-
272,groverallman.com.au,Custom Printed Guitar Picks and Straps,-,Click Here,-
273,guitarexclusive.com,Guitar Exclusive - Great Deals On Unique Music Gifts and Accessories,-,Click Here,PA
274,guitarrevolutionstore.com,Guitar Revolution Store,-,Click Here,CA
275,guitarstarclothing.co.uk,Guitar Star Clothing,-,Click Here,-
276,esostrap.com,ESO Strap - The Guitar Strap Reimagined,-,Click Here,US
277,groupielove.com,"Guitar Pick Earrings, Chokers, Bracelets and More – Groupie Love",-,Click Here,KY
278,huddysguitarshop.com,Lil' Huddy's Guitar Shop – Lil' Huddy's Guitar Shop,-,Click Here,US
279,seventhstringstraps.com,The Seventh String Guitar Strap,-,Click Here,US
280,sidewinderstraps.com,Sidewinder Straps – Sidewinder Guitar Straps,-,Click Here,US
281,mcmurrayandblonde.com,"Leather Camera and Guitar Straps | Chicago, IL | McMurray And Blonde – McMurray and Blonde",-,Click Here,-
282,picktown.co.uk,"Custom guitar picks, guitar straps & pick mosaics - Picktown",-,Click Here,-
283,lp6guitar.com,LP6 guitar scale system,-,Click Here,-
284,myguitarmate.com,My Guitar Mate,-,Click Here,US
285,nexi-industries.com,Best Pedal Board for Guitar | Electric Guitar Pedal Board – NEXI Industries,-,Click Here,-
286,voodoo-decals.com,Voodoo Decals - Guitar & Bass Restoration Decals,-,Click Here,-
287,thorpyfx.com,ThorpyFX - Guitar Effects Pedals for the discerning guitarist. – ThorpyFX Ltd,-,Click Here,-
288,trussmusic.com,Truss Music Guitar Boutique Shop,-,Click Here,-
289,texasguitarshop.com,"Texas Guitar Shop | Texas Guitar Shop-New, Used and Vintage Guitars Amps Parts Accessories",-,Click Here,-
290,thegroovyguitardude.com,The Groovy Guitar Dude - Guitar Lessons for Beginners,-,Click Here,-
291,theguitarworld.com,"The Guitar World: Guitars & Musical Instument Sales, Lessons & Repairs",-,Click Here,-
292,megatonemusic.com,Online Music Store and Local Guitar Shop | Megatone Music,-,Click Here,US
293,aakkord.com,Made in USA very high quality premium leather guitar straps – Aakkord,-,Click Here,-
294,ideentech.com,Guitar effects pedal – Ideen Tech,-,Click Here,US
295,diamondtactical.net,Diamond Tactical | ELECTRIC GUITAR GIG BAGS MIL-SPEC MOLLE SYSTEM BAGS POUCHES TACTICAL,-,Click Here,PA
296,dynamoelectricaudio.com,Dynamo Electric Audio | Dynamo Electric Audio - Boutique Guitar Effects Pedals Made in the USA,-,Click Here,US
297,audioinclined.com,Audioinclined Guitar Store Miami – AUDIOINCLINED.,-,Click Here,US
298,droplightind.com,Amp Inspired. American Made. Guitar Amp Key Holders by DropLight Ind. – Droplight Industries,-,Click Here,US
299,artbyguitar.com,Art By Guitar,-,Click Here,-
300,eclecticsound.co.za,Eclectic Sound - Suppliers of Fine Guitar and Bass Effects,-,Click Here,-
301,harroncustomguitars.com,Harron's Australian Made Guitar Care Products and Polishes,-,Click Here,-
302,greeramps.com,"Handmade Guitar Pedals & Amps from Athens, GA, USA. | Greer Amps",-,Click Here,US
303,guitarshapedkeys.com,"Rockin' Keys, Guitar and Saber Shaped Novelty Keys – TD Rand Company",-,Click Here,US
304,hyspechandwired.com,Hyspec Handwired Guitar Effects – Hyspec Handwired Audio,-,Click Here,CA
305,humbucker.clothing,HumBucker Clothing Company: Guitar-themed apparel and goods. – Humbucker Clothing Company,-,Click Here,US
306,holmesmade.co,HOLMES leather and fabric guitar straps,-,Click Here,US
307,homert.com,Homer T Guitar Co - Vintage Style Electric Guitars and Electric Basses,-,Click Here,US
308,charliepaologuitars.com,USA Handbuilt Guitar Pedals — Charlie Paolo Custom Effects,-,Click Here,US
309,pangraziomusic.com,"Music Lessons, PIANO, VOICE, VIOLIN, GUITAR, CELLO, Los Angeles, LA CA – Pangrazio Music",-,Click Here,-
310,parsonscalifornia.com,Guitar making school Parsons Custom Guitars – Parsons Guitars,-,Click Here,-
311,coffingear.com,"Coffin Cases, Gig Bags, Guitar Straps, Cables & Music Gear",-,Click Here,CA
312,mayalls.co.uk,"New Guitar Store in Colwyn Bay, North Wales. – mayallsmusic",-,Click Here,-
313,petrosguitarshop.com,The Petros Guitar Shop featuring Purflex®,-,Click Here,-
314,chickenbonejohn.com,Chickenbone John - The Godfather of The Cigar Box Guitar – ChickenboneJohn Guitars,-,Click Here,-
315,luthiers-bench.com,"Rib Bending Iron & Straps for Violin, Guitar, Cello, Double Bass – Luthier's Bench",-,Click Here,-
316,psuexpress.co.uk,"Power Supplies For Guitar Effects Pedals, Tablets, Keyboards & More... – psuexpress",-,Click Here,-
317,spicetone.com,Spicetone - Innovative Guitar Distortion Pedal,-,Click Here,EE
318,lostintheguitars.com,"Guitar Shirts, Apparel, Merchandise, Gifts, Tees – Lost In The Guitars",-,Click Here,-
319,solidgroundstands.com,Wood Guitar Stands from Solid Ground Stands,-,Click Here,CA
320,loopholepedals.com,"Loophole Pedals Custom Guitar Pedals, Mods, and Rehouses",-,Click Here,US
321,metromusicottawa.ca,Glebe Ottawa guitar sales rentals and instruction plus drum lessons – Metro Music,-,Click Here,-
322,spartanmusic.co.uk,"Spartan Music | Buy Low Cost Guitar Pedals, Gear & Accessories",-,Click Here,-
323,string-box.com,"String Box - Cases, etuis, pouches for guitar strings",-,Click Here,SI
324,strapjack.com,Strap Jack: Guitar Strap Endpin Locking System,-,Click Here,US
325,runwayaudio.com,Custom Guitar Cables in Nashville | Runway Audio,-,Click Here,-
326,riverpickups.com,River Pickups - Hand-wound guitar pickups,-,Click Here,-
327,vintagestuffplus.com,"Vintagestuffplus, guitar, bass and amplifier parts. – VintageStuff plus",-,Click Here,-
328,tonespecific.com,"Tone Specific Guitar Pickups - The Best Strat, Tele & PAF pickups.",-,Click Here,-
329,travelclefshop.com,Music Instruments Store | Guitar | Ukulele | Piano | Cajon – TravelClef Online Music Store,-,Click Here,-
330,theguitaryard.com,The Guitar Yard,-,Click Here,-
331,theravenworks.com,"The Raven Works leather belts, leather cuff bracelets & guitar straps",-,Click Here,-
332,goldenstateguitars.com,Golden State Guitars: Best Guitar Shop & Pawn Shop in Orange County – Golden State Pawn & Guitars,-,Click Here,-
333,markclementeguitar.com,The Mark Clemente Chord Melodies™ for Guitar/Global,-,Click Here,-
334,plexstrum.com,Plexstrum - Purple Plectrums - Ezee Pluckin,-,Click Here,US
335,nulminiatureguitars.com,"Collect Your Favorite Band Miniature Guitars, Bass, Drum Set and Amp. – Nul Miniature Guitars",-,Click Here,-
336,garagebandguitars.com,Garage Band Guitars,-,Click Here,US
337,emperorcabinets.com,Official site of Emperor Music/ Emperor Cabinets,-,Click Here,CA
338,deesrdeals.com,Dee's R Deals - Great Deals on Great Stuff,-,Click Here,-
339,8soundsmusic.com,acoustic electric guitar Byron guitar bass 8sounds music Tillie guitar,-,Click Here,-
340,seasunstraps.com,Seasun straps – Seasun Limited,-,Click Here,US
341,greenroomgear.com,Green Room Gear - Instrument Bundles & Accessories,-,Click Here,CA
342,hogjim.com,kyle@hogjim.com,-,Click Here,US
343,kimmykwong.com,Kimmy Kwong Official Website - Hong Kong Guitarist,-,Click Here,-
344,rockstar-bracelets.com,"Rockstar Bracelets - Blood, Sweat and DNA",-,Click Here,-
345,wildgooseshoppe.com,Wild Goose Shoppe – The Wild Goose Shoppe,-,Click Here,-
346,scottmorris.net,Scott Morris Classical Guitar Private Lessons– Scott Morris Guitar,-,Click Here,US
347,snowdenguitars.com,Snowden Cigar Box Guitars – Snowden Guitars,-,Click Here,-
348,3monkeysamps.com,3 Monkeys Amps,-,Click Here,US
349,fanmerch.com,FANMERCH™ - Guitar Gifts & Officially Licensed Band Merchandise | Guitar Gift Ideas & Mini Guitars,-,Click Here,US
350,americanguitarstore.com,The American Guitarstore,-,Click Here,-
351,instrumental-gear.com,Instrumental-Gear.com | Online Shopping for Musical Gear & Accessories,-,Click Here,-
352,ironageaccessories.com,"Iron Age Guitar Accessories | Guitar Picks, Knobs, & Killswitches",-,Click Here,-
353,dynamicmusicdistribution.co.uk,Dynamic Music Distribution,-,Click Here,-
354,dylantalkstone.com,Dylantalkstone.com – Dylan Talks Tone,-,Click Here,US
355,sephgotthewaves.com,Seph Got The Waves,-,Click Here,NZ
356,harbormusic.net,Harbor Music Guitars And Gear Music Store – Harbor Music (310) 406-3090,-,Click Here,US
357,heartbeatjewellerylondon.com,HEARTBEAT Music Jewellery London– HEARTBEAT Jewellery London,-,Click Here,UK
358,shakerpick.com,shaker pick – SHAKER PICK,-,Click Here,CA
359,sfguitarcompany.com,SF Guitar Company | Instruments of Peace – San Francisco Guitar Company,-,Click Here,CA
360,expressiv.co,Rob O'Reilly Guitars | Expressive MIDI Guitars – Rob OReilly | Expressiv MIDI Guitars,-,Click Here,-
361,catastrophelounge.com,The Neck Dive Strap – Catastrophe Lounge,-,Click Here,US
362,carlharveyinstruments.com,Carl Harvey Instruments – CarlharveyInstruments.com,-,Click Here,CA
363,pluginzkeychains.com,"Pluginz Jack Rack. ""Hang Your Keys Like a Rockstar!""– Pluginz Keychains",-,Click Here,US
364,plectone.com,Plectone Home,-,Click Here,US
365,chordstamp.com,Dave's Chord Stamps,-,Click Here,US
366,skymusic.com.au,Online Guitar Store Australia | Guitar For Sale | Buy Guitars Online,-,Click Here,-
367,londonguitars.ca,London Guitars,-,Click Here,-
368,reusseffects.com,Reuss Musical Instruments,-,Click Here,DK
369,strumgirl.com,STRUMGIRL,-,Click Here,US
370,thomasjmusic.com,"High-End Guitars, Parts, Accessories, Service and Equipment. — Thomas J Music",-,Click Here,-
371,theaudiohouse.co.uk,"The Audio House ""Great Shop, Great Brands, Great Kit & Great Service """,-,Click Here,-
372,theguitarzone.net,The GUitar Zone – The Guitar Zone,-,Click Here,-
373,tvjones.com,"TV Jones - Pickups, Guitars, Hardware and more!",-,Click Here,US
374,davidsonaudioandmultimedia.com,Davidson Audio & Multimedia,-,Click Here,US
375,deiode.com,Deiode Effects Pedals – Deiode Pedals,-,Click Here,US
376,indieguitaristboxset.com,Indie Guitarist Box Set,-,Click Here,FR
377,ajpeat.com,AJ Peat,-,Click Here,US
378,6degreesfx.com,Boutique Turret Board Pedal Design – 6 Degrees FX,-,Click Here,-
379,therockinn.com,"The Rock Inn | Perth Guitar Specialist Store, New & Used Guitars. | The Rock Inn",-,Click Here,GB
380,3monkeyssolderless.com,3 Monkeys Solderless,-,Click Here,US
381,angelcityguitars.com,"Boutique, hand crafted guitars, amps, effects – Angel City Guitars",-,Click Here,TR
382,jdswarehouse.com,JD’s Warehouse,-,Click Here,-
383,doniguitars.com,Doni Guitars,-,Click Here,GB
384,jamboardusa.com,Jamboard Pedalboards,-,Click Here,US
385,dobsoundpro.com,"D.O'B. SOUND PRO - PRO AUDIO, MUSICAL INSTRUMENTS & ACCESSORIES",-,Click Here,-
386,bedfordaudio.co,Bedford Audio | Welcome,-,Click Here,UK
387,dogtiredguitars.com,Dog Tired Guitars and Accessories,-,Click Here,US
388,ipickguitar.com,iPickGuitar,-,Click Here,CA
389,devilhornltd.com,Devilhorn,-,Click Here,CA
390,finshingbrows.us,Finishing The Guitar Store– Frendak,-,Click Here,-
391,itisallyouwant.com,It Is All You Want,-,Click Here,US
392,juriedengineering.com,Juried Engineering - Electronic components and supplies,-,Click Here,US
393,dudebroski.com,The Best Online Boutique Guitar Shop | DudeBroSki Guitars,-,Click Here,US
394,gauge-usa.com,Gauge Microphones - World-Class Microphones & Analog-Modeled Plugins – Gauge Precision Instruments,-,Click Here,US
395,blackgearamplifiercovers.com,BlackGear Amplifier Cover – BlackGear Amplifier Covers,-,Click Here,NL
396,atlastone.com,Custom Guitar Cabinets by Atlas Cabinets,-,Click Here,-
397,sagework.org,Manufacturer Direct | $4 Priority Mail Shipping – Sagework Guitar Supports,-,Click Here,-
398,audiolink.com.au,Audio Link,-,Click Here,-
399,audiocables.eu,Handmade Professional Audio Cables - audiocables.eu - Mogami - Neutrik,-,Click Here,-
400,jessupamps.com,Custom Handmade Guitar and Bass Amplifiers,-,Click Here,US
401,fretgear.com,Fret Gear - Premium Guitar Accessories,-,Click Here,PA
402,dotsmusiccamden.co.uk,Dots the Camden Music Shop — Dots Music Camden,-,Click Here,-
403,dropdeeguitars.com,Drop Dee Guitars,-,Click Here,US
404,jimmywallaceguitars.com,Jimmy Wallace Guitars - A Life Pursuit of Tone,-,Click Here,JP
405,jmaveguitars.com,jMave Guitars - Boutique Guitars and Effects – jmaveguitars,-,Click Here,-
406,fullhousecustomleather.com,Full House Custom Leather,-,Click Here,US
407,glide-guitar.com,GLIDE,-,Click Here,-
408,glide-guitar.jp,ギターの通販、メンテナンス、買取なら GLIDE,-,Click Here,-
409,hiendguitar.com,Selamat datang di Hiendguitar. Koleksi gitar terlengkap Indo – HIENDGUITAR.COM,-,Click Here,ID
410,boutiqueinstruments.com.au,Boutique Instruments,-,Click Here,-
411,blueskyjewelrydesign.com,Personalized Jewelry - Quality Hand Stamped Jewelry – Blueskyjewelrydesign,-,Click Here,US
412,greytempest.sg,GreyTempest Custom Shop– GreyTempest CustomShop,-,Click Here,-
413,byfortier.com,"By Fortier | Guitars, Instruments and Accessories | Love Music Peace",-,Click Here,US
414,calschoolofmusic.com,CAL School of Music,-,Click Here,US
415,guitarbrothers.com.au,Guitar Brothers Online,-,Click Here,-
416,guitarstation.com.au,"Fender Guitars And Amps On Sale - Melbourne, Australia",-,Click Here,-
417,guitarsweeps.com,GuitarSweeps™ Precision Guitar Cleaning Tools,-,Click Here,US
418,guitarworkshopglasgow.com,The Guitar Workshop - Glasgow,-,Click Here,CA
419,guitarbooksdirect.co.uk,Guitar Books Direct - Books and Accessories for Guitarists,-,Click Here,-
420,gsus4.com.au,Gsus4 - Australia's Premium Guitars & Gears,-,Click Here,-
421,gryphonsaerie.com,Gryphon's Aerie Handcrafted Leatherwork,-,Click Here,-
422,hoffmanmusic.com,"Music instrument/pro audio sell, rent, consign, new, used in Spokane. — Hoffman Music",-,Click Here,US
423,elkhollowdesigns.com,"Handmade tack, handbags, wild rags, jewelry and so much more – Elk Hollow Designs",-,Click Here,-
424,holdenhillmusic.com.au,Holden Hill Music - Your Best Shop For Musical Instruments Down Under,-,Click Here,-
425,brightelife.com,"Brightelife for Innovative Music, Medical, and Digital devices",-,Click Here,US
426,goldfinch-guitars.com,Goldfinch Guitars,-,Click Here,US
427,pedalboss.com,OAL – Oxbow Audio Lab,-,Click Here,US
428,cgcpublishing.com,Classical Guitar Corner Publishing,-,Click Here,US
429,peruvianaccent.com,"Peruvian accent,Unique Luxury Handmade Goods. – Peruvian Accent",-,Click Here,PE
430,penguinfeathers.com,PenguinFeathers Guitar Straps,-,Click Here,US
431,pelicannoiseworks.com,Pelican NoiseWorks,-,Click Here,US
432,everalive.us,"EverAlive - Download sheet music for piano, easy piano, top hits and all styles",-,Click Here,-
433,pacificguitarsales.com,Pacific Guitar Sales,-,Click Here,US
434,parrvisionart.com,Abstract Handmade Artwork and Paintings | Parrvision Art in Nashville,-,Click Here,CA
435,caskmusic.ca,Guitar Store Toronto | Cask Music,-,Click Here,-
436,laurazabo.co.uk,Laura Zabo Recycled Fashion Accessories - Cruelty-Free & Eco-Friendly,-,Click Here,-
437,shopfearlesshart.ca,Fearless hART:Heart Based Art | Leather | Mixed Media | Greeting Cards,-,Click Here,-
438,shotsinthedarkdecor.com,Shots In The Dark Decor,-,Click Here,US
439,classicguitarshop.com,Classic Guitar Shop | Serenity Awaits,-,Click Here,CA
440,classicguitarshop.org,Classic Guitar Shop | Serenity Awaits,-,Click Here,CA
441,logoswoodworks.com,Logos Woodworks,-,Click Here,US
442,loftymill.com,Lofty Mill | Mall Shopping for boomers and all Gens – loftymill.com,-,Click Here,US
443,livebuy.ca,LiveBuy | When it's Live... It's a deal! – LiveBuy.ca,-,Click Here,-
444,polyphiatabs.com,Polyphia - The Official Tab Store – Polyphia Tabs,-,Click Here,CA
445,simplyraevyn.com,SimplyRaevyn Handmade Jewelry,-,Click Here,US
446,chiltonepickups.com,Chiltone Pickups - Hand crafted in the USA,-,Click Here,US
447,manleyleather.com,Manley Leather Co. Custom Handcrafted Leather Goods and Products,-,Click Here,-
448,letter5industries.com,Seint Apparel,-,Click Here,BS
449,linesharkaudio.com,"LINESHARK - Audio Interface Pedal for guitar, microphone, keys & more – Lineshark Audio",-,Click Here,US
450,christineroberge.com,Christine Roberge,-,Click Here,-
451,sixshootergifts.com,Six Shooter Gifts | Six Shooter Gifts,-,Click Here,US
452,cigarboxguitarsuk.co.uk,Jack Rabbit Slims Cigar Box Guitars | Cigar Box Guitars UK – Jack Rabbit Slims Cigar Box Guitars UK,-,Click Here,-
453,sportsvault.com,The Sports Vault,-,Click Here,US
454,procraftindia.com,Procraft India | India's Leading Guitar Manufacturer and Importer,-,Click Here,US
455,crookedroadhardwoods.com,"Crooked Road Hardwoods - Luthier Tonewood - Supplies, Wood",-,Click Here,-
456,lotuspedaldesigns.com,LOTUS PEDAL DESIGNS,-,Click Here,US
457,sonicdrop.com.au,Sonic Music Audio Edu School Music Instrument Supplier Store AU,-,Click Here,-
458,sonicpickups.com,Sonic Pickups,-,Click Here,US
459,pratleyguitars.com.au,PRATLEY GUITARS & PERCUSSION,-,Click Here,-
460,louisvillefolkschool.org,Connecting the roots of Kentucky's music traditions with its future! – Louisville Folk School,-,Click Here,PA
461,loog.nyc,Kids' Guitar Reimagined,-,Click Here,US
462,poweredbyomega.shop,Powered by Omega Digital Media– Powered By Omega Digital Media,-,Click Here,US
463,spacesaverguitars.com,The Sharper Guitar,-,Click Here,US
464,mffe.rocks,MFFE Rocks – MFFEROCKS,-,Click Here,US
465,corneronlineshop.com,Corner Online Shop,-,Click Here,CA
466,prettyprairiedesigns.com,Personalized Hand Stamped Jewelry – Pretty Prairie Designs,-,Click Here,US
467,convystore.com,Bass Gears - Best Products for Bass Players– BassGears,-,Click Here,-
468,soursound.com,"Soursound Audio Works | Portland, OR",-,Click Here,US
469,rejewelenate.com,Elegant Upcycled Jewelry Made in Asheville’s Famed River Arts District – rejewelenate,-,Click Here,US
470,wccustomshop.com,Wren and Cuff Custom Shop,-,Click Here,-
471,kewlcapos.com,Guitar Heaven,-,Click Here,-
472,kealarecords.com,Keala Records - Island Music Straight From Hawaii,-,Click Here,US
473,monicasquitieri.com,Monica Squitieri California Jewelry,-,Click Here,US
474,westshoremusicacademy.org,Westshore Music Academy,-,Click Here,US
475,ranchocircuitry.com,Rancho Circuitry – Rancho Circuitry,-,Click Here,-
476,rainvilleaudio.com,"Rainville Audio - Handbuilt in Toronto, Canada",-,Click Here,CA
477,stonefieldmusic.com,Bass Guitar Shop - The Bass You’ve Always Wanted – Stonefield Music,-,Click Here,-
478,roycesleathercraft.com,Royce's Leathercraft,-,Click Here,US
479,myguitar24.ch,myguitar24.ch - Great Guitar Stuff At Great Prices,-,Click Here,-
480,ruas.in,Ruas India,-,Click Here,-
481,valentinebennettstore.com,Valentine Bennett – Valentinebennettstore.com,-,Click Here,US
482,rosepedalselectriceffects.com,Spiral Electric FX : Handmade Pedals by Tom Cram,-,Click Here,US
483,rustygear.com.au,RUSTYGEAR Men's Luxury Fashion Accessories. Watches Sunglasses Wallets – RustyGear,-,Click Here,-
484,ritchiesound.com,Ritchie Sound and Lights & Music Store,-,Click Here,-
485,suzukistrings.ie,Suzuki Strings Ireland,-,Click Here,-
486,swaguitar.com,Swaguitar,-,Click Here,-
487,musiccreatorsonline.com.au,Music Creators Online - Music Store,-,Click Here,-
488,musiciansoffice.ca,"""Musician's Office"" Custom Microphone and Music Stands Accessories.",-,Click Here,-
489,musiciantee.com,MusicianTee - Creative T-Shirts for Musicians and Music Lovers,-,Click Here,-
490,musicjeweller.com,Music Jeweller - Music Jewelry with FREE Worldwide Shipping– The Music Jeweller,-,Click Here,-
491,musicnowsolved.com,Music Now Solved – Ronny Dale,-,Click Here,-
492,zoabclothing.com,Band Factory,-,Click Here,-
493,nicispicks.com,Nici's Picks,-,Click Here,-
494,zero1music.nz,Zero One Music,-,Click Here,-
495,onlineguitarexperts.com,Online Guitar Experts,-,Click Here,-
496,osmpa.ca,Oakville School of Music and Performing Arts,-,Click Here,-
497,oddblox.com,OddBlox I A T Shirt Subscription Box For Men – OddBloxStore,-,Click Here,-
498,oakhurst-porchfest.com,Oakhurst Porchfest Swag – Oakhurst-Porchfest,-,Click Here,-
499,vintageguitarradio.com,Vintage Guitar Radio,-,Click Here,-
500,ukifi.com,Ukifi - four out of six ain't bad,-,Click Here,-
501,ukuleleguitarshop.com,From Beginner To Pro – Musictopia,-,Click Here,-
502,ummpstore.com,United Music and Media Publishers | United Music and Media Publishers,-,Click Here,-
503,villageguitars.ca,Village Guitar & Amp Co.,-,Click Here,-
504,tonaltubes.com,Tonal Tubes - Buy Vacuum Tubes for your Amplifiers!,-,Click Here,-
505,thespeakerfactory.com.au,the Speaker Factory importers of guitar & Hi-Fi speakers,-,Click Here,-
506,tupelohardware.com,"Tupelo Hardware Company, Inc.",-,Click Here,-
507,tothepeace.com,Copperpeace Collector Music Fashion – PEACE // General Store,-,Click Here,-
508,totallyradmusic.co.uk,"Totally RAD Music Tuition | Lessons in Leamington Spa, Warwickshire",-,Click Here,-
509,terryheller.co,Terry Lynn Heller / Vocalist/Guitarist/Songwriter – Terry Lynn Heller Music,-,Click Here,-
510,tenacitypedals.com,Tenacity Pedals – tenacitypedals,-,Click Here,-
511,themusictouch.com,The Music Touch | Quality products with a musical theme | Gifts ideas,-,Click Here,-
512,theorganicloops.com,The Organic Loops - Organic Royalty Free Loops Collection,-,Click Here,-
513,theshedmusiccenter.com,The Shed Music Center,-,Click Here,-
514,thelwoodbylucy.com,"The L Wood by Lucy - wooden jewelry, cutting boards, and more– The L Wood By Lucy",-,Click Here,-
515,thewayaudio.com,The Way Audio. Premium Custom Cables. Handmade in Australia.,-,Click Here,-
516,thebassshopseattle.com,The Bass Shop | Selected Used and Vintage Bass Guitars,-,Click Here,-
517,francopro.com,FrancoPro - Music Instrument To Wear,-,Click Here,-
518,theguitarstore.net,The Guitar Store,-,Click Here,-
