1,nexgrill.com,BBQ Grills and Accessories – Nexgrill - Hungry for Different,"500,007",Click Here,US
2,meatchurch.com,Meat Church,"596,696",Click Here,US
3,h2qshop.com,HowToBBQRight BBQ Shop,"638,689",Click Here,US
4,cavetools.com,"Buy BBQ & Cooking Tools, Accessories, or Grills Online - Free Shipping","641,225",Click Here,US
5,healthyheartmarket.com,"Healthy Heart Market - Low Sodium, Sodium Free, & Gluten Free Foods","815,540",Click Here,-
6,fireplacedirect.ca,"Electric Fireplaces, BBQ Grills - Canada","988,407",Click Here,-
7,lonestargrillz.com,Lone Star Grillz | BBQ Smokers - Custom Smokers - Custom Grills,"1,029,877",Click Here,US
8,bbqing.com,"BBQing.com | Quality BBQs Online: Weber, Napoleon, Broil King, DCS... — BBQing.com by Capital BBQ","1,064,849",Click Here,US
9,evergladesseasoning.com,Everglades Seasoning: Tasting is Believing,"1,157,412",Click Here,-
10,cbqmemphis.com,Central BBQ - Slow Smoked Memphis Style BBQ,"1,323,229",Click Here,US
11,thekansascitybbqstore.com,"The World's Biggest Best Inventory of BBQ Sauces, Seasonings, Smokers, and Supplies. Serious BBQ Fun.","1,345,769",Click Here,US
12,allseasonsfeeders.com,BBQ Pits & Smokers Texas | Broadcast & Protein Deer Feeders & Parts,"1,396,953",Click Here,US
13,bbqoutfitters.com,BBQ Outfitters,"1,415,889",Click Here,-
14,dicksonbbq.com,Dickson Barbeque Centre - Toronto Etobicoke Canada BBQ Barbecue,"1,447,523",Click Here,CA
15,armadillopepper.com,"Armadillo Pepper Hot Sauce, BBQ Sauce, Jerky & Fiery Snack Store","1,526,594",Click Here,US
16,kindersbbq.com,Kinder's Organic and All Natural BBQ Sauces – Kinder's BBQ,"1,571,740",Click Here,US
17,smokehouseproducts.com,Smokehouse Products | Big & Little Chief Smokers Since 1968,"1,660,000",Click Here,-
18,psseasoning.com,PS Seasoning & Spices,"1,666,857",Click Here,US
19,grillbilliesbarbecue.com,Backyard & Trailer BBQ Grills & Smokers For Sale,"1,694,378",Click Here,US
20,hanyangmart.com,Hanyang Mart/H&Y Marketplace – Hanyangmart.com,"1,787,508",Click Here,-
21,pigofthemonth.com,"Pig of the Month BBQ | Best BBQ Ribs, Pulled Pork & Smoked Meats By Mail Order Nationwide","1,798,356",Click Here,US
22,yardoutlet.com,"Yard Outlet | Outside Furniture, Lights, Irrigation, Decor & Holiday","2,040,843",Click Here,-
23,tuckerbbq.com.au,Australian BBQ | Outdoor Furniture | Heating Store – Tucker Barbecues,"2,130,317",Click Here,-
24,premiergrilling.com,"BBQ Grills, Smokers, Outdoor Kitchens - Premier Grilling","2,138,860",Click Here,US
25,littlegriddle.com,Discover the world's best BBQ Griddles and Indoor/Outdoor Cookware – Little Griddle,"2,155,460",Click Here,US
26,gothamsmokeless.com,Gotham Steel Smokeless Grill | Safely Barbecue Indoors,"2,250,502",Click Here,US
27,joesbbqs.com.au,Australian BBQ | Accessories | Outdoor Furniture Store Online – Joe's BBQs,"2,566,420",Click Here,AU
28,atlantabbqstore.com,Atlanta BBQ Store | Atlanta BBQ Store,"2,597,809",Click Here,US
29,lanesbbq.com,"Lane's BBQ – Barbecue Rubs & Sauces | Bethlehem, GA – Lane's BBQ, LLC","2,841,158",Click Here,-
30,texasoriginalpits.com,Texas Original Bar-B.Q. Pits,"2,978,756",Click Here,US
31,270smokers.com,270 SMOKERS,"3,153,558",Click Here,US
32,smartfirebbq.com,BBQ Smoker Temperature Controller & Thermometer | Smartfire BBQ,"3,228,025",Click Here,US
33,horizonleisure.com.au,"Wood Heating, Weber BBQ Specialist Dealer & Outdoor Products – Horizon Leisure","3,279,328",Click Here,-
34,broquet.co,Broquet | Send Awesomer Gifts For Men,"3,445,131",Click Here,US
35,searsmiths.com,SEARSMITHS | Restaurant Quality Meat | BBQ & Steak Grill,"3,609,165",Click Here,PA
36,jakesgrillin.com,Jake's Grillin Coffee Rubs & BBQ Sauces – Jake's Grillin',"3,653,981",Click Here,US
37,dellcovespices.com,"Dell Cove Spices & More - gourmet popcorn seasonings, cocktail sugars — Dell Cove Spices & More Co.","3,740,854",Click Here,US
38,hitachiyausa.com,HITACHIYA USA- Cutlery & Knife Sharpening High Quality Cookware Store,"3,799,091",Click Here,US
39,porkbarrelbbq.com,"Pork Barrel BBQ Sauce, Barbecue Rub & Shark Tank Bacon Jerky","3,891,022",Click Here,US
40,kitchendepot1.com,"Kitchen Depot - Discount Kitchen Supplies, Cookware & Appliances","3,993,057",Click Here,-
41,jaggrill.com,"3-in-1 BBQ Grill, Table, & FirePit","4,215,001",Click Here,US
42,joesbbqboat.com,Joe's BBQ Boat Rentals : An Incredible BBQ Boat Dining Experience,"4,562,815",Click Here,PA
43,betterpatio.com,Better Patio | Your Online Source for Outdoor Furniture,"4,861,297",Click Here,US
44,backyardlifegear.com,Backyard Life Gear,"5,016,935",Click Here,-
45,bbqsandgrills.com,Napoleon Premium BBQs & Grills - Built to Last - Guaranteed - EST 1988 — BBQSGRILLS.COM Exclusive Napoleon Retailer,"5,100,007",Click Here,US
46,patiopalace.com,"Patio furniture, Outdoor Kitchens, Fireplaces, Napoleon BBQ – Patio Palace","5,127,963",Click Here,CA
47,zestcoast.com,Zest Coast BBQ Rubs & Seasoning Blends – Zest Coast BBQ Rubs & Seasonings,"5,162,919",Click Here,-
48,bbqschool.com.au,"BBQ School - Sydney, Melbourne, Brisbane","5,211,989",Click Here,-
49,meatmitch.com,"Meat Mitch Award Winning Sauce, Meat & Rubs -WHOMP! Kansas City BBQ","5,449,492",Click Here,US
50,alphagrillers.com,Alpha Grillers,"5,726,503",Click Here,US
51,barbeqa.com,Outdoor Cooking Made Easy!– Barbeqa,"5,731,998",Click Here,-
52,topchefcutlery.com,"Top Chef Cutlery - Kitchen Knife and Blocks, BBQ Tools, Cutting Boards","5,798,582",Click Here,CA
53,hunsakersmokers.com,Hunsaker Vortex Smokers,"6,029,758",Click Here,US
54,mgrills.com,M Grills - Precision Made BBQ Grills Handcrafted in Texas,"6,152,166",Click Here,US
55,lanesbbqau.com,Lane's BBQ seasonings and sauces – Lane's BBQ Australia,"6,258,260",Click Here,-
56,birddogbbq.com,Colorado Springs Best BBQ since 2004. – Bird Dog BBQ,"6,298,235",Click Here,US
57,giannischickenburgers.com,Gianni's chicken burgers are the all natural healthy alternative,"6,430,927",Click Here,US
58,bbqstoremalta.com,BBQ STORE MALTA,"6,485,131",Click Here,US
59,tomyang-bbq.com,TomYang BBQ Thai Grill – Die Symbiose von Thai Tischgrill und Hot Pot,"6,499,072",Click Here,-
60,mnkgrills.com,BBQ Grills & Outdoor Kitchens on sale - M&K Grills,"6,684,623",Click Here,CA
61,burntfingerbbq.com,Burnt Finger BBQ is Kansas City's Premier Competition Barbecue Team | Burnt Finger BBQ,"6,689,400",Click Here,US
62,canadianbbqboys.com,Professional BBQ Cleaning Service - Local Students across Ontario — Canadian BBQ Boys,"6,961,846",Click Here,CA
63,hudsondurablegoods.com,HUDSON DURABLE GOODS – Hudson Durable Goods,"7,211,396",Click Here,US
64,jollygreenproducts.com,The Best Outdoor Cooking BBQ Gloves And Accessories– Jolly Green Products,"7,305,064",Click Here,US
65,thebbqhq.com,TheBBQHQ,"7,313,553",Click Here,-
66,mnfirewood.com,"Minnesota Firewood - Oak Firewood Delivery - Red Oak, Birch, BBQ Wood","7,751,951",Click Here,US
67,victorylanebbq.com,Victory Lane BBQ,"7,878,266",Click Here,US
68,chillbillyusa.com,Chillbilly USA,"8,007,780",Click Here,-
69,grillarmorgloves.com,Grill Armor Gloves,"8,170,047",Click Here,US
70,bourbonq.com,BourbonQ - Kentucky Barbecue Sauce,"8,223,503",Click Here,US
71,coldkart.com,India's 1st Online Multi Temperature Controlled Store – coldkart.com,"8,362,922",Click Here,IN
72,rosemaca.com,Marine Accessories ; Rope Covers ; PVC Waterproof Heavy-duty Aprons – Rosemaca,"8,474,947",Click Here,AU
73,goldentoad.com,Golden Toad All Natural Hand Crafted Sauces and Seasonings,"8,513,731",Click Here,US
74,fatlegsbbq.com,BBQ Catering in Hong Kong by Fat Legs' BBQ,"8,709,606",Click Here,PA
75,werubyou.com,Best Korean BBQ Bulgogi Kalbi Sauce & Gochujang | We Rub You,"9,116,103",Click Here,US
76,bbqgrillingmats.com,BBQ Grilling Mats,"9,258,212",Click Here,CA
77,fanaticsworldwide.com,"Officially Licensed NFL, NCAA, MLB, NHL, MLB, DC Comics merchandise – Fanaticsworldwide","9,334,203",Click Here,PA
78,fieldequipco.com,The Field Equipment Company,"9,357,523",Click Here,AU
79,sheepdogbbq.com,"Sheepdog BBQ ""Where there's smoke...There's BBQ!""","9,367,860",Click Here,-
80,arcticmonsoon.com,Arctic Monsoon - Outdoor Camping Gear Supplies,"9,439,107",Click Here,US
81,premiredeals.com,Premiredeals,"10,186,165",Click Here,-
82,juniperbbqscraper.com,Juniper BBQ Scraper– JuniperBBQScraper.com,"10,423,523",Click Here,CA
83,silvertonfoods.com,Barbecue Sauce | Marinade | BBQ Sauce Online – Silverton Foods Sauces and Marinades,"10,440,297",Click Here,US
84,bellbucklecompanystore.com,"Bell Buckle Country Store, Inc.","10,472,373",Click Here,US
85,badenbackyard.com,Baden Backyard: High-Quality Outdoor Yard Games,"10,654,624",Click Here,US
86,adamsgoods.com,Adams Good's | The Best in BBQ Rubs and Salts | Adam's Goods,"10,855,973",Click Here,US
87,foreverfabboutique.com,"Baby Shower invitation, Oh Deer Baby Shower, Bbq Baby Shower invites","10,893,614",Click Here,-
88,gourmetspicekits.com.au,Gourmet Spice Kits,"11,080,769",Click Here,-
89,joansmustard.com,"JoAn's Mustard and Salt add a ""flavor kick"" to any meal.","11,345,004",Click Here,US
90,fragrantjerky.com,"Fragrant Jerky, USA #1 Rated Pork Jerky Site (美國) 新美香現烤猪肉乾,牛肉乾","11,560,454",Click Here,US
91,kikabooshop.com,Kikaboo Shop - Meat Seasoning,"11,707,517",Click Here,-
92,locotogo.net,LoCo To Go from The Original Crab Shack – Buy Seafood Online - LoCo To Go from The Original Crab Shack,"12,010,575",Click Here,-
93,southernmeatco.com,Southern Meat Co is your personal online butchershop,"12,051,361",Click Here,US
94,campingadgets.com,Online Camping Store Sleeping Bag Tents Fishing Equipment And More – CampingGadget,"12,144,356",Click Here,IL
95,space-grill.com,SpaceGrill fold out BBQ – Space Grill,"12,251,156",Click Here,AU
96,bbqlocker.com,"BBQ Locker, Inc. is a leading outdoor kitchen products retailer","12,275,563",Click Here,US
97,bbqskewer.com.au,Barbecue Skewers – JCN Products - BBQ Skewers,"13,158,010",Click Here,-
98,kitchenhobby.com,Buy kitchen cooking tools and gadgets online store. Cook with Passion. – Kitchen Hobby,"13,245,220",Click Here,-
99,kmdlooks.com,"KMDlooks.com sells active wear for men & women, workout, yoga gear – KMD Looks","13,487,067",Click Here,-
100,mikedsbbq.com,Mike D's BBQ,"14,034,304",Click Here,US
101,woodchuckfirewood.com,"Woodchuck Firewood-Commercial and Residential Fireplace, Outdoor","14,274,890",Click Here,US
102,chakasmmm.com,CHAKA'S MMM SAUCE | Chaka's Marinade & BBQ Sauce. (NO SUGARS marinade only),"14,473,931",Click Here,US
103,roadtriptee.com,Road Trip Tee,"14,476,347",Click Here,-
104,dakinehawaiian.net,Da kine Hawaiian Specialty Gourmet Condiments – Da Kine Hawaiian,"14,505,572",Click Here,CA
105,morechimichurri.com,"Buy Authentic Chimichurri sauce Online | More Chimichurri, Los Angeles","16,116,496",Click Here,US
106,jerkyhutonline.com,The Jerky Hut Beef Jerky | Papa Dan's Beef Jerky | The Jerky Hut – The Jerky Hut online,"16,158,297",Click Here,US
107,bbqrubclub.net,BBQ Rub Club brings the best craft BBQ Rubs to you!! – bbqrubclub,"16,378,381",Click Here,US
108,thelasthotsauce.com,The Last Hot Sauce,"16,730,204",Click Here,-
109,smokebloq.com,"Best Wireless Meat Thermometer, Wireless Grill & BBQ Thermometer – SmokeBloq","16,808,614",Click Here,US
110,quik-fire.com,QUIK-FIRE.com | Stainless Steel BBQ's & Kitchen Equipment,"17,857,295",Click Here,TH
111,allyoucanspice.com,All You Can Spice,"17,875,498",Click Here,-
112,bbqbrosrubs.com,BBQ Bros Rubs & Sauces,"17,876,392",Click Here,US
113,inhalebbq.com,Inhale BBQ Pit-Smoked Seeds,"18,624,349",Click Here,US
114,waltgarrisonfoods.com,"Walt Garrison Foods | BBQ Sauces, Salsa, Rubs, and Marinades","18,888,340",Click Here,US
115,crimsoncreekbbq.com,"Crimson Creek - Austin, TX 78758 – crimsoncreekbbq","18,926,577",Click Here,US
116,texasfoodsdirect.com,"Texas Foods Direct - Mexene Chili Powder, Jardines, Adkins BBQ Rub","18,981,513",Click Here,-
117,perfectlifeideas.com,Popular and Innovative products that everyone will want to have – Perfect Life Ideas,"19,123,375",Click Here,US
118,jp-bbq.com,J.P. BBQ Rubs and Sauces– J.P.BBQ,-,Click Here,-
119,bbq-hippie.com,"BBQ Hippie – BBQ Hippie, LLC",-,Click Here,CA
120,harveyskitchen.com.au,"Harvey's Kitchen and BBQ - BBQ Rubs, BBQ Sauce, Hot Sauce, Gift Boxes",-,Click Here,-
121,bbqcreations.com.au,"BBQ Creations | BBQs, Spits & BBQ Accessories",-,Click Here,-
122,grill-shop.com.au,"BBQ PIT BOYS BBQ'S, GRILLS & SMOKERS IN AUSTRALIA – oz bbq shop",-,Click Here,-
123,championshipbbqrub.com,Championship BBQ Rub | Championship BBQ Rub,-,Click Here,CA
124,kcbbqstore.com,"The World's Biggest Best Inventory of BBQ Sauces, Seasonings, Smokers, and Supplies. Serious BBQ Fun.",-,Click Here,US
125,whiskeybentbbqsupply.com,WB BBQ Products | Whiskey Bent BBQ Supply - Competition BBQ | Rubs | Sauces | Injections,-,Click Here,-
126,unclebuddysbbqsauce.com,Uncle Buddy's Award Winning BBQ Sauce! – Uncle Buddy's BBQ Sauce,-,Click Here,-
127,americanbbqaustralia.com.au,American BBQ Australia | Australia's #1 American BBQ Store!,-,Click Here,-
128,bbqsuperstore.com.au,Lane's BBQ seasonings and sauces – Lane's BBQ Australia,-,Click Here,-
129,bbqthingz.com,"BBQthingz® | #1 brand for gourmet BBQ sauces, hot sauces & spice rubs!",-,Click Here,US
130,bbqtradition.com,"BBQ Tradition - Grilling, Barbecue, & Outdoor Entertaining",-,Click Here,CA
131,dustymoosebbq.com.au,Dusty Moose BBQ Supply,-,Click Here,-
132,blackfridaybbqs.co.uk,Black Friday BBQ Bargains | From The American BBQ Company – Black Friday BBQs from The American BBQ Company,-,Click Here,-
133,bigmikesamericanbbq.com,Big Mikes American BBQ,-,Click Here,-
134,bluewagonbbq.com,Blue Wagon BBQ - Supply Shop,-,Click Here,US
135,burntoutbbq.com,Colorado Crafted BBQ Sauces,-,Click Here,US
136,waywardgourmet.com,Wayward Gourmet | Spice Rub | BBQ Sauce | Grilling | BBQ | All Natural,-,Click Here,-
137,republicofbbq.com,"BBQ Meats, BBQ rubs, BBQ smoking woods - We deliver and you cook",-,Click Here,US
138,requipd.com,Requip'd - Home of the Original Hockey Stick BBQ Set,-,Click Here,US
139,rotabbq.com.au,Rota BBQ - Stainless Steel Camping BBQ – RotaBBQ - Camping BBQ for Bush and Campsite Use,-,Click Here,-
140,thebbqfanatic.com,"The BBQ Fanatic - BBQ, smoking and grilling supplies and novelties.",-,Click Here,-
141,konabbqstore.com,BBQ Accessories by Kona — Kona BBQ Store,-,Click Here,-
142,bearmountainbbq.com,Premium Wood Pellets for Smokers and Grills | Bear Mountain BBQ Woods,-,Click Here,US
143,fragoutflavor.com,Quality seasonings and BBQ rubs | Frag Out Flavor,-,Click Here,US
144,banditosbbq.com,Banditos BBQ – BanditosBBQ,-,Click Here,CA
145,fireflybbq.eu,FireFly Barbecue | Award Winning BBQ & Hot Chilli Sauces & Rubs UK,-,Click Here,-
146,bbqjack.io,BBQ Jack - Plant Based Pulled Pork,-,Click Here,-
147,bbqtankexpress.ca,BBQ Tank Delivery Service,-,Click Here,-
148,bbqwarehouse.com.sg,BBQ Warehouse,-,Click Here,-
149,flamin-heck.com.au,"BBQ, Grill, gourmet, cooking and entertaining products to your door– SHAPEwear",-,Click Here,-
150,bigdaddyhills.com,BIG DADDY HILL'S BBQ SAUCE | Veteran Owned and Operated – Big Daddy Hills,-,Click Here,-
151,jgbbq.com.au,JG BBQ– JGBBQ,-,Click Here,-
152,bigshotspicyman.com,BigShotSpicyMan BBQ Rubs and Seasonings,-,Click Here,US
153,bos-kickin-bbq.com,Bo's Kickin BBQ – Bo's Kickin BBQ,-,Click Here,-
154,hibergrill.co.nz,HiberGrill | The all-season ruggedly handsome BBQ cover.,-,Click Here,-
155,grillinator.com,Grillinator.com | Grillinator BBQ Grilling Accessories,-,Click Here,US
156,granddaddyshotsauce.com,Granddaddys Specialty BBQ Hot Sauce – Granddaddy’s Hot Sauce,-,Click Here,US
157,brucewaynesbarbecue.com,Bruce Wayne’s BBQ – Bruce Wayne’s BBQ,-,Click Here,-
158,loadedforbears.co.uk,We are Loaded for Bears | BBQ and Hot Sauce,-,Click Here,-
159,pitbarrel.co.nz,Pit Barrel - The set and forget charcoal BBQ. – NZBBQ LIMITED,-,Click Here,-
160,claudessauces.com,"Claudes Sauces | Brisket Marinade, BBQ Sauce, Seasonings, Beans | Claude's Sauces",-,Click Here,US
161,slaphappybbq.com,"SlapHappy BBQ Sauce - Award winning, southern, low & slow, smoked meat",-,Click Here,US
162,prosmokebbq.co.uk,Pro Smoke BBQ,-,Click Here,-
163,stevesoriginalsauces.com,Mouth Watering BBQ Sauce – SO Sauces,-,Click Here,US
164,steakkings.com,"Steak Kings Prime Halal BBQ, Jerky and Peri Peri Sauces – Steak Kings Prime Halal BBQ, Jerky and Sauces",-,Click Here,US
165,rubyermeat.com,Barbaric BBQ - Home of Rub Yer Meat BBQ Rub,-,Click Here,US
166,mrbevisbbq.com,Mr. Bevis BBQ – Mr.Bevis BBQ,-,Click Here,-
167,wildwestsmokers.com.au,Australian Made BBQ Offset Smokers - Wild West Smokers,-,Click Here,-
168,tipsbbq.com,Tip's Dry BBQ Rub – Tip's BBQ,-,Click Here,-
169,txbbqoutpost.com,BBQ Supply Store– Texas BBQ Outpost,-,Click Here,-
170,teddysbbq.com,Teddy's BBQ | Teddys BBQ Sauce,-,Click Here,-
171,thechillieffect.com.au,"the CHILLI effect - Australian hot sauces, snacks & BBQ meat rubs – The Chilli Effect",-,Click Here,-
172,backdraftbarbqsupply.com,Top Quality BBQ Rubs and Sauces – Backdraft Bar BQ Supply,-,Click Here,-
173,outsetinc.com,Outset Grillware - Entertaining Well Done - BBQ & Grilling Experts,-,Click Here,US
174,hotsauceandsalsa.com,"Lucious The King's BBQ Seasoning – Lucious ""The King's"" Barbecue Seasoning",-,Click Here,US
175,damngoodsauce.com.au,Damn Good BBQ Sauce – Damn Good Sauce,-,Click Here,-
176,dannysbbqsauce.com,Danny's BBQ Sauce,-,Click Here,US
177,jbaprons.com,Jbaprons.com| Denim Aprons| Barista Aprons| Personalized gifts – jbaprons.com | Barista Aprons | Denim Aprons | BBQ Aprons | Personalized Embroidery,-,Click Here,-
178,alittlebarbqjoint.com,A Little BBQ Joint and Smoke Life Catering Company,-,Click Here,-
179,fireflies2u.com.au,"Buy Best Custom Fire Pit BBQ, Modern Fire Pits for Sale",-,Click Here,-
180,bbq415.com,"BBQ.COUTURE, A Vixen's Delight – Brilliant, Bold, Queen Couture",-,Click Here,CA
181,bbqandbottles.com,BBQ and Bottles – BBQandBottles,-,Click Here,PA
182,bbqandpizzaoven.com,BBQ and Pizza Oven | Large Range of Ceramic BBQs and Pizza Ovens UK,-,Click Here,UK
183,bbqandsmoke.co.uk,BBQ & Smoke - Imported Barbecue Equipment from the States,-,Click Here,-
184,bbqassault.com,BBQ Assault,-,Click Here,US
185,bbqhardwood.com,"Premium BBQ Smoking Hardwood Chunks, Planks, Wraps, Chips, and Splits – Bob's Smokin' Hardwood",-,Click Here,-
186,bbqmoito.com,BBQ Moito,-,Click Here,CA
187,dipdipsauce.com,Dip Dip Sauce - Sugar Free BBQ and Ketchup – DipDipSauce,-,Click Here,US
188,flaminghoophotsauce.com,"Canada's Hot Sauces, BBQ Sauces & Rubs | The Flaming Hoop Chilies",-,Click Here,-
189,ashlyns.co.uk,"Ashlyns - School Catering Essex, Cambridge, London - Hog Roast - BBQ — Ashlyns Catering & Home Delivery",-,Click Here,-
190,ashburnsauce.rocks,"BBQ, Bloody Mary & Hot Sauces from Virginia – Ashburn Sauce",-,Click Here,-
191,artscapeonline.com,Aprons oven gloves kitchen wear gifts BBQ – Artscape Co. Ltd,-,Click Here,-
192,handystand.com,"Grill Table, Folding BBQ Table, Outdoor Cedar Table, Tailgating Table – handystand.com",-,Click Here,-
193,gizzo.co,Portable BBQ Grill - Camping & Tailgating | Gizzo – Gizzo Grill,-,Click Here,LV
194,schmidtbrothers.com,"Schmidt Brothers Cutlery | Shop Knives, Knife Sets, BBQ, Kitchen Tools –",-,Click Here,CA
195,blueknightbbq.com,Blue Knight BBQ. Homemade Sauces with Flavor!,-,Click Here,-
196,samobbq.com,SaMo BBQ,-,Click Here,-
197,sauceshop.co,"Sauce Shop | UK Craft Sauce Maker | Ketchup, Hot Sauce, BBQ, Mayo",-,Click Here,GB
198,bohemianmerch.com,Bohemian BBQ Store– BohemianMerch,-,Click Here,US
199,groompack.com,BBQ Cleaning Kit – CLNBBQ,-,Click Here,US
200,grilllite.com,GRILLLITE® Miniature Notebook Portable BBQ Grill,-,Click Here,US
201,grillappetit.com,"Grill Appetit, Grill Accessories, Grill Products, Grill Brush, BBQ",-,Click Here,US
202,grillersmonthly.ca,"Grilling Gifts, Subscription Boxes, BBQ Gourmet, Spices Sauces Canada – Grillers Monthly",-,Click Here,-
203,buschbeck.com.au,Buschbeck | BBQ Pizza Ovens - Outdoor Fireplace Australia | Buschbeck,-,Click Here,-
204,greeneggbbq.be,Green Egg BBQ kopen België - Webshop & professioneel advies,-,Click Here,-
205,california-rancher.com,California Rancher Seasonings and BBQ Sauces,-,Click Here,GB
206,gycoutdoorliving.com.au,Shop Barbecues and Outdoor BBQ Kitchens in Sydney | GYC Outdoor Living,-,Click Here,-
207,grabbinash.com,Home of the Grabbin Ash Pan! Easily clean your BBQ grill or smoker,-,Click Here,US
208,embrsmoking.com,EMBR Smoking & BBQ | Premium Food Smoking Products & Accessories,-,Click Here,-
209,ezylifeproducts.com,Electronic Electric Candle and Barbecue (BBQ) Lighters – EzyLife Products,-,Click Here,AU
210,ladybellebbq.com,Lady Belle's BBQ,-,Click Here,US
211,lamsonproducts.com,"Lamson | Fine Cutlery, BBQ, Kitchen and Trade Tools",-,Click Here,-
212,casamspice.com,"Best Beef Brisket Rubs, Barbecue Rub, Spice Rub, Bbq Dry Rub for Sale",-,Click Here,-
213,cluckandsqueal.com,Cluck & Squeal Seasonings and BBQ Rubs.,-,Click Here,-
214,smokerbuildermfg.com,SmokerBuilder Manufacturing BBQ Smoker Parts and Kits! – SmokerBuilder MFG DIY Smoker Parts,-,Click Here,US
215,littlebbq.co.nz,Little BBQ - traditional & modern small Japanese charcoal barbeques – littlebbq,-,Click Here,-
216,meatsaver.nl,Meatsaver - Dé BBQ-cateraar van 't Gooi,-,Click Here,-
217,cobbgrillamerica.com,"Portable BBQ Grill, Camping Grill, Small Portable Grill– COBB GRILL",-,Click Here,US
218,lifeofspice.co.uk,"Life of Spice - Gourmet BBQ Rubs, Salts and Herb blends - all handmade",-,Click Here,-
219,pittviperbbqrub.com,Pitt Viper BBQ Rub,-,Click Here,CA
220,luciousseasoning.com,"Lucious The King's BBQ Seasoning – Lucious ""The King's"" Barbecue Seasoning",-,Click Here,US
221,creamcitymke.com,"Cream City BBQ | Shop Sauces, Rubs, & More",-,Click Here,US
222,solidkamado.com,Blaze Kamado | Aluminium Kamado BBQ | Blaze Grills EU– Solid Kamado,-,Click Here,BE
223,lownslowbbq.co.nz,"Low 'N Slow BBQ Supplies - Grills, Rubs, Sauces, Knives Accessories",-,Click Here,-
224,redzbulgogi.com,Red'z Bulgogi BBQ and marinade. Korean inspired Yooper wave of flavor – redzbulgogibbq,-,Click Here,-
225,rangeroutdoors.com.au,Ranger Outdoors for all your Camping & Fishing & Weber BBQ's,-,Click Here,-
226,rawford.de,"Rawford® BBQ - Premium Grillzubehör, Rezepte und mehr",-,Click Here,-
227,cyprusbbq.co.uk,Cyprus BBQ - Traditional Greek Cypriot Rotisserie Charcoal Barbecues,-,Click Here,-
228,mycobb.ca,"Portable BBQ Grill, Stainless Steel– Cobb Grill Canada",-,Click Here,-
229,woodybsbbq.com,Woody Bs BBQ,-,Click Here,-
230,wyldsmoke.com.au,Wyld Smoke BBQ,-,Click Here,-
231,rubandgrub.com.au,Rub & Grub | BBQ Rubs & Accessories,-,Click Here,-
232,rubhq.com.au,"BBQ Rubs, Sauces & Accessories – Rub HQ",-,Click Here,-
233,wildhorsemountainbbqco.com,Wild Horse Mountain BBQ Company,-,Click Here,-
234,kmrbbqsupply.com,Kiss My Rack BBQ Supply,-,Click Here,-
235,swingsandmore.com,"Swings and More - BBQ Grills, Wine Coolers, Play Sets, Swing Beds",-,Click Here,-
236,rockbottombbq.com,"Rock Bottom BBQ, LLC",-,Click Here,-
237,zeust.com,"Zeust BBQ Grill Lights, Best Barbecue & Outdoor Patio Lights",-,Click Here,-
238,oniegiggins.com,Onie Giggins Small Batch BBQ Sauce – Onie Giggins Sauces,-,Click Here,-
239,ottawabbqrental.ca,"Rentals of BBQ, Rotisserie, and Roasting equipment in the Ottawa and Gatineau region.",-,Click Here,-
240,thequeclub.com.au,The Que Club - Melbourne's Best BBQ Super Store,-,Click Here,-
241,topshelfbbqatl.com,Top Shelf BBQ ATL,-,Click Here,-
242,texasbrosbbq.com,Texas Brothers BBQ Dry Rub - Easy To Use Cooking Tips and Instruction,-,Click Here,-
243,tastyfoodaffair.com,Tasty Food Affair | BBQ & Steamboat Selection at Wholesale Price,-,Click Here,-
244,andresco.com,"Andresco | Barbecue heaven for outdoor grilling, cooking,",-,Click Here,US
245,joeskc.com,Joe's Kansas City Bar-B-Que,-,Click Here,US
246,deadwoodlabs.com,Deadwood Labs,-,Click Here,US
247,bearpawproducts.com,Bear Paw Products – Bear Paw Products Inc.,-,Click Here,US
248,grillyourassoff.com,GRILL YOUR ASS OFF – Grill Your Ass Off,-,Click Here,US
249,sharkbaitbbq.com,Shark Bait BBQ The leaders in BBQ – SharkbaitBBQ,-,Click Here,US
250,coffeeroastersclub.com,Coffee Roaster Manufacturer - CoffeeRoastersClub.com– Handmade In The USA Coffee Roasters Since 2003 - CoffeeRoastersClub.com,-,Click Here,-
251,pitmasteriq.com,PitmasterIQ Automatic Barbecue Controllers – pitmasterIQ,-,Click Here,US
252,premierkitchensupplies.com,Premier Kitchen Supplies,-,Click Here,-
253,coolercupbuddy.com,Cooler Cup Buddy - Free Your Hands | The Best Cookout Accessory,-,Click Here,-
254,woodhot.com,WOODHOT BBQ & GRILL FAMILY BUSINESS – WOODHOT BBQ & GRILL FAMILY BUSINESS,-,Click Here,US
255,wilsonsbbqshack.com,"Wilson's BBQ Rubs, Sauces, Smoked Meats, and Accessories – Wilson's BBQ Shack",-,Click Here,-
256,winedupinsmoke.com,Wine'd Up In Smoke – Wine'd up in Smoke,-,Click Here,-
257,uvbq.net,Upper Valley Brew & Que- Shop UVBQ Online | Upper Valley Brew & Que,-,Click Here,-
258,nexgrill.com.tw,Nexgrill BBQ 專業烤爐 - 與眾不同的生活品味 – Nexgrill BBQ專業烤爐,-,Click Here,-
259,tomsbootlegbbq.com,Tom's Bootleg BBQ Sauce – Toms Bootleg BBQ,-,Click Here,-
260,tomsridickulousthings.com,"Beer Can Chicken Stands, Beer Butt Chicken, Drunken Chicken – Toms Ridickulous Things",-,Click Here,-
261,bbqhangout.com,BBQHangout: Shop American Build Quality Charcoal and Gas Grill & more,-,Click Here,PA
262,davidspantry.com,Canadas Best Selection of Kitchen Supplies | Davidspantry.com.,-,Click Here,CA
263,backyardbrine.com,"Backyard Brine - Handmade Artisan Pickles, North Fork, Long Island, NY",-,Click Here,US
264,deepsouthsaucecompany.com,"Deep South Sauce Company, LLC",-,Click Here,US
265,achetergothamsmokeless.ca,Gril sans fumée Gotham Steel | Barbecue en toute sécurité à l'intérie,-,Click Here,-
266,ikaind.com,Quickfire US - Original Worldwide leader in all purpose fire starters – QuickFire US,-,Click Here,US
267,djbbq.com,DJ BBQ | Slow & Low with Southern Soul– djbbq,-,Click Here,US
268,flyingdutchmanstores.com,https://flyingdutchmanstores.com/ – Flying Dutchman Stores,-,Click Here,GB
269,jbspiceblends.com,JB's Gourmet Spice Blends,-,Click Here,-
270,andersonsgourmetfoods.com,Anderson's Gourmet Foods - BBQ Sauces and Rubs,-,Click Here,-
271,andersonandsonsaucecompany.com,Anderson & Son Sauce Company – Anderson and Son Sauce Company,-,Click Here,CA
272,banvillebbqworks.com,Banville BBQworks,-,Click Here,CA
273,allaboutbbque.com,BBQ Can – BBQueCan,-,Click Here,CA
274,fitbrine.com,F.I.T. (Flavor Infused Tenderizing) Brine – FIT (Flavor Infused Tenderizing) Brine,-,Click Here,US
275,barraca.com.au,barraca food truck,-,Click Here,-
276,firepitsdirect.com.au,"Fire Pits Direct - Widest Range of Fire Pits, Chimineas & Eco Burners",-,Click Here,-
277,fireofcoals.com,Fire of Coals,-,Click Here,US
278,bbqarm.com.au,BBQARM – BBQARM,-,Click Here,-
279,bbqdeal.com,Everything for your Backyard in one Location – BBQDeal.com,-,Click Here,US
280,bbqitall.com,bbqitall – BBQ it ALL,-,Click Here,PA
281,bbqsandgrills.ca,Napoleon Premium BBQs & Grills - Built to Last - Guaranteed - EST 1988 — BBQSGRILLS.CA Exclusive Napoleon Retailer,-,Click Here,-
282,bbqsgallery.com,BBQ'sGallery.com-Official Site-Shop Now + Free Shipping – BBQs Gallery of Fullerton,-,Click Here,US
283,ironfire.com.au,Ultimate Aussie Smokers and Grills - Iron Fire Australia,-,Click Here,-
284,flavorseed.com,Small Batch USDA Organic craft blended seasonings and spices. – Flavor Seed,-,Click Here,US
285,ascendjerky.com,ascend non gmo jerky – Ascend Jerky,-,Click Here,US
286,bigbearbolts.com,Big Bear Bolts ... We've got the Nuts,-,Click Here,UK
287,artastery.com,Artastery,-,Click Here,-
288,gauchogrillx.com,GauchoGrillX,-,Click Here,VE
289,blazaball.com.au,blazaball – Blazaball,-,Click Here,-
290,hamptonsclub.at,Polo Ralph Lauren Salzburg * Hamptons Club * Europark – HAMPTONS CLUB,-,Click Here,-
291,blamelesscooking.com,"Blameless Cooking: Convenience, Efficiency, High Quality Products",-,Click Here,US
292,happinesshomemade.com,HappinessHomemade,-,Click Here,US
293,happyspices.com,"Happy Spices - outdoor slow cooking tools, wood burners & 100% natural spices",-,Click Here,US
294,justplayoutdoors.com,Just Play Outdoors,-,Click Here,-
295,athenaoutdoordesigns.com,Athena Outdoor Designs– JPL Global Enterprises LLC,-,Click Here,-
296,blackboxbbq.co.uk,Black Box BBQ- The Flavour Makers,-,Click Here,-
297,berkmansspices.com,Berkmans Spices - Online,-,Click Here,US
298,apronmen.com,ApronMen.com: Funny & Novelty BBQ Aprons for Men - Free Shipping,-,Click Here,-
299,joeleesauce.com,Top Shelf Sauce Inc. Home of Joe Lee's Top Shelf Sauce,-,Click Here,US
300,jmthomason.com,Seasonings Gourmet Blends - Whole Foods - Web Discounts - Heifer Intl. – JM Thomason - Gourmet Seasonings & Spices,-,Click Here,-
301,jmishop.dk,Jmi Shop,-,Click Here,-
302,argomemphis.com,ARGOMEMPHIS.COM – argomemphis.com,-,Click Here,US
303,boultonspice.com,Boulton Spice – Boulton Spice Company,-,Click Here,CA
304,bonjourpropane.com,Bonjour Propane - livraison et échange de bouteilles,-,Click Here,-
305,boostyourbbq.com,Boost Your BBQ,-,Click Here,-
306,bravian.eu,Bravian offers premium and bespoke garments for an urban lifestyle.,-,Click Here,-
307,avectousspice.com,"Avec Tous Spice Company, Paleo Friendly, Louisiana, Cajun Creole Spice",-,Click Here,-
308,sandybeachbbq.com,Sandy Beach Barbeque Co.,-,Click Here,CA
309,harlov.co,Harlov,-,Click Here,US
310,autumnavenue.com.au,"Autumn Avenue, the home wares shop with a twist.",-,Click Here,-
311,geeyustore.com,"GEE YU DEVELOPING – Gee Yu Developing Co.,LTD",-,Click Here,-
312,heatontherocks.com,HEAT ON THE ROCKS – Heat on the Rocks,-,Click Here,US
313,getporku.com,Pork U Seasonings and Rubs,-,Click Here,CA
314,shopfeltonangusbeef.com,Shop Felton Angus Beef | Montana Family Ranch Raised Beef,-,Click Here,CA
315,grill-wiese.de,"Grill-Wiese | Grills, Smoker & Grillequipment kaufen online und im Store in Leipzig!",-,Click Here,-
316,grillinchillgear.com,GCG USA | Grillin Chill Gear,-,Click Here,US
317,grillight.com,Grillight premium grill tools.– Grillight.com,-,Click Here,US
318,greenandgarden.com,Shop for your garden at best prices! – greenandgarden,-,Click Here,PA
319,hotsauce.market,Hot sauces and more delivered to your door ~ Hot Sauce Market,-,Click Here,-
320,buschbeck.ca,Buschbeck Canada Masonry Fireplace BBQ Grill Pizza Oven All in One – BUSCHBECK CANADA,-,Click Here,-
321,greenflamegrills.com,Greenflame Grills | Wood Pellet Grills UK,-,Click Here,-
322,greensmoketrading.com,"Green Smoke Trading - T-shirts for grilling, smoking and barbecue fans – Green Smoke Trading Company",-,Click Here,-
323,butchshotstuffhotsauce.com,Butch's Hot Stuff Hot Sauce,-,Click Here,US
324,butterandspiceco.com,Butter and Spice Co.,-,Click Here,-
325,shopgrillsafe.com,"Safe, All-Natural Wooden BBQ Grilling Products and Cleaning Tools – ShopGrillSafe.com",-,Click Here,-
326,guysystuff.com,Guysystuff is an eCommerce website specializing in cool guy stuff– GuysyStuff,-,Click Here,US
327,humphreysbbq.com,Humphrey's Smokers – Humphreys BBQ,-,Click Here,US
328,hugemikes.com,Huge Mike's | Huge Mike's,-,Click Here,US
329,historicbbq.com,Historic BBQ,-,Click Here,CA
330,homeinsight.com.au,"Australia Online Shop for Home, Office & Garden Supply - FREE Shipping",-,Click Here,-
331,holysmokinbarbeque.com,Holy Smokin' Barbeque– Holy Smokin' BBQ,-,Click Here,US
332,gothamsmokeless.ca,Gotham Steel Smokeless Grill | Safely Barbecue Indoors,-,Click Here,-
333,pauhana.nl,"Pau Hana I Canvas tenten, picknickkleden, hangmatten en meer",-,Click Here,-
334,paulthemaker.ca,PaulTheMaker,-,Click Here,-
335,ezflamebbq.com,"EZ Flame BBQ, Inc.",-,Click Here,US
336,chefandchef.com.sa,Chef & Chef | شيف آند شيف,-,Click Here,-
337,sillychillyhotsauce.com,Silly Chilly Hot Sauce | Habanero | Serano | Gluten-Free | Vegan |,-,Click Here,CA
338,pengguan.com.sg,Peng Guan Bak Kwa | Singapore Traditional BBQ Pork Jerky Bak Kwa,-,Click Here,-
339,shulersbbq.com,Shuler's BBQ,-,Click Here,-
340,everburningcharcoal.co.uk,Premium Hardwood Charcoal – EverBurningCharcoal,-,Click Here,-
341,everythingforkitchens.com,Everything for kitchens – Marketing Star,-,Click Here,NO
342,pablokim.com,Pablo Kim Real Argentine Asado – PabloKim,-,Click Here,US
343,lackeyssmokehouse.com,"Lackey's Smokehouse - Rancho Santa Margarita, CA",-,Click Here,US
344,patriotspice.com,Welcome to Patriot Spice,-,Click Here,US
345,caribeatdesigns.com,CariBeat Tropical Products – caribeat.store,-,Click Here,US
346,evilbrisket.com,Evil Brisket | Evil Brisket,-,Click Here,US
347,clubrattan.co.uk,Club Rattan - Quality Garden Furniture at Great Prices,-,Click Here,-
348,smoke-hollow.com,Smoke Hollow,-,Click Here,US
349,smokerreviewstore.com,Smoker Review Store – SmokerReviewStore,-,Click Here,PA
350,smokingandroasting.com,Smoking and Grilling – smokingandroasting,-,Click Here,-
351,smokinlooneyqstore.com,Smokin Looney Barbeque,-,Click Here,US
352,smokymountainsmokers.com,Smoky Mountain Smokers,-,Click Here,US
353,claytonoutdoor.com,Clayton Outdoor,-,Click Here,CA
354,locosteaks.com,Loco Steaks - A5 Grade Japanese Kobe Wagyu Beef,-,Click Here,CA
355,mdjerky.com,MD Jerky Salt free Hawaiian – M D Delights Jerky,-,Click Here,CA
356,meathouse.co,Todo para tu BBQ en un solo lugar,-,Click Here,PA
357,smokedmidwest.com,Smoked Midwest,-,Click Here,-
358,manandgrill.com,Man and Grill,-,Click Here,US
359,chipdown.com,The Ultimately Portable Golf-Inspired Backyard Game | Chip-Down,-,Click Here,US
360,chillinandreelin.com,Chillin & Reelin,-,Click Here,-
361,chicduds.com,"ChicDuds.com - Unique Tees, Hoodies, Mugs, Bags & Much More !",-,Click Here,US
362,clapnpraiseseasonings.com,"Clap N Praise, Clap N Praise Seasonings– Clap N Praise Seasoning & Products",-,Click Here,-
363,spicychicksgourmet.com,Two Chicks Selling Dips – Spicy Chicks Gourmet,-,Click Here,US
364,spicedoneright.com,Spice Done Right,-,Click Here,US
365,creaturecomforthotsauce.com,Hot Sauce,-,Click Here,PA
366,sprinklespices.com.au,Sprinkle | Organic Spice Blends | Australia,-,Click Here,-
367,porkysdelightseasoning.com,Porky's Delight Seasoning - State Fair Favorite BBQ Spices,-,Click Here,US
368,potpourrigourmet.com,"Pot pourri Saint-Sauveur, boutique accessoires et décoration cuisine– Pot Pourri Saint-Sauveur",-,Click Here,US
369,sparcker.com,Sparcker Electric Arc Lighter,-,Click Here,-
370,primalgrilling.com,Providing only the best grilling and outdoor cooking accessories – Primal Grilling,-,Click Here,PA
371,cook-air.com,Cata Marketing Inc. | Cook-air™ | The revolutionary Cook-air™ wood-burning barbecue-grill!,-,Click Here,CA
372,kampungtimescatering.com,KampungTimesCatering.com – KampungTimesCatering - Halal Food Catering & Mini Buffet Catering Singapore,-,Click Here,SG
373,wayfarergrill.com,The Wayfarer Grill,-,Click Here,US
374,superbutcher.com.au,Super Butcher - From Our Paddock To Your Plate,-,Click Here,-
375,steakiteasy.nl,Steak It Easy - Ambachtelijke online slagerij,-,Click Here,-
376,quickfireus.com,Quickfire US - Original Worldwide leader in all purpose fire starters – QuickFire US,-,Click Here,US
377,qballshotsauce.com,HEAT ON THE ROCKS – Heat on the Rocks,-,Click Here,-
378,realfirebbq.com,Real Fire BBQ,-,Click Here,US
379,mygrillingspot.com,My Grilling Spot,-,Click Here,US
380,woosauce.com,Woo Sauce,-,Click Here,US
381,mynewhomeandgarden.com.au,My New Home and Garden,-,Click Here,-
382,wrightbbqco.com,Wright BBQ Company,-,Click Here,-
383,kufu.com.au,iKamper and KUFU Culture Camping and 4WD equipment,-,Click Here,-
384,whole-meat.jp,ホールミート　お肉の通販サイト,-,Click Here,-
385,wholemeat.jp,"Whole Meat Japan BBQ Online Shop - Steaks, roasts and morec",-,Click Here,-
386,mushroomcatering.com.au,Sydney CBD Office corporate catering– Mushroom Catering,-,Click Here,-
387,wildfiresmokers.com.au,Wildfire Smokers,-,Click Here,-
388,kitchensuppliesdepot.com,If you like easy cooking Kitchen - Supplies Depot.com – Kitchensuppliesdepot.com,-,Click Here,-
389,zombiespicerub.com,Zombie Spice Rub Company Homepage,-,Click Here,-
390,nrjspice.com,Gourmet food products handmade in small batches with fresh seasonal products to ensure quality. – NRJSPICE FOOD LLC,-,Click Here,-
391,zamorascondiments.com,Zamoras Condiments - Papis Pebre - Chilean Organic Chilli Sauce – Zamora’s Condiments,-,Click Here,-
392,nexgrillbbq.com.au,BBQ Grills and Accessories – Nexgrill - Hungry for Different – Nexgrill AU,-,Click Here,-
393,nexgrill.ca,Nexgrill Canada - BBQ Grills and Accessories,-,Click Here,-
394,nexgrill.co.uk,BBQ Grills and Accessories – Nexgrill – Nexgrill UK,-,Click Here,-
395,nexgrill.dk,BBQ Grill og Tilbehør - Nexgrill Danmark - Hungry for Different – Nexgrill Denmark,-,Click Here,-
396,oregonhill.com,Gourmet Food Products Since 1987! – Oregon Hill Farms,-,Click Here,-
397,unclebobosgiftshop.com,Uncle Bobo’s Gift Shop – Uncle Bobo's Gift Shop,-,Click Here,-
398,uisneachcatering.ie,"Uisneach Catering: Weddings, Corporate Events, BBQ | Westmeath Ireland",-,Click Here,-
399,yuen.com.my,麻坡源珍香 | Muar Yuen Chen Siang | 肉干精萃之典范 ｜ 买得放心，送礼贴心，吃得安心 – Muar Yuen Chen Siang 麻坡源珍香,-,Click Here,-
400,tikitavzbbq.com,Tiki Tavz Beachin BBQ Spice Company,-,Click Here,-
401,tk-smoker.de,TK Smoker & Grills,-,Click Here,-
402,toloveshopping.com,To Love Shopping – To Love Shopping,-,Click Here,-
403,thinbluefoods.com,Jeff's Rubs and Barbecue Sauce - Thin Blue Foods LLC,-,Click Here,-
404,trulitegas.com,Houston Gas Lamp Repair|Gas Grill Repair|Fireplace Repair|And Sales – Tru-Lite Gas Products,-,Click Here,-
405,tulsauces.com,Welcome! Tulsauces.com – TUL Sauces,-,Click Here,-
406,topshelfsauce.com,Top Shelf Sauce Inc. Home of Joe Lee's Top Shelf Sauce,-,Click Here,-
407,toysoldierbrewing.com.au,Toy Soldier Brewing Co.,-,Click Here,-
408,trekkerscanada.ca,Trekkers Canada - Make Your Outdoors Better,-,Click Here,-
409,teddiesbbq.com,Teddies LA BBQ Sauce LLC.,-,Click Here,-
410,teddybbq.com,Teddies LA BBQ Sauce LLC.,-,Click Here,-
411,thebeercan.com.au,The Beer Can / The Nitro Coffee Can – The Beer can / The Nitro Coffee Can,-,Click Here,-
412,outdoorkitchen.store,Outdoor Kitchen Equipment– Outdoor Kitchen Equipment,-,Click Here,-
413,outdoorconcepts.co.nz,"Outdoor Concepts - Luxury Outdoor Living, Heaters, BBQs & Appliances",-,Click Here,-
414,tamarindtree.com.au,Tamarind Tree Gourmet Sauces – tamarindtree.com.au,-,Click Here,-
415,thecookingtrunk.com,TheCookingTrunk– thecookingtrunk,-,Click Here,-
416,thepolarbearkitchen.com,The Polar Bear Kitchen,-,Click Here,-
417,thefriddle.com,The Original Friddle Company,-,Click Here,-
1,nexgrill.com,BBQ Grills and Accessories – Nexgrill - Hungry for Different,"500,007",Click Here,US
2,meatchurch.com,Meat Church,"596,696",Click Here,US
3,h2qshop.com,HowToBBQRight BBQ Shop,"638,689",Click Here,US
4,cavetools.com,"Buy BBQ & Cooking Tools, Accessories, or Grills Online - Free Shipping","641,225",Click Here,US
5,healthyheartmarket.com,"Healthy Heart Market - Low Sodium, Sodium Free, & Gluten Free Foods","815,540",Click Here,-
6,fireplacedirect.ca,"Electric Fireplaces, BBQ Grills - Canada","988,407",Click Here,-
7,lonestargrillz.com,Lone Star Grillz | BBQ Smokers - Custom Smokers - Custom Grills,"1,029,877",Click Here,US
8,bbqing.com,"BBQing.com | Quality BBQs Online: Weber, Napoleon, Broil King, DCS... — BBQing.com by Capital BBQ","1,064,849",Click Here,US
9,evergladesseasoning.com,Everglades Seasoning: Tasting is Believing,"1,157,412",Click Here,-
10,cbqmemphis.com,Central BBQ - Slow Smoked Memphis Style BBQ,"1,323,229",Click Here,US
11,thekansascitybbqstore.com,"The World's Biggest Best Inventory of BBQ Sauces, Seasonings, Smokers, and Supplies. Serious BBQ Fun.","1,345,769",Click Here,US
12,allseasonsfeeders.com,BBQ Pits & Smokers Texas | Broadcast & Protein Deer Feeders & Parts,"1,396,953",Click Here,US
13,bbqoutfitters.com,BBQ Outfitters,"1,415,889",Click Here,-
14,dicksonbbq.com,Dickson Barbeque Centre - Toronto Etobicoke Canada BBQ Barbecue,"1,447,523",Click Here,CA
15,armadillopepper.com,"Armadillo Pepper Hot Sauce, BBQ Sauce, Jerky & Fiery Snack Store","1,526,594",Click Here,US
16,kindersbbq.com,Kinder's Organic and All Natural BBQ Sauces – Kinder's BBQ,"1,571,740",Click Here,US
17,smokehouseproducts.com,Smokehouse Products | Big & Little Chief Smokers Since 1968,"1,660,000",Click Here,-
18,psseasoning.com,PS Seasoning & Spices,"1,666,857",Click Here,US
19,grillbilliesbarbecue.com,Backyard & Trailer BBQ Grills & Smokers For Sale,"1,694,378",Click Here,US
20,hanyangmart.com,Hanyang Mart/H&Y Marketplace – Hanyangmart.com,"1,787,508",Click Here,-
21,pigofthemonth.com,"Pig of the Month BBQ | Best BBQ Ribs, Pulled Pork & Smoked Meats By Mail Order Nationwide","1,798,356",Click Here,US
22,yardoutlet.com,"Yard Outlet | Outside Furniture, Lights, Irrigation, Decor & Holiday","2,040,843",Click Here,-
23,tuckerbbq.com.au,Australian BBQ | Outdoor Furniture | Heating Store – Tucker Barbecues,"2,130,317",Click Here,-
24,premiergrilling.com,"BBQ Grills, Smokers, Outdoor Kitchens - Premier Grilling","2,138,860",Click Here,US
25,littlegriddle.com,Discover the world's best BBQ Griddles and Indoor/Outdoor Cookware – Little Griddle,"2,155,460",Click Here,US
26,gothamsmokeless.com,Gotham Steel Smokeless Grill | Safely Barbecue Indoors,"2,250,502",Click Here,US
27,joesbbqs.com.au,Australian BBQ | Accessories | Outdoor Furniture Store Online – Joe's BBQs,"2,566,420",Click Here,AU
28,atlantabbqstore.com,Atlanta BBQ Store | Atlanta BBQ Store,"2,597,809",Click Here,US
29,lanesbbq.com,"Lane's BBQ – Barbecue Rubs & Sauces | Bethlehem, GA – Lane's BBQ, LLC","2,841,158",Click Here,-
30,texasoriginalpits.com,Texas Original Bar-B.Q. Pits,"2,978,756",Click Here,US
31,270smokers.com,270 SMOKERS,"3,153,558",Click Here,US
32,smartfirebbq.com,BBQ Smoker Temperature Controller & Thermometer | Smartfire BBQ,"3,228,025",Click Here,US
33,horizonleisure.com.au,"Wood Heating, Weber BBQ Specialist Dealer & Outdoor Products – Horizon Leisure","3,279,328",Click Here,-
34,broquet.co,Broquet | Send Awesomer Gifts For Men,"3,445,131",Click Here,US
35,searsmiths.com,SEARSMITHS | Restaurant Quality Meat | BBQ & Steak Grill,"3,609,165",Click Here,PA
36,jakesgrillin.com,Jake's Grillin Coffee Rubs & BBQ Sauces – Jake's Grillin',"3,653,981",Click Here,US
37,dellcovespices.com,"Dell Cove Spices & More - gourmet popcorn seasonings, cocktail sugars — Dell Cove Spices & More Co.","3,740,854",Click Here,US
38,hitachiyausa.com,HITACHIYA USA- Cutlery & Knife Sharpening High Quality Cookware Store,"3,799,091",Click Here,US
39,porkbarrelbbq.com,"Pork Barrel BBQ Sauce, Barbecue Rub & Shark Tank Bacon Jerky","3,891,022",Click Here,US
40,kitchendepot1.com,"Kitchen Depot - Discount Kitchen Supplies, Cookware & Appliances","3,993,057",Click Here,-
41,jaggrill.com,"3-in-1 BBQ Grill, Table, & FirePit","4,215,001",Click Here,US
42,joesbbqboat.com,Joe's BBQ Boat Rentals : An Incredible BBQ Boat Dining Experience,"4,562,815",Click Here,PA
43,betterpatio.com,Better Patio | Your Online Source for Outdoor Furniture,"4,861,297",Click Here,US
44,backyardlifegear.com,Backyard Life Gear,"5,016,935",Click Here,-
45,bbqsandgrills.com,Napoleon Premium BBQs & Grills - Built to Last - Guaranteed - EST 1988 — BBQSGRILLS.COM Exclusive Napoleon Retailer,"5,100,007",Click Here,US
46,patiopalace.com,"Patio furniture, Outdoor Kitchens, Fireplaces, Napoleon BBQ – Patio Palace","5,127,963",Click Here,CA
47,zestcoast.com,Zest Coast BBQ Rubs & Seasoning Blends – Zest Coast BBQ Rubs & Seasonings,"5,162,919",Click Here,-
48,bbqschool.com.au,"BBQ School - Sydney, Melbourne, Brisbane","5,211,989",Click Here,-
49,meatmitch.com,"Meat Mitch Award Winning Sauce, Meat & Rubs -WHOMP! Kansas City BBQ","5,449,492",Click Here,US
50,alphagrillers.com,Alpha Grillers,"5,726,503",Click Here,US
51,barbeqa.com,Outdoor Cooking Made Easy!– Barbeqa,"5,731,998",Click Here,-
52,topchefcutlery.com,"Top Chef Cutlery - Kitchen Knife and Blocks, BBQ Tools, Cutting Boards","5,798,582",Click Here,CA
53,hunsakersmokers.com,Hunsaker Vortex Smokers,"6,029,758",Click Here,US
54,mgrills.com,M Grills - Precision Made BBQ Grills Handcrafted in Texas,"6,152,166",Click Here,US
55,lanesbbqau.com,Lane's BBQ seasonings and sauces – Lane's BBQ Australia,"6,258,260",Click Here,-
56,birddogbbq.com,Colorado Springs Best BBQ since 2004. – Bird Dog BBQ,"6,298,235",Click Here,US
57,giannischickenburgers.com,Gianni's chicken burgers are the all natural healthy alternative,"6,430,927",Click Here,US
58,bbqstoremalta.com,BBQ STORE MALTA,"6,485,131",Click Here,US
59,tomyang-bbq.com,TomYang BBQ Thai Grill – Die Symbiose von Thai Tischgrill und Hot Pot,"6,499,072",Click Here,-
60,mnkgrills.com,BBQ Grills & Outdoor Kitchens on sale - M&K Grills,"6,684,623",Click Here,CA
61,burntfingerbbq.com,Burnt Finger BBQ is Kansas City's Premier Competition Barbecue Team | Burnt Finger BBQ,"6,689,400",Click Here,US
62,canadianbbqboys.com,Professional BBQ Cleaning Service - Local Students across Ontario — Canadian BBQ Boys,"6,961,846",Click Here,CA
63,hudsondurablegoods.com,HUDSON DURABLE GOODS – Hudson Durable Goods,"7,211,396",Click Here,US
64,jollygreenproducts.com,The Best Outdoor Cooking BBQ Gloves And Accessories– Jolly Green Products,"7,305,064",Click Here,US
65,thebbqhq.com,TheBBQHQ,"7,313,553",Click Here,-
66,mnfirewood.com,"Minnesota Firewood - Oak Firewood Delivery - Red Oak, Birch, BBQ Wood","7,751,951",Click Here,US
67,victorylanebbq.com,Victory Lane BBQ,"7,878,266",Click Here,US
68,chillbillyusa.com,Chillbilly USA,"8,007,780",Click Here,-
69,grillarmorgloves.com,Grill Armor Gloves,"8,170,047",Click Here,US
70,bourbonq.com,BourbonQ - Kentucky Barbecue Sauce,"8,223,503",Click Here,US
71,coldkart.com,India's 1st Online Multi Temperature Controlled Store – coldkart.com,"8,362,922",Click Here,IN
72,rosemaca.com,Marine Accessories ; Rope Covers ; PVC Waterproof Heavy-duty Aprons – Rosemaca,"8,474,947",Click Here,AU
73,goldentoad.com,Golden Toad All Natural Hand Crafted Sauces and Seasonings,"8,513,731",Click Here,US
74,fatlegsbbq.com,BBQ Catering in Hong Kong by Fat Legs' BBQ,"8,709,606",Click Here,PA
75,werubyou.com,Best Korean BBQ Bulgogi Kalbi Sauce & Gochujang | We Rub You,"9,116,103",Click Here,US
76,bbqgrillingmats.com,BBQ Grilling Mats,"9,258,212",Click Here,CA
77,fanaticsworldwide.com,"Officially Licensed NFL, NCAA, MLB, NHL, MLB, DC Comics merchandise – Fanaticsworldwide","9,334,203",Click Here,PA
78,fieldequipco.com,The Field Equipment Company,"9,357,523",Click Here,AU
79,sheepdogbbq.com,"Sheepdog BBQ ""Where there's smoke...There's BBQ!""","9,367,860",Click Here,-
80,arcticmonsoon.com,Arctic Monsoon - Outdoor Camping Gear Supplies,"9,439,107",Click Here,US
81,premiredeals.com,Premiredeals,"10,186,165",Click Here,-
82,juniperbbqscraper.com,Juniper BBQ Scraper– JuniperBBQScraper.com,"10,423,523",Click Here,CA
83,silvertonfoods.com,Barbecue Sauce | Marinade | BBQ Sauce Online – Silverton Foods Sauces and Marinades,"10,440,297",Click Here,US
84,bellbucklecompanystore.com,"Bell Buckle Country Store, Inc.","10,472,373",Click Here,US
85,badenbackyard.com,Baden Backyard: High-Quality Outdoor Yard Games,"10,654,624",Click Here,US
86,adamsgoods.com,Adams Good's | The Best in BBQ Rubs and Salts | Adam's Goods,"10,855,973",Click Here,US
87,foreverfabboutique.com,"Baby Shower invitation, Oh Deer Baby Shower, Bbq Baby Shower invites","10,893,614",Click Here,-
88,gourmetspicekits.com.au,Gourmet Spice Kits,"11,080,769",Click Here,-
89,joansmustard.com,"JoAn's Mustard and Salt add a ""flavor kick"" to any meal.","11,345,004",Click Here,US
90,fragrantjerky.com,"Fragrant Jerky, USA #1 Rated Pork Jerky Site (美國) 新美香現烤猪肉乾,牛肉乾","11,560,454",Click Here,US
91,kikabooshop.com,Kikaboo Shop - Meat Seasoning,"11,707,517",Click Here,-
92,locotogo.net,LoCo To Go from The Original Crab Shack – Buy Seafood Online - LoCo To Go from The Original Crab Shack,"12,010,575",Click Here,-
93,southernmeatco.com,Southern Meat Co is your personal online butchershop,"12,051,361",Click Here,US
94,campingadgets.com,Online Camping Store Sleeping Bag Tents Fishing Equipment And More – CampingGadget,"12,144,356",Click Here,IL
95,space-grill.com,SpaceGrill fold out BBQ – Space Grill,"12,251,156",Click Here,AU
96,bbqlocker.com,"BBQ Locker, Inc. is a leading outdoor kitchen products retailer","12,275,563",Click Here,US
97,bbqskewer.com.au,Barbecue Skewers – JCN Products - BBQ Skewers,"13,158,010",Click Here,-
98,kitchenhobby.com,Buy kitchen cooking tools and gadgets online store. Cook with Passion. – Kitchen Hobby,"13,245,220",Click Here,-
99,kmdlooks.com,"KMDlooks.com sells active wear for men & women, workout, yoga gear – KMD Looks","13,487,067",Click Here,-
100,mikedsbbq.com,Mike D's BBQ,"14,034,304",Click Here,US
101,woodchuckfirewood.com,"Woodchuck Firewood-Commercial and Residential Fireplace, Outdoor","14,274,890",Click Here,US
102,chakasmmm.com,CHAKA'S MMM SAUCE | Chaka's Marinade & BBQ Sauce. (NO SUGARS marinade only),"14,473,931",Click Here,US
103,roadtriptee.com,Road Trip Tee,"14,476,347",Click Here,-
104,dakinehawaiian.net,Da kine Hawaiian Specialty Gourmet Condiments – Da Kine Hawaiian,"14,505,572",Click Here,CA
105,morechimichurri.com,"Buy Authentic Chimichurri sauce Online | More Chimichurri, Los Angeles","16,116,496",Click Here,US
106,jerkyhutonline.com,The Jerky Hut Beef Jerky | Papa Dan's Beef Jerky | The Jerky Hut – The Jerky Hut online,"16,158,297",Click Here,US
107,bbqrubclub.net,BBQ Rub Club brings the best craft BBQ Rubs to you!! – bbqrubclub,"16,378,381",Click Here,US
108,thelasthotsauce.com,The Last Hot Sauce,"16,730,204",Click Here,-
109,smokebloq.com,"Best Wireless Meat Thermometer, Wireless Grill & BBQ Thermometer – SmokeBloq","16,808,614",Click Here,US
110,quik-fire.com,QUIK-FIRE.com | Stainless Steel BBQ's & Kitchen Equipment,"17,857,295",Click Here,TH
111,allyoucanspice.com,All You Can Spice,"17,875,498",Click Here,-
112,bbqbrosrubs.com,BBQ Bros Rubs & Sauces,"17,876,392",Click Here,US
113,inhalebbq.com,Inhale BBQ Pit-Smoked Seeds,"18,624,349",Click Here,US
114,waltgarrisonfoods.com,"Walt Garrison Foods | BBQ Sauces, Salsa, Rubs, and Marinades","18,888,340",Click Here,US
115,crimsoncreekbbq.com,"Crimson Creek - Austin, TX 78758 – crimsoncreekbbq","18,926,577",Click Here,US
116,texasfoodsdirect.com,"Texas Foods Direct - Mexene Chili Powder, Jardines, Adkins BBQ Rub","18,981,513",Click Here,-
117,perfectlifeideas.com,Popular and Innovative products that everyone will want to have – Perfect Life Ideas,"19,123,375",Click Here,US
118,jp-bbq.com,J.P. BBQ Rubs and Sauces– J.P.BBQ,-,Click Here,-
119,bbq-hippie.com,"BBQ Hippie – BBQ Hippie, LLC",-,Click Here,CA
120,harveyskitchen.com.au,"Harvey's Kitchen and BBQ - BBQ Rubs, BBQ Sauce, Hot Sauce, Gift Boxes",-,Click Here,-
121,bbqcreations.com.au,"BBQ Creations | BBQs, Spits & BBQ Accessories",-,Click Here,-
122,grill-shop.com.au,"BBQ PIT BOYS BBQ'S, GRILLS & SMOKERS IN AUSTRALIA – oz bbq shop",-,Click Here,-
123,championshipbbqrub.com,Championship BBQ Rub | Championship BBQ Rub,-,Click Here,CA
124,kcbbqstore.com,"The World's Biggest Best Inventory of BBQ Sauces, Seasonings, Smokers, and Supplies. Serious BBQ Fun.",-,Click Here,US
125,whiskeybentbbqsupply.com,WB BBQ Products | Whiskey Bent BBQ Supply - Competition BBQ | Rubs | Sauces | Injections,-,Click Here,-
126,unclebuddysbbqsauce.com,Uncle Buddy's Award Winning BBQ Sauce! – Uncle Buddy's BBQ Sauce,-,Click Here,-
127,americanbbqaustralia.com.au,American BBQ Australia | Australia's #1 American BBQ Store!,-,Click Here,-
128,bbqsuperstore.com.au,Lane's BBQ seasonings and sauces – Lane's BBQ Australia,-,Click Here,-
129,bbqthingz.com,"BBQthingz® | #1 brand for gourmet BBQ sauces, hot sauces & spice rubs!",-,Click Here,US
130,bbqtradition.com,"BBQ Tradition - Grilling, Barbecue, & Outdoor Entertaining",-,Click Here,CA
131,dustymoosebbq.com.au,Dusty Moose BBQ Supply,-,Click Here,-
132,blackfridaybbqs.co.uk,Black Friday BBQ Bargains | From The American BBQ Company – Black Friday BBQs from The American BBQ Company,-,Click Here,-
133,bigmikesamericanbbq.com,Big Mikes American BBQ,-,Click Here,-
134,bluewagonbbq.com,Blue Wagon BBQ - Supply Shop,-,Click Here,US
135,burntoutbbq.com,Colorado Crafted BBQ Sauces,-,Click Here,US
136,waywardgourmet.com,Wayward Gourmet | Spice Rub | BBQ Sauce | Grilling | BBQ | All Natural,-,Click Here,-
137,republicofbbq.com,"BBQ Meats, BBQ rubs, BBQ smoking woods - We deliver and you cook",-,Click Here,US
138,requipd.com,Requip'd - Home of the Original Hockey Stick BBQ Set,-,Click Here,US
139,rotabbq.com.au,Rota BBQ - Stainless Steel Camping BBQ – RotaBBQ - Camping BBQ for Bush and Campsite Use,-,Click Here,-
140,thebbqfanatic.com,"The BBQ Fanatic - BBQ, smoking and grilling supplies and novelties.",-,Click Here,-
141,konabbqstore.com,BBQ Accessories by Kona — Kona BBQ Store,-,Click Here,-
142,bearmountainbbq.com,Premium Wood Pellets for Smokers and Grills | Bear Mountain BBQ Woods,-,Click Here,US
143,fragoutflavor.com,Quality seasonings and BBQ rubs | Frag Out Flavor,-,Click Here,US
144,banditosbbq.com,Banditos BBQ – BanditosBBQ,-,Click Here,CA
145,fireflybbq.eu,FireFly Barbecue | Award Winning BBQ & Hot Chilli Sauces & Rubs UK,-,Click Here,-
146,bbqjack.io,BBQ Jack - Plant Based Pulled Pork,-,Click Here,-
147,bbqtankexpress.ca,BBQ Tank Delivery Service,-,Click Here,-
148,bbqwarehouse.com.sg,BBQ Warehouse,-,Click Here,-
149,flamin-heck.com.au,"BBQ, Grill, gourmet, cooking and entertaining products to your door– SHAPEwear",-,Click Here,-
150,bigdaddyhills.com,BIG DADDY HILL'S BBQ SAUCE | Veteran Owned and Operated – Big Daddy Hills,-,Click Here,-
151,jgbbq.com.au,JG BBQ– JGBBQ,-,Click Here,-
152,bigshotspicyman.com,BigShotSpicyMan BBQ Rubs and Seasonings,-,Click Here,US
153,bos-kickin-bbq.com,Bo's Kickin BBQ – Bo's Kickin BBQ,-,Click Here,-
154,hibergrill.co.nz,HiberGrill | The all-season ruggedly handsome BBQ cover.,-,Click Here,-
155,grillinator.com,Grillinator.com | Grillinator BBQ Grilling Accessories,-,Click Here,US
156,granddaddyshotsauce.com,Granddaddys Specialty BBQ Hot Sauce – Granddaddy’s Hot Sauce,-,Click Here,US
157,brucewaynesbarbecue.com,Bruce Wayne’s BBQ – Bruce Wayne’s BBQ,-,Click Here,-
158,loadedforbears.co.uk,We are Loaded for Bears | BBQ and Hot Sauce,-,Click Here,-
159,pitbarrel.co.nz,Pit Barrel - The set and forget charcoal BBQ. – NZBBQ LIMITED,-,Click Here,-
160,claudessauces.com,"Claudes Sauces | Brisket Marinade, BBQ Sauce, Seasonings, Beans | Claude's Sauces",-,Click Here,US
161,slaphappybbq.com,"SlapHappy BBQ Sauce - Award winning, southern, low & slow, smoked meat",-,Click Here,US
162,prosmokebbq.co.uk,Pro Smoke BBQ,-,Click Here,-
163,stevesoriginalsauces.com,Mouth Watering BBQ Sauce – SO Sauces,-,Click Here,US
164,steakkings.com,"Steak Kings Prime Halal BBQ, Jerky and Peri Peri Sauces – Steak Kings Prime Halal BBQ, Jerky and Sauces",-,Click Here,US
165,rubyermeat.com,Barbaric BBQ - Home of Rub Yer Meat BBQ Rub,-,Click Here,US
166,mrbevisbbq.com,Mr. Bevis BBQ – Mr.Bevis BBQ,-,Click Here,-
167,wildwestsmokers.com.au,Australian Made BBQ Offset Smokers - Wild West Smokers,-,Click Here,-
168,tipsbbq.com,Tip's Dry BBQ Rub – Tip's BBQ,-,Click Here,-
169,txbbqoutpost.com,BBQ Supply Store– Texas BBQ Outpost,-,Click Here,-
170,teddysbbq.com,Teddy's BBQ | Teddys BBQ Sauce,-,Click Here,-
171,thechillieffect.com.au,"the CHILLI effect - Australian hot sauces, snacks & BBQ meat rubs – The Chilli Effect",-,Click Here,-
172,backdraftbarbqsupply.com,Top Quality BBQ Rubs and Sauces – Backdraft Bar BQ Supply,-,Click Here,-
173,outsetinc.com,Outset Grillware - Entertaining Well Done - BBQ & Grilling Experts,-,Click Here,US
174,hotsauceandsalsa.com,"Lucious The King's BBQ Seasoning – Lucious ""The King's"" Barbecue Seasoning",-,Click Here,US
175,damngoodsauce.com.au,Damn Good BBQ Sauce – Damn Good Sauce,-,Click Here,-
176,dannysbbqsauce.com,Danny's BBQ Sauce,-,Click Here,US
177,jbaprons.com,Jbaprons.com| Denim Aprons| Barista Aprons| Personalized gifts – jbaprons.com | Barista Aprons | Denim Aprons | BBQ Aprons | Personalized Embroidery,-,Click Here,-
178,alittlebarbqjoint.com,A Little BBQ Joint and Smoke Life Catering Company,-,Click Here,-
179,fireflies2u.com.au,"Buy Best Custom Fire Pit BBQ, Modern Fire Pits for Sale",-,Click Here,-
180,bbq415.com,"BBQ.COUTURE, A Vixen's Delight – Brilliant, Bold, Queen Couture",-,Click Here,CA
181,bbqandbottles.com,BBQ and Bottles – BBQandBottles,-,Click Here,PA
182,bbqandpizzaoven.com,BBQ and Pizza Oven | Large Range of Ceramic BBQs and Pizza Ovens UK,-,Click Here,UK
183,bbqandsmoke.co.uk,BBQ & Smoke - Imported Barbecue Equipment from the States,-,Click Here,-
184,bbqassault.com,BBQ Assault,-,Click Here,US
185,bbqhardwood.com,"Premium BBQ Smoking Hardwood Chunks, Planks, Wraps, Chips, and Splits – Bob's Smokin' Hardwood",-,Click Here,-
186,bbqmoito.com,BBQ Moito,-,Click Here,CA
187,dipdipsauce.com,Dip Dip Sauce - Sugar Free BBQ and Ketchup – DipDipSauce,-,Click Here,US
188,flaminghoophotsauce.com,"Canada's Hot Sauces, BBQ Sauces & Rubs | The Flaming Hoop Chilies",-,Click Here,-
189,ashlyns.co.uk,"Ashlyns - School Catering Essex, Cambridge, London - Hog Roast - BBQ — Ashlyns Catering & Home Delivery",-,Click Here,-
190,ashburnsauce.rocks,"BBQ, Bloody Mary & Hot Sauces from Virginia – Ashburn Sauce",-,Click Here,-
191,artscapeonline.com,Aprons oven gloves kitchen wear gifts BBQ – Artscape Co. Ltd,-,Click Here,-
192,handystand.com,"Grill Table, Folding BBQ Table, Outdoor Cedar Table, Tailgating Table – handystand.com",-,Click Here,-
193,gizzo.co,Portable BBQ Grill - Camping & Tailgating | Gizzo – Gizzo Grill,-,Click Here,LV
194,schmidtbrothers.com,"Schmidt Brothers Cutlery | Shop Knives, Knife Sets, BBQ, Kitchen Tools –",-,Click Here,CA
195,blueknightbbq.com,Blue Knight BBQ. Homemade Sauces with Flavor!,-,Click Here,-
196,samobbq.com,SaMo BBQ,-,Click Here,-
197,sauceshop.co,"Sauce Shop | UK Craft Sauce Maker | Ketchup, Hot Sauce, BBQ, Mayo",-,Click Here,GB
198,bohemianmerch.com,Bohemian BBQ Store– BohemianMerch,-,Click Here,US
199,groompack.com,BBQ Cleaning Kit – CLNBBQ,-,Click Here,US
200,grilllite.com,GRILLLITE® Miniature Notebook Portable BBQ Grill,-,Click Here,US
201,grillappetit.com,"Grill Appetit, Grill Accessories, Grill Products, Grill Brush, BBQ",-,Click Here,US
202,grillersmonthly.ca,"Grilling Gifts, Subscription Boxes, BBQ Gourmet, Spices Sauces Canada – Grillers Monthly",-,Click Here,-
203,buschbeck.com.au,Buschbeck | BBQ Pizza Ovens - Outdoor Fireplace Australia | Buschbeck,-,Click Here,-
204,greeneggbbq.be,Green Egg BBQ kopen België - Webshop & professioneel advies,-,Click Here,-
205,california-rancher.com,California Rancher Seasonings and BBQ Sauces,-,Click Here,GB
206,gycoutdoorliving.com.au,Shop Barbecues and Outdoor BBQ Kitchens in Sydney | GYC Outdoor Living,-,Click Here,-
207,grabbinash.com,Home of the Grabbin Ash Pan! Easily clean your BBQ grill or smoker,-,Click Here,US
208,embrsmoking.com,EMBR Smoking & BBQ | Premium Food Smoking Products & Accessories,-,Click Here,-
209,ezylifeproducts.com,Electronic Electric Candle and Barbecue (BBQ) Lighters – EzyLife Products,-,Click Here,AU
210,ladybellebbq.com,Lady Belle's BBQ,-,Click Here,US
211,lamsonproducts.com,"Lamson | Fine Cutlery, BBQ, Kitchen and Trade Tools",-,Click Here,-
212,casamspice.com,"Best Beef Brisket Rubs, Barbecue Rub, Spice Rub, Bbq Dry Rub for Sale",-,Click Here,-
213,cluckandsqueal.com,Cluck & Squeal Seasonings and BBQ Rubs.,-,Click Here,-
214,smokerbuildermfg.com,SmokerBuilder Manufacturing BBQ Smoker Parts and Kits! – SmokerBuilder MFG DIY Smoker Parts,-,Click Here,US
215,littlebbq.co.nz,Little BBQ - traditional & modern small Japanese charcoal barbeques – littlebbq,-,Click Here,-
216,meatsaver.nl,Meatsaver - Dé BBQ-cateraar van 't Gooi,-,Click Here,-
217,cobbgrillamerica.com,"Portable BBQ Grill, Camping Grill, Small Portable Grill– COBB GRILL",-,Click Here,US
218,lifeofspice.co.uk,"Life of Spice - Gourmet BBQ Rubs, Salts and Herb blends - all handmade",-,Click Here,-
219,pittviperbbqrub.com,Pitt Viper BBQ Rub,-,Click Here,CA
220,luciousseasoning.com,"Lucious The King's BBQ Seasoning – Lucious ""The King's"" Barbecue Seasoning",-,Click Here,US
221,creamcitymke.com,"Cream City BBQ | Shop Sauces, Rubs, & More",-,Click Here,US
222,solidkamado.com,Blaze Kamado | Aluminium Kamado BBQ | Blaze Grills EU– Solid Kamado,-,Click Here,BE
223,lownslowbbq.co.nz,"Low 'N Slow BBQ Supplies - Grills, Rubs, Sauces, Knives Accessories",-,Click Here,-
224,redzbulgogi.com,Red'z Bulgogi BBQ and marinade. Korean inspired Yooper wave of flavor – redzbulgogibbq,-,Click Here,-
225,rangeroutdoors.com.au,Ranger Outdoors for all your Camping & Fishing & Weber BBQ's,-,Click Here,-
226,rawford.de,"Rawford® BBQ - Premium Grillzubehör, Rezepte und mehr",-,Click Here,-
227,cyprusbbq.co.uk,Cyprus BBQ - Traditional Greek Cypriot Rotisserie Charcoal Barbecues,-,Click Here,-
228,mycobb.ca,"Portable BBQ Grill, Stainless Steel– Cobb Grill Canada",-,Click Here,-
229,woodybsbbq.com,Woody Bs BBQ,-,Click Here,-
230,wyldsmoke.com.au,Wyld Smoke BBQ,-,Click Here,-
231,rubandgrub.com.au,Rub & Grub | BBQ Rubs & Accessories,-,Click Here,-
232,rubhq.com.au,"BBQ Rubs, Sauces & Accessories – Rub HQ",-,Click Here,-
233,wildhorsemountainbbqco.com,Wild Horse Mountain BBQ Company,-,Click Here,-
234,kmrbbqsupply.com,Kiss My Rack BBQ Supply,-,Click Here,-
235,swingsandmore.com,"Swings and More - BBQ Grills, Wine Coolers, Play Sets, Swing Beds",-,Click Here,-
236,rockbottombbq.com,"Rock Bottom BBQ, LLC",-,Click Here,-
237,zeust.com,"Zeust BBQ Grill Lights, Best Barbecue & Outdoor Patio Lights",-,Click Here,-
238,oniegiggins.com,Onie Giggins Small Batch BBQ Sauce – Onie Giggins Sauces,-,Click Here,-
239,ottawabbqrental.ca,"Rentals of BBQ, Rotisserie, and Roasting equipment in the Ottawa and Gatineau region.",-,Click Here,-
240,thequeclub.com.au,The Que Club - Melbourne's Best BBQ Super Store,-,Click Here,-
241,topshelfbbqatl.com,Top Shelf BBQ ATL,-,Click Here,-
242,texasbrosbbq.com,Texas Brothers BBQ Dry Rub - Easy To Use Cooking Tips and Instruction,-,Click Here,-
243,tastyfoodaffair.com,Tasty Food Affair | BBQ & Steamboat Selection at Wholesale Price,-,Click Here,-
244,andresco.com,"Andresco | Barbecue heaven for outdoor grilling, cooking,",-,Click Here,US
245,joeskc.com,Joe's Kansas City Bar-B-Que,-,Click Here,US
246,deadwoodlabs.com,Deadwood Labs,-,Click Here,US
247,bearpawproducts.com,Bear Paw Products – Bear Paw Products Inc.,-,Click Here,US
248,grillyourassoff.com,GRILL YOUR ASS OFF – Grill Your Ass Off,-,Click Here,US
249,sharkbaitbbq.com,Shark Bait BBQ The leaders in BBQ – SharkbaitBBQ,-,Click Here,US
250,coffeeroastersclub.com,Coffee Roaster Manufacturer - CoffeeRoastersClub.com– Handmade In The USA Coffee Roasters Since 2003 - CoffeeRoastersClub.com,-,Click Here,-
251,pitmasteriq.com,PitmasterIQ Automatic Barbecue Controllers – pitmasterIQ,-,Click Here,US
252,premierkitchensupplies.com,Premier Kitchen Supplies,-,Click Here,-
253,coolercupbuddy.com,Cooler Cup Buddy - Free Your Hands | The Best Cookout Accessory,-,Click Here,-
254,woodhot.com,WOODHOT BBQ & GRILL FAMILY BUSINESS – WOODHOT BBQ & GRILL FAMILY BUSINESS,-,Click Here,US
255,wilsonsbbqshack.com,"Wilson's BBQ Rubs, Sauces, Smoked Meats, and Accessories – Wilson's BBQ Shack",-,Click Here,-
256,winedupinsmoke.com,Wine'd Up In Smoke – Wine'd up in Smoke,-,Click Here,-
257,uvbq.net,Upper Valley Brew & Que- Shop UVBQ Online | Upper Valley Brew & Que,-,Click Here,-
258,nexgrill.com.tw,Nexgrill BBQ 專業烤爐 - 與眾不同的生活品味 – Nexgrill BBQ專業烤爐,-,Click Here,-
259,tomsbootlegbbq.com,Tom's Bootleg BBQ Sauce – Toms Bootleg BBQ,-,Click Here,-
260,tomsridickulousthings.com,"Beer Can Chicken Stands, Beer Butt Chicken, Drunken Chicken – Toms Ridickulous Things",-,Click Here,-
261,bbqhangout.com,BBQHangout: Shop American Build Quality Charcoal and Gas Grill & more,-,Click Here,PA
262,davidspantry.com,Canadas Best Selection of Kitchen Supplies | Davidspantry.com.,-,Click Here,CA
263,backyardbrine.com,"Backyard Brine - Handmade Artisan Pickles, North Fork, Long Island, NY",-,Click Here,US
264,deepsouthsaucecompany.com,"Deep South Sauce Company, LLC",-,Click Here,US
265,achetergothamsmokeless.ca,Gril sans fumée Gotham Steel | Barbecue en toute sécurité à l'intérie,-,Click Here,-
266,ikaind.com,Quickfire US - Original Worldwide leader in all purpose fire starters – QuickFire US,-,Click Here,US
267,djbbq.com,DJ BBQ | Slow & Low with Southern Soul– djbbq,-,Click Here,US
268,flyingdutchmanstores.com,https://flyingdutchmanstores.com/ – Flying Dutchman Stores,-,Click Here,GB
269,jbspiceblends.com,JB's Gourmet Spice Blends,-,Click Here,-
270,andersonsgourmetfoods.com,Anderson's Gourmet Foods - BBQ Sauces and Rubs,-,Click Here,-
271,andersonandsonsaucecompany.com,Anderson & Son Sauce Company – Anderson and Son Sauce Company,-,Click Here,CA
272,banvillebbqworks.com,Banville BBQworks,-,Click Here,CA
273,allaboutbbque.com,BBQ Can – BBQueCan,-,Click Here,CA
274,fitbrine.com,F.I.T. (Flavor Infused Tenderizing) Brine – FIT (Flavor Infused Tenderizing) Brine,-,Click Here,US
275,barraca.com.au,barraca food truck,-,Click Here,-
276,firepitsdirect.com.au,"Fire Pits Direct - Widest Range of Fire Pits, Chimineas & Eco Burners",-,Click Here,-
277,fireofcoals.com,Fire of Coals,-,Click Here,US
278,bbqarm.com.au,BBQARM – BBQARM,-,Click Here,-
279,bbqdeal.com,Everything for your Backyard in one Location – BBQDeal.com,-,Click Here,US
280,bbqitall.com,bbqitall – BBQ it ALL,-,Click Here,PA
281,bbqsandgrills.ca,Napoleon Premium BBQs & Grills - Built to Last - Guaranteed - EST 1988 — BBQSGRILLS.CA Exclusive Napoleon Retailer,-,Click Here,-
282,bbqsgallery.com,BBQ'sGallery.com-Official Site-Shop Now + Free Shipping – BBQs Gallery of Fullerton,-,Click Here,US
283,ironfire.com.au,Ultimate Aussie Smokers and Grills - Iron Fire Australia,-,Click Here,-
284,flavorseed.com,Small Batch USDA Organic craft blended seasonings and spices. – Flavor Seed,-,Click Here,US
285,ascendjerky.com,ascend non gmo jerky – Ascend Jerky,-,Click Here,US
286,bigbearbolts.com,Big Bear Bolts ... We've got the Nuts,-,Click Here,UK
287,artastery.com,Artastery,-,Click Here,-
288,gauchogrillx.com,GauchoGrillX,-,Click Here,VE
289,blazaball.com.au,blazaball – Blazaball,-,Click Here,-
290,hamptonsclub.at,Polo Ralph Lauren Salzburg * Hamptons Club * Europark – HAMPTONS CLUB,-,Click Here,-
291,blamelesscooking.com,"Blameless Cooking: Convenience, Efficiency, High Quality Products",-,Click Here,US
292,happinesshomemade.com,HappinessHomemade,-,Click Here,US
293,happyspices.com,"Happy Spices - outdoor slow cooking tools, wood burners & 100% natural spices",-,Click Here,US
294,justplayoutdoors.com,Just Play Outdoors,-,Click Here,-
295,athenaoutdoordesigns.com,Athena Outdoor Designs– JPL Global Enterprises LLC,-,Click Here,-
296,blackboxbbq.co.uk,Black Box BBQ- The Flavour Makers,-,Click Here,-
297,berkmansspices.com,Berkmans Spices - Online,-,Click Here,US
298,apronmen.com,ApronMen.com: Funny & Novelty BBQ Aprons for Men - Free Shipping,-,Click Here,-
299,joeleesauce.com,Top Shelf Sauce Inc. Home of Joe Lee's Top Shelf Sauce,-,Click Here,US
300,jmthomason.com,Seasonings Gourmet Blends - Whole Foods - Web Discounts - Heifer Intl. – JM Thomason - Gourmet Seasonings & Spices,-,Click Here,-
301,jmishop.dk,Jmi Shop,-,Click Here,-
302,argomemphis.com,ARGOMEMPHIS.COM – argomemphis.com,-,Click Here,US
303,boultonspice.com,Boulton Spice – Boulton Spice Company,-,Click Here,CA
304,bonjourpropane.com,Bonjour Propane - livraison et échange de bouteilles,-,Click Here,-
305,boostyourbbq.com,Boost Your BBQ,-,Click Here,-
306,bravian.eu,Bravian offers premium and bespoke garments for an urban lifestyle.,-,Click Here,-
307,avectousspice.com,"Avec Tous Spice Company, Paleo Friendly, Louisiana, Cajun Creole Spice",-,Click Here,-
308,sandybeachbbq.com,Sandy Beach Barbeque Co.,-,Click Here,CA
309,harlov.co,Harlov,-,Click Here,US
310,autumnavenue.com.au,"Autumn Avenue, the home wares shop with a twist.",-,Click Here,-
311,geeyustore.com,"GEE YU DEVELOPING – Gee Yu Developing Co.,LTD",-,Click Here,-
312,heatontherocks.com,HEAT ON THE ROCKS – Heat on the Rocks,-,Click Here,US
313,getporku.com,Pork U Seasonings and Rubs,-,Click Here,CA
314,shopfeltonangusbeef.com,Shop Felton Angus Beef | Montana Family Ranch Raised Beef,-,Click Here,CA
315,grill-wiese.de,"Grill-Wiese | Grills, Smoker & Grillequipment kaufen online und im Store in Leipzig!",-,Click Here,-
316,grillinchillgear.com,GCG USA | Grillin Chill Gear,-,Click Here,US
317,grillight.com,Grillight premium grill tools.– Grillight.com,-,Click Here,US
318,greenandgarden.com,Shop for your garden at best prices! – greenandgarden,-,Click Here,PA
319,hotsauce.market,Hot sauces and more delivered to your door ~ Hot Sauce Market,-,Click Here,-
320,buschbeck.ca,Buschbeck Canada Masonry Fireplace BBQ Grill Pizza Oven All in One – BUSCHBECK CANADA,-,Click Here,-
321,greenflamegrills.com,Greenflame Grills | Wood Pellet Grills UK,-,Click Here,-
322,greensmoketrading.com,"Green Smoke Trading - T-shirts for grilling, smoking and barbecue fans – Green Smoke Trading Company",-,Click Here,-
323,butchshotstuffhotsauce.com,Butch's Hot Stuff Hot Sauce,-,Click Here,US
324,butterandspiceco.com,Butter and Spice Co.,-,Click Here,-
325,shopgrillsafe.com,"Safe, All-Natural Wooden BBQ Grilling Products and Cleaning Tools – ShopGrillSafe.com",-,Click Here,-
326,guysystuff.com,Guysystuff is an eCommerce website specializing in cool guy stuff– GuysyStuff,-,Click Here,US
327,humphreysbbq.com,Humphrey's Smokers – Humphreys BBQ,-,Click Here,US
328,hugemikes.com,Huge Mike's | Huge Mike's,-,Click Here,US
329,historicbbq.com,Historic BBQ,-,Click Here,CA
330,homeinsight.com.au,"Australia Online Shop for Home, Office & Garden Supply - FREE Shipping",-,Click Here,-
331,holysmokinbarbeque.com,Holy Smokin' Barbeque– Holy Smokin' BBQ,-,Click Here,US
332,gothamsmokeless.ca,Gotham Steel Smokeless Grill | Safely Barbecue Indoors,-,Click Here,-
333,pauhana.nl,"Pau Hana I Canvas tenten, picknickkleden, hangmatten en meer",-,Click Here,-
334,paulthemaker.ca,PaulTheMaker,-,Click Here,-
335,ezflamebbq.com,"EZ Flame BBQ, Inc.",-,Click Here,US
336,chefandchef.com.sa,Chef & Chef | شيف آند شيف,-,Click Here,-
337,sillychillyhotsauce.com,Silly Chilly Hot Sauce | Habanero | Serano | Gluten-Free | Vegan |,-,Click Here,CA
338,pengguan.com.sg,Peng Guan Bak Kwa | Singapore Traditional BBQ Pork Jerky Bak Kwa,-,Click Here,-
339,shulersbbq.com,Shuler's BBQ,-,Click Here,-
340,everburningcharcoal.co.uk,Premium Hardwood Charcoal – EverBurningCharcoal,-,Click Here,-
341,everythingforkitchens.com,Everything for kitchens – Marketing Star,-,Click Here,NO
342,pablokim.com,Pablo Kim Real Argentine Asado – PabloKim,-,Click Here,US
343,lackeyssmokehouse.com,"Lackey's Smokehouse - Rancho Santa Margarita, CA",-,Click Here,US
344,patriotspice.com,Welcome to Patriot Spice,-,Click Here,US
345,caribeatdesigns.com,CariBeat Tropical Products – caribeat.store,-,Click Here,US
346,evilbrisket.com,Evil Brisket | Evil Brisket,-,Click Here,US
347,clubrattan.co.uk,Club Rattan - Quality Garden Furniture at Great Prices,-,Click Here,-
348,smoke-hollow.com,Smoke Hollow,-,Click Here,US
349,smokerreviewstore.com,Smoker Review Store – SmokerReviewStore,-,Click Here,PA
350,smokingandroasting.com,Smoking and Grilling – smokingandroasting,-,Click Here,-
351,smokinlooneyqstore.com,Smokin Looney Barbeque,-,Click Here,US
352,smokymountainsmokers.com,Smoky Mountain Smokers,-,Click Here,US
353,claytonoutdoor.com,Clayton Outdoor,-,Click Here,CA
354,locosteaks.com,Loco Steaks - A5 Grade Japanese Kobe Wagyu Beef,-,Click Here,CA
355,mdjerky.com,MD Jerky Salt free Hawaiian – M D Delights Jerky,-,Click Here,CA
356,meathouse.co,Todo para tu BBQ en un solo lugar,-,Click Here,PA
357,smokedmidwest.com,Smoked Midwest,-,Click Here,-
358,manandgrill.com,Man and Grill,-,Click Here,US
359,chipdown.com,The Ultimately Portable Golf-Inspired Backyard Game | Chip-Down,-,Click Here,US
360,chillinandreelin.com,Chillin & Reelin,-,Click Here,-
361,chicduds.com,"ChicDuds.com - Unique Tees, Hoodies, Mugs, Bags & Much More !",-,Click Here,US
362,clapnpraiseseasonings.com,"Clap N Praise, Clap N Praise Seasonings– Clap N Praise Seasoning & Products",-,Click Here,-
363,spicychicksgourmet.com,Two Chicks Selling Dips – Spicy Chicks Gourmet,-,Click Here,US
364,spicedoneright.com,Spice Done Right,-,Click Here,US
365,creaturecomforthotsauce.com,Hot Sauce,-,Click Here,PA
366,sprinklespices.com.au,Sprinkle | Organic Spice Blends | Australia,-,Click Here,-
367,porkysdelightseasoning.com,Porky's Delight Seasoning - State Fair Favorite BBQ Spices,-,Click Here,US
368,potpourrigourmet.com,"Pot pourri Saint-Sauveur, boutique accessoires et décoration cuisine– Pot Pourri Saint-Sauveur",-,Click Here,US
369,sparcker.com,Sparcker Electric Arc Lighter,-,Click Here,-
370,primalgrilling.com,Providing only the best grilling and outdoor cooking accessories – Primal Grilling,-,Click Here,PA
371,cook-air.com,Cata Marketing Inc. | Cook-air™ | The revolutionary Cook-air™ wood-burning barbecue-grill!,-,Click Here,CA
372,kampungtimescatering.com,KampungTimesCatering.com – KampungTimesCatering - Halal Food Catering & Mini Buffet Catering Singapore,-,Click Here,SG
373,wayfarergrill.com,The Wayfarer Grill,-,Click Here,US
374,superbutcher.com.au,Super Butcher - From Our Paddock To Your Plate,-,Click Here,-
375,steakiteasy.nl,Steak It Easy - Ambachtelijke online slagerij,-,Click Here,-
376,quickfireus.com,Quickfire US - Original Worldwide leader in all purpose fire starters – QuickFire US,-,Click Here,US
377,qballshotsauce.com,HEAT ON THE ROCKS – Heat on the Rocks,-,Click Here,-
378,realfirebbq.com,Real Fire BBQ,-,Click Here,US
379,mygrillingspot.com,My Grilling Spot,-,Click Here,US
380,woosauce.com,Woo Sauce,-,Click Here,US
381,mynewhomeandgarden.com.au,My New Home and Garden,-,Click Here,-
382,wrightbbqco.com,Wright BBQ Company,-,Click Here,-
383,kufu.com.au,iKamper and KUFU Culture Camping and 4WD equipment,-,Click Here,-
384,whole-meat.jp,ホールミート　お肉の通販サイト,-,Click Here,-
385,wholemeat.jp,"Whole Meat Japan BBQ Online Shop - Steaks, roasts and morec",-,Click Here,-
386,mushroomcatering.com.au,Sydney CBD Office corporate catering– Mushroom Catering,-,Click Here,-
387,wildfiresmokers.com.au,Wildfire Smokers,-,Click Here,-
388,kitchensuppliesdepot.com,If you like easy cooking Kitchen - Supplies Depot.com – Kitchensuppliesdepot.com,-,Click Here,-
389,zombiespicerub.com,Zombie Spice Rub Company Homepage,-,Click Here,-
390,nrjspice.com,Gourmet food products handmade in small batches with fresh seasonal products to ensure quality. – NRJSPICE FOOD LLC,-,Click Here,-
391,zamorascondiments.com,Zamoras Condiments - Papis Pebre - Chilean Organic Chilli Sauce – Zamora’s Condiments,-,Click Here,-
392,nexgrillbbq.com.au,BBQ Grills and Accessories – Nexgrill - Hungry for Different – Nexgrill AU,-,Click Here,-
393,nexgrill.ca,Nexgrill Canada - BBQ Grills and Accessories,-,Click Here,-
394,nexgrill.co.uk,BBQ Grills and Accessories – Nexgrill – Nexgrill UK,-,Click Here,-
395,nexgrill.dk,BBQ Grill og Tilbehør - Nexgrill Danmark - Hungry for Different – Nexgrill Denmark,-,Click Here,-
396,oregonhill.com,Gourmet Food Products Since 1987! – Oregon Hill Farms,-,Click Here,-
397,unclebobosgiftshop.com,Uncle Bobo’s Gift Shop – Uncle Bobo's Gift Shop,-,Click Here,-
398,uisneachcatering.ie,"Uisneach Catering: Weddings, Corporate Events, BBQ | Westmeath Ireland",-,Click Here,-
399,yuen.com.my,麻坡源珍香 | Muar Yuen Chen Siang | 肉干精萃之典范 ｜ 买得放心，送礼贴心，吃得安心 – Muar Yuen Chen Siang 麻坡源珍香,-,Click Here,-
400,tikitavzbbq.com,Tiki Tavz Beachin BBQ Spice Company,-,Click Here,-
401,tk-smoker.de,TK Smoker & Grills,-,Click Here,-
402,toloveshopping.com,To Love Shopping – To Love Shopping,-,Click Here,-
403,thinbluefoods.com,Jeff's Rubs and Barbecue Sauce - Thin Blue Foods LLC,-,Click Here,-
404,trulitegas.com,Houston Gas Lamp Repair|Gas Grill Repair|Fireplace Repair|And Sales – Tru-Lite Gas Products,-,Click Here,-
405,tulsauces.com,Welcome! Tulsauces.com – TUL Sauces,-,Click Here,-
406,topshelfsauce.com,Top Shelf Sauce Inc. Home of Joe Lee's Top Shelf Sauce,-,Click Here,-
407,toysoldierbrewing.com.au,Toy Soldier Brewing Co.,-,Click Here,-
408,trekkerscanada.ca,Trekkers Canada - Make Your Outdoors Better,-,Click Here,-
409,teddiesbbq.com,Teddies LA BBQ Sauce LLC.,-,Click Here,-
410,teddybbq.com,Teddies LA BBQ Sauce LLC.,-,Click Here,-
411,thebeercan.com.au,The Beer Can / The Nitro Coffee Can – The Beer can / The Nitro Coffee Can,-,Click Here,-
412,outdoorkitchen.store,Outdoor Kitchen Equipment– Outdoor Kitchen Equipment,-,Click Here,-
413,outdoorconcepts.co.nz,"Outdoor Concepts - Luxury Outdoor Living, Heaters, BBQs & Appliances",-,Click Here,-
414,tamarindtree.com.au,Tamarind Tree Gourmet Sauces – tamarindtree.com.au,-,Click Here,-
415,thecookingtrunk.com,TheCookingTrunk– thecookingtrunk,-,Click Here,-
416,thepolarbearkitchen.com,The Polar Bear Kitchen,-,Click Here,-
417,thefriddle.com,The Original Friddle Company,-,Click Here,-
