1,arda-wigs.com,"Cosplay, Anime, Costume & Fashion Wigs Supplier | Arda Wigs USA","122,161",Click Here,CA
2,uniqso.com,Colored Contact Lenses | Cosplay | Wigs | Makeup – UNIQSO,"159,047",Click Here,US
3,camerareadycosmetics.com,Camera Ready Cosmetics | Professional Makeup Supplies Online,"174,796",Click Here,US
4,syndromestore.com,SYNDROME - Cute Kawaii Harajuku Street Fashion Store,"229,372",Click Here,US
5,spreepicky.com,Kawaii Clothes J-fashion Harajuku Cute Fashion Clothing Online Store– SpreePicky,"248,827",Click Here,US
6,kawaiination.com,Kawaii Nation: Kawaii Clothes J-fashion Harajuku Cute Fashion Clothing,"303,487",Click Here,US
7,uwowocosplay.com,UWOWO Cosplay - High Quality Cosplay Costume From Anime & Game Online – UWOWOCosplay,"328,045",Click Here,US
8,orchardcorset.com,Corsets for Curves & Waist Training - Orchard Corset,"352,648",Click Here,US
9,cosplaybuzz.com,"Buy Cosplay Wigs, Costumes, Shoes and Boots for Cosplayers","428,409",Click Here,US
10,modakawa.com,"New Kawaii Fashion in Cute Clothes, Kawaii Hoodies, Wigs","559,653",Click Here,HK
11,ardawigscanada.ca,"Arda Wigs Canada - Supplier of wigs for cosplay, fashion and drag!!","709,713",Click Here,CA
12,highcalibercosplay.com.au,Australian Shop for legal 1/1 scale TOY guns and accessories – High Caliber Cosplay,"813,035",Click Here,-
13,rockstarwigs.com,Rockstar Wigs ® Cosplay Wigs USA $25,"858,990",Click Here,US
14,aioprintz.net,AIO Cosplay,"869,032",Click Here,-
15,luminsworkshop.com,Lumin's Workshop,"1,002,189",Click Here,RU
16,thekigustop.com,The Kigu Stop,"1,003,962",Click Here,-
17,vexclothing.com,Latex Rubber Fetish Clothing For Men and Women by Vex Clothing – Vex Inc. | Latex Clothing,"1,098,544",Click Here,US
18,hairsoflyshop.com,Lace Front Wigs | Crochet Braids | Human Hair Wigs – HAIRSOFLY SHOP,"1,123,918",Click Here,US
19,abbyshot.com,AbbyShot | Where Heroes Shop | Cosplay Apparel & Accessories,"1,158,675",Click Here,CA
20,cosrea.com,"Cosrea: Professional Cosplay Costumes, Disney Dress With Free Shipping– Cosrea Cosplay","1,255,437",Click Here,CA
21,boomoutlet.com,BoomOutlet | Affordable Women & Men Fashion | Online Clothing Outlet,"1,372,711",Click Here,US
22,aestheticcosplay.com,Aesthetic Cosplay,"1,380,981",Click Here,CA
23,lemonbrat.com,lemonbrat costumes,"1,448,909",Click Here,US
24,konohastuff.com,Best Anime & Manga Merchandise Online Store | Streetwear Clothing — Konoha Stuff,"1,520,832",Click Here,US
25,auscosplay.com,"Online Cosplay Costumes for Sale Ship to Australia, USA, UK, Europe – Auscosplay","1,607,705",Click Here,-
26,bmessentials.com,BMEssentials: Bringing Music Festivals to Life - Free Shipping,"1,823,229",Click Here,-
27,lootcaveco.com,"Loot Cave Co - The Best Gifts For Video Game, Cosplay, and Anime Fans! – LootCaveCo","1,843,774",Click Here,CA
28,akihabaraotaku.com,Akihabara Otaku | Anime Cosplay Action Figures Toys | Anime Shop,"1,865,683",Click Here,PA
29,dolluxe.com,"Gothic Lolita Wigs,Anime Wigs,Cosplay Wigs $25 – Dolluxe®","1,872,233",Click Here,US
30,macewen3d.com,MacEwen 3D - MacEwen Tech LLC – MacEwen3D,"1,971,714",Click Here,US
31,gothiclolitawigs.com,"Gothic Lolita Wigs, USA Cosplay-Lolita wig $25","2,064,463",Click Here,US
32,nicosquared.com,Nico ² (Nico Squared),"2,271,451",Click Here,-
33,superanimestore.com,"Super Anime Store! Anime Products,Cosplay,Accesories,Manga and more!","2,274,968",Click Here,-
34,fairypocket.com,Fairy Pocket – FairyPocket Wigs,"2,473,962",Click Here,PA
35,posewigs.com,"Pose Wigs - Lace Front, Everyday Fashion, Costume Wigs, Cosplay Wigs","2,483,531",Click Here,PA
36,heycutsew.com,CUT/SEW Sewing Patterns – CUT/SEW Patternmaking,"2,502,462",Click Here,US
37,theherostudio.com,The Hero Studio,"2,617,951",Click Here,-
38,sagaoftanyamerchandise.com,Saga of Tanya the Evil | Youjo Senki Merchandise & Cosplay – Youjo Senki Merchandise Store,"2,627,774",Click Here,-
39,cosplay-ftw.com,Cosplay-FTW - The Only Anime and Fan Merch Shop You'll Ever Need – CosplayFTW,"2,878,463",Click Here,US
40,sixonclothing.com,Cosplay Fashion & Gamer Merch,"3,016,491",Click Here,FR
41,polyverseforge.com,Polyverse Forge,"3,036,432",Click Here,US
42,musotica.com,Sexy Sheer Lingerie | Sexy Cosplay Halloween Costumes | Musotica.com,"3,342,426",Click Here,-
43,joetoyss.com,Custom and Buy Screen Accurate Iron Man Suits of All Marks – JOETOYS,"3,924,154",Click Here,-
44,buyfiberflies.com,FiberFlies Fiber Optic Light Props,"3,957,813",Click Here,PA
45,oneshot3dprint.com,OneShot 3D Printing,"3,967,798",Click Here,-
46,leftside91.com,Real Shoes Inspired By Anime & Gaming For Casual or Cosplay Wear – ｌｅｆｔｓｉｄｅ91' 左ソク91',"4,286,848",Click Here,PA
47,shopdokidoki.com,dokiedokie,"4,367,675",Click Here,US
48,happicos.com,Specialized on good cosplay costumes with good price&service – Happicos,"4,425,292",Click Here,US
49,sofyee.com,Japanese Anime Cosplay Sexy Kawaii Costume Lingerie Store | Sofyee,"4,793,873",Click Here,-
50,heroesneverdie.online,Heroes Never Die.Online – HeroesNeverDie.online,"5,157,697",Click Here,US
51,cosplayinfinity.com,Cosplay Infinity All You Need For Cosplay Costume Creation,"5,232,173",Click Here,-
52,darkknightfx.com,Dark Knight FX,"5,308,595",Click Here,-
53,cosplaywars.com,Cosplay-Wars Custom Costumes Suits For Your Favorite Hero! – Cosplay Wars,"5,553,778",Click Here,-
54,onlinecosplays.com,Anime Cosplay Costumes Store | Kawaii Harajuku Fashion Shop,"5,597,926",Click Here,-
55,cosiconcos.com,"COSICON: Halloween cosplay, Movie, Game & Anime cosplay","6,110,627",Click Here,CN
56,asianicandy.com,asian icandy,"6,268,899",Click Here,US
57,playthingsmiami.com,Playthings®│Sexy & Erotic Lingerie│Cosplay│Halloween Costumes – PlaythingsMiami,"6,387,700",Click Here,US
58,halloweenpartyonline.com,Halloween Wigs｜Party Wigs｜Costume Wigs,"6,717,268",Click Here,US
59,animerchandise.com,Animerchandise | Anime Merchandise for the Otaku Fandom!,"6,787,652",Click Here,US
60,steampunkfederation.com,Steampunk Sunglasses Clothing & More – Steampunk Federation,"7,180,906",Click Here,-
61,kawaiianpizzaapparel.com,Kawaiian Pizza Apparel,"7,406,680",Click Here,US
62,truenorthcosplay.com,True North Cosplay | Canada's Cosplay Supply Store,"7,599,153",Click Here,-
63,hotpopcultures.com,"Hot Pop Cultures Store, Collectibles: Cosplay & Popular Action Figures","7,859,591",Click Here,US
64,lightupmasks.com,Light Up Masks – LightUpMasks,"8,258,926",Click Here,US
65,eyescosplay.com,eyescosplay.com,"8,385,462",Click Here,PA
66,weebwigs.com,WeebWigs - Wigs Made For You – Weebwigs,"8,543,008",Click Here,PA
67,fxcosplay.com,FXCOSPLAY Home,"8,774,607",Click Here,US
68,dimension-usa.com,Dimension Technology,"8,854,284",Click Here,CA
69,straytoys.com,"straytoys.com – Cosplay, furry, animal roleplay, leather, and more","9,352,967",Click Here,US
70,animechain.com,"Anime Chain - Your One Stop For Anime Cosplay, Jewelry & Accessories – AnimeChain","9,812,665",Click Here,-
71,pennywigs.com,Penny Dreads & Wigs – Penny Dreads & Wigs,"9,843,402",Click Here,US
72,geekandartsy.com,Geek and Artsy,"9,912,957",Click Here,PT
73,punkaddict.com,Punk Goth Rockabilly Death rock Metal Accessories Pinup women clothing – punkaddict.com,"10,353,864",Click Here,-
74,kittensandhoney.com,Kittens and Honey – Kittens & Honey,"11,120,077",Click Here,-
75,pocketoutdoor.com,"Halloween Costumes, Kitchen, Home Improvement – PocketOutdoor","11,339,838",Click Here,US
76,coserz.com,"Coserz - Custom Cosplay Costume, Princess Dress & Cosplay Wig","11,885,782",Click Here,CN
77,sapphireandsage.com,"Renaissance & Medieval Jewelry and Accessories, Honey Butter Leggings – Rhonda L Abbott","12,143,639",Click Here,-
78,x-costume.com,Xcoser Movie Anime Game Cosplay Costume Mask Props– Xcosercostumes,"12,232,196",Click Here,US
79,thefetishacademy.com,"THE FETISH ACADEMY-Fox Tail Butt Plugs, Anal Toys, & More! – TFA","12,272,982",Click Here,-
80,mxcostume.com,Mxcostume - Unique Tailor-made Cosplay Costumes by Excellent Designers,"12,287,200",Click Here,-
81,mymysticgems.com,My Mystic Gems - MaryAnn Kay Designs,"13,780,975",Click Here,US
82,cosplayboss.com,Movie Anime Costume Cosplay and Props – cosplayboss,"13,873,224",Click Here,-
83,reminisceshoppe.com,Reminisce – ReminisceShoppe,"13,936,775",Click Here,-
84,wendydrolma.com,Wendy Drolma Masks - Unique Sexy Handcrafted Leather Masquerade Masks,"14,414,043",Click Here,US
85,animepond.com,"Anime Store - merchandise, t-shirts and cosplay! – AnimePond","15,118,723",Click Here,US
86,justincostume.com,JustinCostume: Bodysuit Costumes Online Store,"15,406,555",Click Here,CN
87,saberage.net,Your One Stop Source of Elite-Grade Custom Sabers – SaberAge,"15,676,517",Click Here,US
88,marshallsarsenal.com,Marshall's Arsenal,"16,115,236",Click Here,US
89,wanderlusthearts.com,Handcrafted boho jewelry + hair accessories | Wanderlust Hearts,"16,402,649",Click Here,US
90,dahgo.com,"dahgo.com Necklaces, Bracelets, rings, keyrings, Cufflinks, customized – DDavid'SHOP","16,755,723",Click Here,CN
91,gofunface.com,Welcome to Go Fun Face,"16,768,422",Click Here,US
92,cosplaygoodies.com,Cosplay Goodies,"16,933,251",Click Here,US
93,vivalagaming.com,"Gaming Accessories store - Playing Cards, PS4, Xbox VIVA LA GAMING!!!! – Viva La Gaming","17,147,367",Click Here,-
94,cosplay-pyjamas.com,Cosplay Pyjamas– cosplay-pyjamas,-,Click Here,-
95,say-cosplay.com,"SayCosplay! - US based Cosplay Costumes, Wigs, Swimsuits & more!",-,Click Here,CA
96,cosgogo.com,"Halloween cosplay costumes, Anime cosplay, Movie Cosplay, Game Cosplay – Cosgogo",-,Click Here,-
97,dayzerocosplay.com,Day Zero // Casual Cosplay Apparel – Day Zero Cosplay Apparel,-,Click Here,-
98,becosplayer.com,High Quality Adult Cosplay Suit,-,Click Here,-
99,customcosplayer.com,"Custom Cosplayer | Cosplay | Costumes, Lingerie, Special FX Supplies",-,Click Here,US
100,bcosplay.com,Bcosplay - Cosplay Costume Discount Online Store – Bcosplay store,-,Click Here,CN
101,squishkawaii.com,Goblin Slayer Cosplay Apparel - Anime Infinite,-,Click Here,-
102,coskings.com,Coskings | Anime Clothing and Cosplay,-,Click Here,US
103,mycosplayhero.com,My Cosplay Hero - Your #1 Cosplay Shop,-,Click Here,-
104,xcoser.de,"Cosplay Online Shop für Kostüme, Maske, Helme, Perücken, Requisiten– Xcoser",-,Click Here,-
105,x-costumes.com,"X-costumes, complete your cosplay dream – X-costumes, best cosplay costume, mask and props",-,Click Here,-
106,thingamabobs.co.za,Costumes and Cosplay by Thingamabobs– THINGAMABOBS ONLINE,-,Click Here,-
107,truenorthcosplay.ca,True North Cosplay | Canada's Cosplay Supply Store,-,Click Here,-
108,13thtitan.com,Morale Tactical Cosplay Biker movie replica patches – Titan One,-,Click Here,US
109,dogzprinted.com,"AthletikaGirl - Athletic Cosplay Costumes, Yoga Leggings, Activewear",-,Click Here,CA
110,derangeddesigns.com,"Deranged Designs Clothing: Goth, Punk, Cosplay in Regular / Plus Size",-,Click Here,-
111,seagypsycouture.com,Seagypsy Couture - Costume Design | Rave Bras | Mermaid Bras | Cosplay,-,Click Here,US
112,bludgendarypirates.com,Home made cosplay and steampunk gear – Bludgendary Pirates of the Great Lakes,-,Click Here,-
113,hobbyzone.co.nz,Hobby Zone | New Zealand Cosplay Store: Swords & Collectables,-,Click Here,-
114,gothic-rose.com.au,Gothic Rose - Timeless Cosplay,-,Click Here,-
115,extrememakeupfx.com,"Face Paints, Airbrush Paint FX Makeup for Cosplay, Haunts & Halloween– Loretta Kava",-,Click Here,US
116,chocopeach.com,Realistic Cosplay/Costume & Fashion High-Quality Wigs | ChocoPeach USA,-,Click Here,US
117,cosplayshoppe.com,Cosplay Shoppe – CosplayShoppe,-,Click Here,-
118,costumeplayershop.com,Buy the best cosplay online– Costume Player L.A.,-,Click Here,-
119,cosplaycart.fr,Acheter Cosplay Costumes De Haute Qualité – Cosplaycart.fr,-,Click Here,-
120,cosplayguru.net,cosplayguru - the best cosplay stuff ever,-,Click Here,CN
121,princesswig.com,Halloween Cosplay Handtied Synthetic Lace Front Wigs – princesswig,-,Click Here,US
122,cosplay.shopping,Cosplay.Shopping,-,Click Here,-
123,cosplayfabricsinternational.com,CosplayFabricsInternational.com | Special fabrics for cosplay designs,-,Click Here,US
124,cossky.co.uk,"Cossky UK - Buy Movie Costumes,Cosplay Costumes, & Halloween Costume",-,Click Here,-
125,cossky.com,"NewCosplaySky- Buy Movie Costumes,Cosplay Costumes & Halloween Costume – New Cosplaysky",-,Click Here,CN
126,steampunksnuggery.com,Steampunk Snuggery - Steampunk and cosplay accessories – Steampunksnuggery,-,Click Here,US
127,valugears.com,The Cheapest Movie Cosplay Costumes Free Shipping - ValuGears.com — valugears,-,Click Here,-
128,zentaiheros.com,"3D Print Cosplay, Spiderman Clothing – zentaiheros",-,Click Here,-
129,otakuteam.net,AIO Cosplay,-,Click Here,-
130,newcossky.com,"CosplaySky - Buy Movie Costumes,Cosplay Costumes, & Halloween Costume",-,Click Here,-
131,dkcosplay.com,DK COSPLAY – DK Cosplay,-,Click Here,US
132,happycosplay.com,"HappyCosplay - Buy Anime Costumes, Movie&TV Costumes, Game Costumes – HAPPYCOSPLAY",-,Click Here,-
133,geekesque.co.uk,Geekesque - Fashion for Fan Girls,-,Click Here,-
134,cosplayjet.com,Cosplayjet – cosplayjet,-,Click Here,US
135,costumerebel.com,Costume Rebel | Fast Shipping and High Quality Halloween Costumes,-,Click Here,-
136,stageandbeauty.com,LEONE GROUP STAGE AND BEAUTY THEATRICAL MAKE UP – Stage and Beauty,-,Click Here,US
137,fauxfurboutique.com,Faux Fur Boutique,-,Click Here,US
138,imacraftaholic.com,Heroes & Villains Showcase | Pop Culture and Crafts With A Difference!,-,Click Here,-
139,daycastleshop.com,DayCastle Fortnite Shop For Merch&Gadgets,-,Click Here,-
140,fenris.world,Fenris Jewelry - Mens Womens Handmade Viking Celtic Rock,-,Click Here,-
141,faeriemetal.com,Faerie Metal Photography – Faerie Metal Photography [FMP],-,Click Here,US
142,lingeriecats.com,"Sexy Asian Lingerie, Japanese Lingerie, Costume Free shipping!",-,Click Here,-
143,daisyspatternparlour.com,Daisy's Pattern Parlour,-,Click Here,-
144,fancyhalloween.com,viele Cosplay Kostüme für Erwarchsene und Kinder – viele Kostüme,-,Click Here,US
145,dancehabitdesigns.com,Dance Habit Designs,-,Click Here,-
146,identitycostuming.com.au,Identity Costuming,-,Click Here,-
147,folorsfantasy.com,Folors Fantasy Handmade Leather Masks & Fantasy Creature Puppets,-,Click Here,-
148,amourlingerie.sg,Amour Lingerie (Amour by Lingerie Cosplay SG) – AMOUR Lingerie (Amour by LCS),-,Click Here,-
149,beautifulbullets.com,My Mystic Gems - MaryAnn Kay Designs,-,Click Here,US
150,fortunecosplay.com,Fortune Cosplay – fortunecosplay,-,Click Here,US
151,foamarmorclub.com,Foam Armor Club,-,Click Here,-
152,foamwigfun.com,Foam Wig Fun– Foamwigfun,-,Click Here,-
153,anivolution.com,Anivolution Lenses,-,Click Here,AU
154,animeninpo.com,Anime Ninpo– Anime Ninpo,-,Click Here,-
155,animegiftstore.co,Anime Gift Store The best anime merchandise for all fans of anime,-,Click Here,UK
156,animeryo.com,"Anime Clothing T-Shirts, Hoodies and Accessories | AnimeRyo",-,Click Here,UK
157,designs-by-phoenix.co.uk,"Handmade knitwear, alternative clothing, & tactile childrens wear – Designed by Phoenix",-,Click Here,-
158,allstarpainters.com,SYNDROME - Cute Kawaii Harajuku Street Fashion Store,-,Click Here,US
159,all-the-best.shop,All the best,-,Click Here,-
160,alicegardens.com,AliceGardens-Professional for wigs used as sweet cute lolita girls – alicegardens,-,Click Here,-
161,itsanimazing.com,"Animazing™ | The Brand with Style, Accessories and Character – ANIMAZINGᵀᴹ",-,Click Here,US
162,jukustore.com,Juku Store - Best Japanese Fashion & Kawaii Clothing Shop 2019,-,Click Here,PA
163,gacloz.net,GACLOZ,-,Click Here,CN
164,gabrielglam.com,Gabriel Glam– GabrielGlam,-,Click Here,PA
165,bijuubrigade.com,Bijuu Brigade,-,Click Here,-
166,gamaniro.com,"Gamaniro - Anime Figure, Game Figure, ACG Related, ACG Figure Reviews",-,Click Here,-
167,blankpackage.com,BlankPackage.Com USA! Discreet billing with Discreet & FREE shipping – BlankPackage.com,-,Click Here,US
168,hallowitchcostumes.com,Hallowitch Costumes-Onesies and Cosplay Costumes,-,Click Here,US
169,doornumber9.com,Welcome to Door Number 9 - Where imagination meets creation! — DoorNumber9,-,Click Here,-
170,freemanlingerie.com,freeman lingerie,-,Click Here,-
171,furry-bestfriends.com,Furry-Bestfriends,-,Click Here,-
172,edaica.com,Edaica - Difficile da Trovare,-,Click Here,-
173,bootsbybohemond.net,"Medieval, Renaissance, & Viking Shoes and Boots | Boots By Bohemond",-,Click Here,-
174,bootykiss.com,BootyKiss ~ Elegant & Seductive Playwear,-,Click Here,US
175,goblinsmith.com,"Armor, Gear and Accessories for LARP",-,Click Here,US
176,gnosisstudios.net,"Gnosis Studios - Home of UK based larp weapons, Armour manufacturers",-,Click Here,-
177,secretidentitywigs.com,Secret Identity Wigs,-,Click Here,-
178,heroesandvillainsshowcase.com,Heroes & Villains Showcase | Pop Culture and Crafts With A Difference!,-,Click Here,-
179,harlequinhats.com,Harlequin Hats Store,-,Click Here,US
180,geekcharming.ca,Geek Charming Apparel,-,Click Here,-
181,aukamicreations.com,Aukami Creations,-,Click Here,-
182,geekshop31.com,"Geekshop31.com - Produits dérivés de Films, Séries, Jeux vidéo...GEEK – GeekShop31.com",-,Click Here,-
183,earlybrightmelange.com,"Wedding, Anniversary, Steampunk, Customized Gift, Goggles,Love Lock – Early Bright Melange",-,Click Here,US
184,shopbleedingartindustries.com,Bleeding Art Industries Online Store,-,Click Here,US
185,hobbymaniaz.com.au,Real Swords For Sale Australia | Cosplay Swords | Hobby Maniaz,-,Click Here,-
186,setapak.net,SYNDROME - Cute Kawaii Harajuku Street Fashion Store,-,Click Here,-
187,goldbymistydawn.com,G❤️LD by Misty Dawn – Gold-by-Misty-Dawn,-,Click Here,CA
188,sewcology.co.nz,sewcology – Sewcology,-,Click Here,-
189,shopstudio139.com,Shopstudio139.com brings customers the best human and synthetic wigs,-,Click Here,-
190,shapeshifterz.com,"Costumes for Weightlifting, Halloween & Cosplay - ShapeShifterZ",-,Click Here,US
191,sheerfetish.com,"Welcome! Elegant Undergarments, Luxury Lingerie, and Fetish Wear!– Sheer Fetish",-,Click Here,-
192,paddywhack.co.nz,Paddywhack Fantasy Armoury,-,Click Here,-
193,partytask.com,"Partytask|Designer boutique for handmade costumes,dresses and footwear – Partytask Boutique",-,Click Here,BG
194,pastelsdream.com,Pastels Dream Lingerie Store,-,Click Here,-
195,pleasuresexylingerie.com,Pleasuresexy Lingerie: Online Hot Lingerie Store,-,Click Here,US
196,maskrekie.com,Maskrekie,-,Click Here,US
197,podiatryst-shoe-salon.com,PODIATRYST SHOE SALON,-,Click Here,-
198,phantafauna.com,Phantafauna,-,Click Here,-
199,chickikomo.com,Style for the Otaku at Heart: Kawaii Clothing & Japanese Fashion – Chicki Komo,-,Click Here,CA
200,simplefandom.com,Simple Fandom,-,Click Here,US
201,pirateplush.com,Pirate Plush Store,-,Click Here,HK
202,maryannkaydesigns.com,My Mystic Gems - MaryAnn Kay Designs,-,Click Here,US
203,lingeriehut.co.uk,Naughty or Nice? we got you covered ... at least for NOW! – Lingerie Hut.,-,Click Here,-
204,skimprops.com,"Skim Props - Fallout76, Cosplay, and Fallout props for sale– Skimprops",-,Click Here,US
205,costumessociety.com,Costumes Society - High Quality Costumes and Cosplay Attire,-,Click Here,-
206,stageandscreenfx.com,Stage and Screen FX,-,Click Here,PA
207,pubgmerch.com,PUBG Merchandise | T-Shirts | Keychains | Collectibles,-,Click Here,US
208,creativetsurera.com,Creative Tsurera,-,Click Here,-
209,lollymomo.com,Japanese Kawaii Harajuku Fashion Online Store – LollyMomo,-,Click Here,US
210,melonhopper.com,KINGDOM OF ALL THINGS CUTE | PRINCESS CASUAL | MELONHOPPER CLOTHING,-,Click Here,US
211,meteormerch.com,Meteor - A Merchandise Store,-,Click Here,UK
212,cosplay-costumes.com,Fansholiday,-,Click Here,US
213,cosplayandaccessories.com,Official Online Store | Cosplay And Accessories,-,Click Here,US
214,cosplayerswithconfidence.com,Court With Confidence– Court Carmody,-,Click Here,-
215,cosplaysunglasses.com,Cosplay Sunglasses,-,Click Here,-
216,coserhome.com,Cosplay Home - Enjoy Halloween Day! – CoserHome,-,Click Here,-
217,luanaslanding.com,"Luana Landings....where you can find beautiful, fun, and useful things – Luana Landings LLC",-,Click Here,CA
218,mercenaryoutpost.com,Mercenary Outpost,-,Click Here,US
219,kawaiisweet.com,Kawaii Sweet – Kawaiisweet.com,-,Click Here,US
220,superheroreplicas.com,Superhero Prop Replicas – Superhero Replicas,-,Click Here,CA
221,steampunkstyle.shop,Your source for Steampunk style fashion and fun – SteampunkStyle,-,Click Here,PA
222,steampunkwerewolf.shop,Steampunk Werewolf Apparel,-,Click Here,-
223,steamwolf.com,SteamWolf Symphony,-,Click Here,US
224,rainbowgaze.com,Coloured Prescription Contact Lenses Halloween Lenses Rainbowgaze.com,-,Click Here,-
225,strandedclothingcompany.com,STRANDED CLOTHING COMPANY,-,Click Here,-
226,cutsew.co,CUT/SEW Sewing Patterns – CUT/SEW Patternmaking,-,Click Here,-
227,cyncraft.com,CynCraft : A Curious Crossroads,-,Click Here,US
228,myfurrybestie.com,Furry-Bestfriends,-,Click Here,-
229,wondawigs.com,Wonda Wigs,-,Click Here,GB
230,woodlandtrends.com,"Come all ye fantasy enthusiasts, the gate to the Elven kingdom awaits – Woodland Trends",-,Click Here,-
231,vexclothing.net,Latex Rubber Fetish Clothing For Men and Women by Vex Clothing – Vex Inc. | Latex Clothing,-,Click Here,US
232,kuchic.com,"Shopping Fashion Chic Clothes Online, Discover The Latest Trends – KuChic",-,Click Here,-
233,wigoutshop.com,WIG OUT! The Ultimate Hair Wigs and Extensions Website,-,Click Here,-
234,rjprops.com,RJ Props – RJ props,-,Click Here,-
235,mouseonmainstreet.com,"Magic Band Bows, Hair Bows, Planner Clip Bows, Enamel Pins, Magicband – Mouse on Main Street",-,Click Here,-
236,wibblywobblytimeywimey.com,Your One-Stop Doctor Who Shop | Doctor Who Merchandise,-,Click Here,-
237,wickydeez.com,The hottest & best range of items you'll find here all year around – WickyDeez,-,Click Here,-
238,wickedlollipop.com,"Wicked Lollipop | Kawaii Pop Culture, Lifestyle, Fashion and Beauty",-,Click Here,-
239,mudmajesty.com,"Mud And Majesty 3D Printed,Ultra light,headband horns and headdresses!",-,Click Here,-
240,otakusenseidojo.com,Otaku Sensei Dojo,-,Click Here,-
241,orenflorist.com,SYNDROME - Cute Kawaii Harajuku Street Fashion Store,-,Click Here,-
242,voodoographx.com,Voodoo Graphx,-,Click Here,-
243,youvimicos.com,"Cosplay Costumes popular Japanese anime, manga and video games store",-,Click Here,-
244,thibra.us,Thibra,-,Click Here,-
245,tokyocomet.com,Tokyo Comet: The *FRESH* Anime and Manga Superstore!,-,Click Here,-
246,thecorncoast.com,Corn Coast and all things Geek!,-,Click Here,-
247,thegoldenlasso.net,The Golden Lasso,-,Click Here,-
248,thecostumecity.com,The Costume City - America's Favorite Online Costume Store,-,Click Here,-
249,thewhatknots.com,The What Knots,-,Click Here,-
250,twofairiesandadwarf.com,"Handmade Leather Goods, LARP and Cosplay Accessories and Dice – Two Fairies and A Dwarf",-,Click Here,-
251,tonydora.com,Novelty Hoodie to Express - Online Style Clothing Sweatshirt T Shirt – TONYDORA,-,Click Here,-
252,traywickdesigns.com,Traywick Designs– TraywickDesigns,-,Click Here,-
253,terroreyez.com,TerrorEyez - distribution of cosmetic contact lenses,-,Click Here,-
254,tamed.com.au,"Wholesale Wigs, Hair and Makeup Equipment",-,Click Here,-
255,theheroscape.com,The Hero's Cape,-,Click Here,-
256,yuanyistyle.net,Fashion Fancy Dress Up and other Fashion Funny Party items – YUANYI STYLE,-,Click Here,-
1,arda-wigs.com,"Cosplay, Anime, Costume & Fashion Wigs Supplier | Arda Wigs USA","122,161",Click Here,CA
2,uniqso.com,Colored Contact Lenses | Cosplay | Wigs | Makeup – UNIQSO,"159,047",Click Here,US
3,camerareadycosmetics.com,Camera Ready Cosmetics | Professional Makeup Supplies Online,"174,796",Click Here,US
4,syndromestore.com,SYNDROME - Cute Kawaii Harajuku Street Fashion Store,"229,372",Click Here,US
5,spreepicky.com,Kawaii Clothes J-fashion Harajuku Cute Fashion Clothing Online Store– SpreePicky,"248,827",Click Here,US
6,kawaiination.com,Kawaii Nation: Kawaii Clothes J-fashion Harajuku Cute Fashion Clothing,"303,487",Click Here,US
7,uwowocosplay.com,UWOWO Cosplay - High Quality Cosplay Costume From Anime & Game Online – UWOWOCosplay,"328,045",Click Here,US
8,orchardcorset.com,Corsets for Curves & Waist Training - Orchard Corset,"352,648",Click Here,US
9,cosplaybuzz.com,"Buy Cosplay Wigs, Costumes, Shoes and Boots for Cosplayers","428,409",Click Here,US
10,modakawa.com,"New Kawaii Fashion in Cute Clothes, Kawaii Hoodies, Wigs","559,653",Click Here,HK
11,ardawigscanada.ca,"Arda Wigs Canada - Supplier of wigs for cosplay, fashion and drag!!","709,713",Click Here,CA
12,highcalibercosplay.com.au,Australian Shop for legal 1/1 scale TOY guns and accessories – High Caliber Cosplay,"813,035",Click Here,-
13,rockstarwigs.com,Rockstar Wigs ® Cosplay Wigs USA $25,"858,990",Click Here,US
14,aioprintz.net,AIO Cosplay,"869,032",Click Here,-
15,luminsworkshop.com,Lumin's Workshop,"1,002,189",Click Here,RU
16,thekigustop.com,The Kigu Stop,"1,003,962",Click Here,-
17,vexclothing.com,Latex Rubber Fetish Clothing For Men and Women by Vex Clothing – Vex Inc. | Latex Clothing,"1,098,544",Click Here,US
18,hairsoflyshop.com,Lace Front Wigs | Crochet Braids | Human Hair Wigs – HAIRSOFLY SHOP,"1,123,918",Click Here,US
19,abbyshot.com,AbbyShot | Where Heroes Shop | Cosplay Apparel & Accessories,"1,158,675",Click Here,CA
20,cosrea.com,"Cosrea: Professional Cosplay Costumes, Disney Dress With Free Shipping– Cosrea Cosplay","1,255,437",Click Here,CA
21,boomoutlet.com,BoomOutlet | Affordable Women & Men Fashion | Online Clothing Outlet,"1,372,711",Click Here,US
22,aestheticcosplay.com,Aesthetic Cosplay,"1,380,981",Click Here,CA
23,lemonbrat.com,lemonbrat costumes,"1,448,909",Click Here,US
24,konohastuff.com,Best Anime & Manga Merchandise Online Store | Streetwear Clothing — Konoha Stuff,"1,520,832",Click Here,US
25,auscosplay.com,"Online Cosplay Costumes for Sale Ship to Australia, USA, UK, Europe – Auscosplay","1,607,705",Click Here,-
26,bmessentials.com,BMEssentials: Bringing Music Festivals to Life - Free Shipping,"1,823,229",Click Here,-
27,lootcaveco.com,"Loot Cave Co - The Best Gifts For Video Game, Cosplay, and Anime Fans! – LootCaveCo","1,843,774",Click Here,CA
28,akihabaraotaku.com,Akihabara Otaku | Anime Cosplay Action Figures Toys | Anime Shop,"1,865,683",Click Here,PA
29,dolluxe.com,"Gothic Lolita Wigs,Anime Wigs,Cosplay Wigs $25 – Dolluxe®","1,872,233",Click Here,US
30,macewen3d.com,MacEwen 3D - MacEwen Tech LLC – MacEwen3D,"1,971,714",Click Here,US
31,gothiclolitawigs.com,"Gothic Lolita Wigs, USA Cosplay-Lolita wig $25","2,064,463",Click Here,US
32,nicosquared.com,Nico ² (Nico Squared),"2,271,451",Click Here,-
33,superanimestore.com,"Super Anime Store! Anime Products,Cosplay,Accesories,Manga and more!","2,274,968",Click Here,-
34,fairypocket.com,Fairy Pocket – FairyPocket Wigs,"2,473,962",Click Here,PA
35,posewigs.com,"Pose Wigs - Lace Front, Everyday Fashion, Costume Wigs, Cosplay Wigs","2,483,531",Click Here,PA
36,heycutsew.com,CUT/SEW Sewing Patterns – CUT/SEW Patternmaking,"2,502,462",Click Here,US
37,theherostudio.com,The Hero Studio,"2,617,951",Click Here,-
38,sagaoftanyamerchandise.com,Saga of Tanya the Evil | Youjo Senki Merchandise & Cosplay – Youjo Senki Merchandise Store,"2,627,774",Click Here,-
39,cosplay-ftw.com,Cosplay-FTW - The Only Anime and Fan Merch Shop You'll Ever Need – CosplayFTW,"2,878,463",Click Here,US
40,sixonclothing.com,Cosplay Fashion & Gamer Merch,"3,016,491",Click Here,FR
41,polyverseforge.com,Polyverse Forge,"3,036,432",Click Here,US
42,musotica.com,Sexy Sheer Lingerie | Sexy Cosplay Halloween Costumes | Musotica.com,"3,342,426",Click Here,-
43,joetoyss.com,Custom and Buy Screen Accurate Iron Man Suits of All Marks – JOETOYS,"3,924,154",Click Here,-
44,buyfiberflies.com,FiberFlies Fiber Optic Light Props,"3,957,813",Click Here,PA
45,oneshot3dprint.com,OneShot 3D Printing,"3,967,798",Click Here,-
46,leftside91.com,Real Shoes Inspired By Anime & Gaming For Casual or Cosplay Wear – ｌｅｆｔｓｉｄｅ91' 左ソク91',"4,286,848",Click Here,PA
47,shopdokidoki.com,dokiedokie,"4,367,675",Click Here,US
48,happicos.com,Specialized on good cosplay costumes with good price&service – Happicos,"4,425,292",Click Here,US
49,sofyee.com,Japanese Anime Cosplay Sexy Kawaii Costume Lingerie Store | Sofyee,"4,793,873",Click Here,-
50,heroesneverdie.online,Heroes Never Die.Online – HeroesNeverDie.online,"5,157,697",Click Here,US
51,cosplayinfinity.com,Cosplay Infinity All You Need For Cosplay Costume Creation,"5,232,173",Click Here,-
52,darkknightfx.com,Dark Knight FX,"5,308,595",Click Here,-
53,cosplaywars.com,Cosplay-Wars Custom Costumes Suits For Your Favorite Hero! – Cosplay Wars,"5,553,778",Click Here,-
54,onlinecosplays.com,Anime Cosplay Costumes Store | Kawaii Harajuku Fashion Shop,"5,597,926",Click Here,-
55,cosiconcos.com,"COSICON: Halloween cosplay, Movie, Game & Anime cosplay","6,110,627",Click Here,CN
56,asianicandy.com,asian icandy,"6,268,899",Click Here,US
57,playthingsmiami.com,Playthings®│Sexy & Erotic Lingerie│Cosplay│Halloween Costumes – PlaythingsMiami,"6,387,700",Click Here,US
58,halloweenpartyonline.com,Halloween Wigs｜Party Wigs｜Costume Wigs,"6,717,268",Click Here,US
59,animerchandise.com,Animerchandise | Anime Merchandise for the Otaku Fandom!,"6,787,652",Click Here,US
60,steampunkfederation.com,Steampunk Sunglasses Clothing & More – Steampunk Federation,"7,180,906",Click Here,-
61,kawaiianpizzaapparel.com,Kawaiian Pizza Apparel,"7,406,680",Click Here,US
62,truenorthcosplay.com,True North Cosplay | Canada's Cosplay Supply Store,"7,599,153",Click Here,-
63,hotpopcultures.com,"Hot Pop Cultures Store, Collectibles: Cosplay & Popular Action Figures","7,859,591",Click Here,US
64,lightupmasks.com,Light Up Masks – LightUpMasks,"8,258,926",Click Here,US
65,eyescosplay.com,eyescosplay.com,"8,385,462",Click Here,PA
66,weebwigs.com,WeebWigs - Wigs Made For You – Weebwigs,"8,543,008",Click Here,PA
67,fxcosplay.com,FXCOSPLAY Home,"8,774,607",Click Here,US
68,dimension-usa.com,Dimension Technology,"8,854,284",Click Here,CA
69,straytoys.com,"straytoys.com – Cosplay, furry, animal roleplay, leather, and more","9,352,967",Click Here,US
70,animechain.com,"Anime Chain - Your One Stop For Anime Cosplay, Jewelry & Accessories – AnimeChain","9,812,665",Click Here,-
71,pennywigs.com,Penny Dreads & Wigs – Penny Dreads & Wigs,"9,843,402",Click Here,US
72,geekandartsy.com,Geek and Artsy,"9,912,957",Click Here,PT
73,punkaddict.com,Punk Goth Rockabilly Death rock Metal Accessories Pinup women clothing – punkaddict.com,"10,353,864",Click Here,-
74,kittensandhoney.com,Kittens and Honey – Kittens & Honey,"11,120,077",Click Here,-
75,pocketoutdoor.com,"Halloween Costumes, Kitchen, Home Improvement – PocketOutdoor","11,339,838",Click Here,US
76,coserz.com,"Coserz - Custom Cosplay Costume, Princess Dress & Cosplay Wig","11,885,782",Click Here,CN
77,sapphireandsage.com,"Renaissance & Medieval Jewelry and Accessories, Honey Butter Leggings – Rhonda L Abbott","12,143,639",Click Here,-
78,x-costume.com,Xcoser Movie Anime Game Cosplay Costume Mask Props– Xcosercostumes,"12,232,196",Click Here,US
79,thefetishacademy.com,"THE FETISH ACADEMY-Fox Tail Butt Plugs, Anal Toys, & More! – TFA","12,272,982",Click Here,-
80,mxcostume.com,Mxcostume - Unique Tailor-made Cosplay Costumes by Excellent Designers,"12,287,200",Click Here,-
81,mymysticgems.com,My Mystic Gems - MaryAnn Kay Designs,"13,780,975",Click Here,US
82,cosplayboss.com,Movie Anime Costume Cosplay and Props – cosplayboss,"13,873,224",Click Here,-
83,reminisceshoppe.com,Reminisce – ReminisceShoppe,"13,936,775",Click Here,-
84,wendydrolma.com,Wendy Drolma Masks - Unique Sexy Handcrafted Leather Masquerade Masks,"14,414,043",Click Here,US
85,animepond.com,"Anime Store - merchandise, t-shirts and cosplay! – AnimePond","15,118,723",Click Here,US
86,justincostume.com,JustinCostume: Bodysuit Costumes Online Store,"15,406,555",Click Here,CN
87,saberage.net,Your One Stop Source of Elite-Grade Custom Sabers – SaberAge,"15,676,517",Click Here,US
88,marshallsarsenal.com,Marshall's Arsenal,"16,115,236",Click Here,US
89,wanderlusthearts.com,Handcrafted boho jewelry + hair accessories | Wanderlust Hearts,"16,402,649",Click Here,US
90,dahgo.com,"dahgo.com Necklaces, Bracelets, rings, keyrings, Cufflinks, customized – DDavid'SHOP","16,755,723",Click Here,CN
91,gofunface.com,Welcome to Go Fun Face,"16,768,422",Click Here,US
92,cosplaygoodies.com,Cosplay Goodies,"16,933,251",Click Here,US
93,vivalagaming.com,"Gaming Accessories store - Playing Cards, PS4, Xbox VIVA LA GAMING!!!! – Viva La Gaming","17,147,367",Click Here,-
94,cosplay-pyjamas.com,Cosplay Pyjamas– cosplay-pyjamas,-,Click Here,-
95,say-cosplay.com,"SayCosplay! - US based Cosplay Costumes, Wigs, Swimsuits & more!",-,Click Here,CA
96,cosgogo.com,"Halloween cosplay costumes, Anime cosplay, Movie Cosplay, Game Cosplay – Cosgogo",-,Click Here,-
97,dayzerocosplay.com,Day Zero // Casual Cosplay Apparel – Day Zero Cosplay Apparel,-,Click Here,-
98,becosplayer.com,High Quality Adult Cosplay Suit,-,Click Here,-
99,customcosplayer.com,"Custom Cosplayer | Cosplay | Costumes, Lingerie, Special FX Supplies",-,Click Here,US
100,bcosplay.com,Bcosplay - Cosplay Costume Discount Online Store – Bcosplay store,-,Click Here,CN
101,squishkawaii.com,Goblin Slayer Cosplay Apparel - Anime Infinite,-,Click Here,-
102,coskings.com,Coskings | Anime Clothing and Cosplay,-,Click Here,US
103,mycosplayhero.com,My Cosplay Hero - Your #1 Cosplay Shop,-,Click Here,-
104,xcoser.de,"Cosplay Online Shop für Kostüme, Maske, Helme, Perücken, Requisiten– Xcoser",-,Click Here,-
105,x-costumes.com,"X-costumes, complete your cosplay dream – X-costumes, best cosplay costume, mask and props",-,Click Here,-
106,thingamabobs.co.za,Costumes and Cosplay by Thingamabobs– THINGAMABOBS ONLINE,-,Click Here,-
107,truenorthcosplay.ca,True North Cosplay | Canada's Cosplay Supply Store,-,Click Here,-
108,13thtitan.com,Morale Tactical Cosplay Biker movie replica patches – Titan One,-,Click Here,US
109,dogzprinted.com,"AthletikaGirl - Athletic Cosplay Costumes, Yoga Leggings, Activewear",-,Click Here,CA
110,derangeddesigns.com,"Deranged Designs Clothing: Goth, Punk, Cosplay in Regular / Plus Size",-,Click Here,-
111,seagypsycouture.com,Seagypsy Couture - Costume Design | Rave Bras | Mermaid Bras | Cosplay,-,Click Here,US
112,bludgendarypirates.com,Home made cosplay and steampunk gear – Bludgendary Pirates of the Great Lakes,-,Click Here,-
113,hobbyzone.co.nz,Hobby Zone | New Zealand Cosplay Store: Swords & Collectables,-,Click Here,-
114,gothic-rose.com.au,Gothic Rose - Timeless Cosplay,-,Click Here,-
115,extrememakeupfx.com,"Face Paints, Airbrush Paint FX Makeup for Cosplay, Haunts & Halloween– Loretta Kava",-,Click Here,US
116,chocopeach.com,Realistic Cosplay/Costume & Fashion High-Quality Wigs | ChocoPeach USA,-,Click Here,US
117,cosplayshoppe.com,Cosplay Shoppe – CosplayShoppe,-,Click Here,-
118,costumeplayershop.com,Buy the best cosplay online– Costume Player L.A.,-,Click Here,-
119,cosplaycart.fr,Acheter Cosplay Costumes De Haute Qualité – Cosplaycart.fr,-,Click Here,-
120,cosplayguru.net,cosplayguru - the best cosplay stuff ever,-,Click Here,CN
121,princesswig.com,Halloween Cosplay Handtied Synthetic Lace Front Wigs – princesswig,-,Click Here,US
122,cosplay.shopping,Cosplay.Shopping,-,Click Here,-
123,cosplayfabricsinternational.com,CosplayFabricsInternational.com | Special fabrics for cosplay designs,-,Click Here,US
124,cossky.co.uk,"Cossky UK - Buy Movie Costumes,Cosplay Costumes, & Halloween Costume",-,Click Here,-
125,cossky.com,"NewCosplaySky- Buy Movie Costumes,Cosplay Costumes & Halloween Costume – New Cosplaysky",-,Click Here,CN
126,steampunksnuggery.com,Steampunk Snuggery - Steampunk and cosplay accessories – Steampunksnuggery,-,Click Here,US
127,valugears.com,The Cheapest Movie Cosplay Costumes Free Shipping - ValuGears.com — valugears,-,Click Here,-
128,zentaiheros.com,"3D Print Cosplay, Spiderman Clothing – zentaiheros",-,Click Here,-
129,otakuteam.net,AIO Cosplay,-,Click Here,-
130,newcossky.com,"CosplaySky - Buy Movie Costumes,Cosplay Costumes, & Halloween Costume",-,Click Here,-
131,dkcosplay.com,DK COSPLAY – DK Cosplay,-,Click Here,US
132,happycosplay.com,"HappyCosplay - Buy Anime Costumes, Movie&TV Costumes, Game Costumes – HAPPYCOSPLAY",-,Click Here,-
133,geekesque.co.uk,Geekesque - Fashion for Fan Girls,-,Click Here,-
134,cosplayjet.com,Cosplayjet – cosplayjet,-,Click Here,US
135,costumerebel.com,Costume Rebel | Fast Shipping and High Quality Halloween Costumes,-,Click Here,-
136,stageandbeauty.com,LEONE GROUP STAGE AND BEAUTY THEATRICAL MAKE UP – Stage and Beauty,-,Click Here,US
137,fauxfurboutique.com,Faux Fur Boutique,-,Click Here,US
138,imacraftaholic.com,Heroes & Villains Showcase | Pop Culture and Crafts With A Difference!,-,Click Here,-
139,daycastleshop.com,DayCastle Fortnite Shop For Merch&Gadgets,-,Click Here,-
140,fenris.world,Fenris Jewelry - Mens Womens Handmade Viking Celtic Rock,-,Click Here,-
141,faeriemetal.com,Faerie Metal Photography – Faerie Metal Photography [FMP],-,Click Here,US
142,lingeriecats.com,"Sexy Asian Lingerie, Japanese Lingerie, Costume Free shipping!",-,Click Here,-
143,daisyspatternparlour.com,Daisy's Pattern Parlour,-,Click Here,-
144,fancyhalloween.com,viele Cosplay Kostüme für Erwarchsene und Kinder – viele Kostüme,-,Click Here,US
145,dancehabitdesigns.com,Dance Habit Designs,-,Click Here,-
146,identitycostuming.com.au,Identity Costuming,-,Click Here,-
147,folorsfantasy.com,Folors Fantasy Handmade Leather Masks & Fantasy Creature Puppets,-,Click Here,-
148,amourlingerie.sg,Amour Lingerie (Amour by Lingerie Cosplay SG) – AMOUR Lingerie (Amour by LCS),-,Click Here,-
149,beautifulbullets.com,My Mystic Gems - MaryAnn Kay Designs,-,Click Here,US
150,fortunecosplay.com,Fortune Cosplay – fortunecosplay,-,Click Here,US
151,foamarmorclub.com,Foam Armor Club,-,Click Here,-
152,foamwigfun.com,Foam Wig Fun– Foamwigfun,-,Click Here,-
153,anivolution.com,Anivolution Lenses,-,Click Here,AU
154,animeninpo.com,Anime Ninpo– Anime Ninpo,-,Click Here,-
155,animegiftstore.co,Anime Gift Store The best anime merchandise for all fans of anime,-,Click Here,UK
156,animeryo.com,"Anime Clothing T-Shirts, Hoodies and Accessories | AnimeRyo",-,Click Here,UK
157,designs-by-phoenix.co.uk,"Handmade knitwear, alternative clothing, & tactile childrens wear – Designed by Phoenix",-,Click Here,-
158,allstarpainters.com,SYNDROME - Cute Kawaii Harajuku Street Fashion Store,-,Click Here,US
159,all-the-best.shop,All the best,-,Click Here,-
160,alicegardens.com,AliceGardens-Professional for wigs used as sweet cute lolita girls – alicegardens,-,Click Here,-
161,itsanimazing.com,"Animazing™ | The Brand with Style, Accessories and Character – ANIMAZINGᵀᴹ",-,Click Here,US
162,jukustore.com,Juku Store - Best Japanese Fashion & Kawaii Clothing Shop 2019,-,Click Here,PA
163,gacloz.net,GACLOZ,-,Click Here,CN
164,gabrielglam.com,Gabriel Glam– GabrielGlam,-,Click Here,PA
165,bijuubrigade.com,Bijuu Brigade,-,Click Here,-
166,gamaniro.com,"Gamaniro - Anime Figure, Game Figure, ACG Related, ACG Figure Reviews",-,Click Here,-
167,blankpackage.com,BlankPackage.Com USA! Discreet billing with Discreet & FREE shipping – BlankPackage.com,-,Click Here,US
168,hallowitchcostumes.com,Hallowitch Costumes-Onesies and Cosplay Costumes,-,Click Here,US
169,doornumber9.com,Welcome to Door Number 9 - Where imagination meets creation! — DoorNumber9,-,Click Here,-
170,freemanlingerie.com,freeman lingerie,-,Click Here,-
171,furry-bestfriends.com,Furry-Bestfriends,-,Click Here,-
172,edaica.com,Edaica - Difficile da Trovare,-,Click Here,-
173,bootsbybohemond.net,"Medieval, Renaissance, & Viking Shoes and Boots | Boots By Bohemond",-,Click Here,-
174,bootykiss.com,BootyKiss ~ Elegant & Seductive Playwear,-,Click Here,US
175,goblinsmith.com,"Armor, Gear and Accessories for LARP",-,Click Here,US
176,gnosisstudios.net,"Gnosis Studios - Home of UK based larp weapons, Armour manufacturers",-,Click Here,-
177,secretidentitywigs.com,Secret Identity Wigs,-,Click Here,-
178,heroesandvillainsshowcase.com,Heroes & Villains Showcase | Pop Culture and Crafts With A Difference!,-,Click Here,-
179,harlequinhats.com,Harlequin Hats Store,-,Click Here,US
180,geekcharming.ca,Geek Charming Apparel,-,Click Here,-
181,aukamicreations.com,Aukami Creations,-,Click Here,-
182,geekshop31.com,"Geekshop31.com - Produits dérivés de Films, Séries, Jeux vidéo...GEEK – GeekShop31.com",-,Click Here,-
183,earlybrightmelange.com,"Wedding, Anniversary, Steampunk, Customized Gift, Goggles,Love Lock – Early Bright Melange",-,Click Here,US
184,shopbleedingartindustries.com,Bleeding Art Industries Online Store,-,Click Here,US
185,hobbymaniaz.com.au,Real Swords For Sale Australia | Cosplay Swords | Hobby Maniaz,-,Click Here,-
186,setapak.net,SYNDROME - Cute Kawaii Harajuku Street Fashion Store,-,Click Here,-
187,goldbymistydawn.com,G❤️LD by Misty Dawn – Gold-by-Misty-Dawn,-,Click Here,CA
188,sewcology.co.nz,sewcology – Sewcology,-,Click Here,-
189,shopstudio139.com,Shopstudio139.com brings customers the best human and synthetic wigs,-,Click Here,-
190,shapeshifterz.com,"Costumes for Weightlifting, Halloween & Cosplay - ShapeShifterZ",-,Click Here,US
191,sheerfetish.com,"Welcome! Elegant Undergarments, Luxury Lingerie, and Fetish Wear!– Sheer Fetish",-,Click Here,-
192,paddywhack.co.nz,Paddywhack Fantasy Armoury,-,Click Here,-
193,partytask.com,"Partytask|Designer boutique for handmade costumes,dresses and footwear – Partytask Boutique",-,Click Here,BG
194,pastelsdream.com,Pastels Dream Lingerie Store,-,Click Here,-
195,pleasuresexylingerie.com,Pleasuresexy Lingerie: Online Hot Lingerie Store,-,Click Here,US
196,maskrekie.com,Maskrekie,-,Click Here,US
197,podiatryst-shoe-salon.com,PODIATRYST SHOE SALON,-,Click Here,-
198,phantafauna.com,Phantafauna,-,Click Here,-
199,chickikomo.com,Style for the Otaku at Heart: Kawaii Clothing & Japanese Fashion – Chicki Komo,-,Click Here,CA
200,simplefandom.com,Simple Fandom,-,Click Here,US
201,pirateplush.com,Pirate Plush Store,-,Click Here,HK
202,maryannkaydesigns.com,My Mystic Gems - MaryAnn Kay Designs,-,Click Here,US
203,lingeriehut.co.uk,Naughty or Nice? we got you covered ... at least for NOW! – Lingerie Hut.,-,Click Here,-
204,skimprops.com,"Skim Props - Fallout76, Cosplay, and Fallout props for sale– Skimprops",-,Click Here,US
205,costumessociety.com,Costumes Society - High Quality Costumes and Cosplay Attire,-,Click Here,-
206,stageandscreenfx.com,Stage and Screen FX,-,Click Here,PA
207,pubgmerch.com,PUBG Merchandise | T-Shirts | Keychains | Collectibles,-,Click Here,US
208,creativetsurera.com,Creative Tsurera,-,Click Here,-
209,lollymomo.com,Japanese Kawaii Harajuku Fashion Online Store – LollyMomo,-,Click Here,US
210,melonhopper.com,KINGDOM OF ALL THINGS CUTE | PRINCESS CASUAL | MELONHOPPER CLOTHING,-,Click Here,US
211,meteormerch.com,Meteor - A Merchandise Store,-,Click Here,UK
212,cosplay-costumes.com,Fansholiday,-,Click Here,US
213,cosplayandaccessories.com,Official Online Store | Cosplay And Accessories,-,Click Here,US
214,cosplayerswithconfidence.com,Court With Confidence– Court Carmody,-,Click Here,-
215,cosplaysunglasses.com,Cosplay Sunglasses,-,Click Here,-
216,coserhome.com,Cosplay Home - Enjoy Halloween Day! – CoserHome,-,Click Here,-
217,luanaslanding.com,"Luana Landings....where you can find beautiful, fun, and useful things – Luana Landings LLC",-,Click Here,CA
218,mercenaryoutpost.com,Mercenary Outpost,-,Click Here,US
219,kawaiisweet.com,Kawaii Sweet – Kawaiisweet.com,-,Click Here,US
220,superheroreplicas.com,Superhero Prop Replicas – Superhero Replicas,-,Click Here,CA
221,steampunkstyle.shop,Your source for Steampunk style fashion and fun – SteampunkStyle,-,Click Here,PA
222,steampunkwerewolf.shop,Steampunk Werewolf Apparel,-,Click Here,-
223,steamwolf.com,SteamWolf Symphony,-,Click Here,US
224,rainbowgaze.com,Coloured Prescription Contact Lenses Halloween Lenses Rainbowgaze.com,-,Click Here,-
225,strandedclothingcompany.com,STRANDED CLOTHING COMPANY,-,Click Here,-
226,cutsew.co,CUT/SEW Sewing Patterns – CUT/SEW Patternmaking,-,Click Here,-
227,cyncraft.com,CynCraft : A Curious Crossroads,-,Click Here,US
228,myfurrybestie.com,Furry-Bestfriends,-,Click Here,-
229,wondawigs.com,Wonda Wigs,-,Click Here,GB
230,woodlandtrends.com,"Come all ye fantasy enthusiasts, the gate to the Elven kingdom awaits – Woodland Trends",-,Click Here,-
231,vexclothing.net,Latex Rubber Fetish Clothing For Men and Women by Vex Clothing – Vex Inc. | Latex Clothing,-,Click Here,US
232,kuchic.com,"Shopping Fashion Chic Clothes Online, Discover The Latest Trends – KuChic",-,Click Here,-
233,wigoutshop.com,WIG OUT! The Ultimate Hair Wigs and Extensions Website,-,Click Here,-
234,rjprops.com,RJ Props – RJ props,-,Click Here,-
235,mouseonmainstreet.com,"Magic Band Bows, Hair Bows, Planner Clip Bows, Enamel Pins, Magicband – Mouse on Main Street",-,Click Here,-
236,wibblywobblytimeywimey.com,Your One-Stop Doctor Who Shop | Doctor Who Merchandise,-,Click Here,-
237,wickydeez.com,The hottest & best range of items you'll find here all year around – WickyDeez,-,Click Here,-
238,wickedlollipop.com,"Wicked Lollipop | Kawaii Pop Culture, Lifestyle, Fashion and Beauty",-,Click Here,-
239,mudmajesty.com,"Mud And Majesty 3D Printed,Ultra light,headband horns and headdresses!",-,Click Here,-
240,otakusenseidojo.com,Otaku Sensei Dojo,-,Click Here,-
241,orenflorist.com,SYNDROME - Cute Kawaii Harajuku Street Fashion Store,-,Click Here,-
242,voodoographx.com,Voodoo Graphx,-,Click Here,-
243,youvimicos.com,"Cosplay Costumes popular Japanese anime, manga and video games store",-,Click Here,-
244,thibra.us,Thibra,-,Click Here,-
245,tokyocomet.com,Tokyo Comet: The *FRESH* Anime and Manga Superstore!,-,Click Here,-
246,thecorncoast.com,Corn Coast and all things Geek!,-,Click Here,-
247,thegoldenlasso.net,The Golden Lasso,-,Click Here,-
248,thecostumecity.com,The Costume City - America's Favorite Online Costume Store,-,Click Here,-
249,thewhatknots.com,The What Knots,-,Click Here,-
250,twofairiesandadwarf.com,"Handmade Leather Goods, LARP and Cosplay Accessories and Dice – Two Fairies and A Dwarf",-,Click Here,-
251,tonydora.com,Novelty Hoodie to Express - Online Style Clothing Sweatshirt T Shirt – TONYDORA,-,Click Here,-
252,traywickdesigns.com,Traywick Designs– TraywickDesigns,-,Click Here,-
253,terroreyez.com,TerrorEyez - distribution of cosmetic contact lenses,-,Click Here,-
254,tamed.com.au,"Wholesale Wigs, Hair and Makeup Equipment",-,Click Here,-
255,theheroscape.com,The Hero's Cape,-,Click Here,-
256,yuanyistyle.net,Fashion Fancy Dress Up and other Fashion Funny Party items – YUANYI STYLE,-,Click Here,-
