1,howtocakeit.com,Cake Recipes & Decorating Supplies | Yolanda Gampp | How To Cake It,"348,353",Click Here,CA
2,simplemills.com,"Simple Mills Crackers, Cookies, Baking Mixes & Frostings","440,535",Click Here,US
3,bakingsteel.com,Baking Steel | Create The Crust You Crave,"471,096",Click Here,-
4,kitchwares.com,Kitchwares from household to Hipster cool stuffs.,"489,608",Click Here,-
5,merimeri.com,Meri Meri – Home of the finest party supplies and gifts for children,"513,158",Click Here,US
6,pizzacraft.com,"Pizzacraft | Pizza Ovens, Stones, Peels & Tools by Pizzacraft","681,325",Click Here,US
7,cocomama.us,Cocomama – Fair Trade™ Hot Cocoa & Baking Mixes,"708,849",Click Here,-
8,foodstirs.com,Foodstirs: The Best Organic DIY Baking Kits & Mixes,"765,105",Click Here,US
9,healthyheartmarket.com,"Healthy Heart Market - Low Sodium, Sodium Free, & Gluten Free Foods","815,540",Click Here,-
10,bakersauthority.com,The only one-stop shop for bakers – Bakers Authority,"860,286",Click Here,US
11,gooddees.com,"Good Dee's Low Carb, Diabetic, Ketogenic, Sugar Free Baking Mixes","900,146",Click Here,US
12,tanager.store,Tanager Housewares Creative Lifestyle Store,"964,597",Click Here,-
13,steelmadeusa.com,Flat Top Griddle - Baking Steel - Pizza Steel - Steelmade Cookware,"1,096,813",Click Here,US
14,brightland.co,"Brightland | Modern, Elegant California Extra Virgin Olive Oil","1,155,968",Click Here,-
15,thecookiecountess.com,"The Cookie Countess | Stencils, Airbrush, Cutters & More, Since 2013","1,159,775",Click Here,US
16,markethallfoods.com,Market Hall Foods | Artisan Food Online | Gifts & Ingredients,"1,168,516",Click Here,US
17,bakingwarehouse.com,Baking Ingredients Hong Kong | Grocery Store | Bakery Supplier 香港烘焙材料店,"1,384,140",Click Here,-
18,duchessbakeshop.com,Duchess Bake Shop | French Bakery in Edmonton,"1,619,992",Click Here,CA
19,layercakeshop.com,Layer Cake Shop Inspired Baking Supplies,"1,758,282",Click Here,US
20,redvelvetnyc.com,"Red Velvet NYC | Gourmet Desserts, Made in Your Kitchen","1,861,895",Click Here,US
21,thesweettoothfairy.com,"Sweet Tooth Fairy | Fresh Baked Cookies, Custom Cakes & Cake Bites","2,508,787",Click Here,US
22,lilyssweets.com,Lily's Sweets,"2,564,264",Click Here,-
23,erinbakers.com,"Erin Baker's® | Breakfast Cookies, Granola & Blue Bike Sprouted Snacks","2,749,496",Click Here,US
24,globalbelly.com,Discover products from your favorite chefs and bloggers – Global Belly,"2,791,939",Click Here,US
25,twofatcatsbakery.com,Two Fat Cats — Two Fat Cats Bakery,"2,917,696",Click Here,-
26,papereskimo.com,Paper Eskimo Online Store | Shop unique and decorative party supplies and baking supplies today,"3,000,133",Click Here,US
27,breadsfromanna.com,Gluten-Free and Allergen-Free Baking Mixes breads and more | Breads from Anna,"3,171,476",Click Here,US
28,bobbyandbambi.com,Bobby + Bambi's Dog Bakery | Dog Birthday Cakes | Organic &All-Natural,"3,341,247",Click Here,US
29,myfopo.com,FoPo Food Powder | Healthy All-Purpose Powder for Quick Snack & Drinks | FoPo Food Powder,"3,452,845",Click Here,-
30,bakeclub.com.au,BakeClub - bringing real baking to you.,"3,549,162",Click Here,-
31,killerzebras.com,"Killer Zebras Stencils, Cutters, and Baking Supplies","3,568,758",Click Here,US
32,bakedin.co.uk,Bakedin | Home Baking Kits & Monthly Baking Subscription Boxes,"3,598,891",Click Here,-
33,gourmettreats.com,Gourmet Treats Baking Co | Vegan Cookies & Brownies made in LA,"4,003,134",Click Here,US
34,scratchandgrain.com,Homemade baking made fun and easy | Baking Kits– Scratch & Grain Baking Co.,"4,077,049",Click Here,-
35,classikool.com,"Classikool: Slush Syrups, Baking and all things Party","5,052,148",Click Here,-
36,booskerdoo.com,Booskerdoo Coffee & Baking Co. >>> Retail & Wholesale Coffee Roasters – Booskerdoo Coffee Co.,"5,054,742",Click Here,US
37,pizzasteel.com,The Pizza Steel - Europes #1 Baking Steel,"5,284,412",Click Here,-
38,birdshillenterprises.com,"Pie Machines, Tart Presses, Empanada Machine, Aluminum foil Pie Pans – Birds Hill Enterprises","5,554,913",Click Here,-
39,bakeforyourdog.com,wagadō - healthy dog treat baking mix,"5,574,257",Click Here,US
40,fancypantsbakery.com,"Fancypants Baking Co. - Nut-Free, Non-GMO, delicious cookies!","5,781,248",Click Here,-
41,tylinafoods.com,Tylina Foods is the proud manufacturer of the brands Duff & Sweetshop – Tylina Foods Inc. - Duff & Sweetshop,"6,101,802",Click Here,-
42,fourflours.com,Four Flours Baking Company,"6,134,265",Click Here,US
43,worthyliners.com,"Baking Parchment Paper - Sheets, Circles, Squares - Worthy Liners – Worthy Liners","6,212,246",Click Here,US
44,hearthyfoods.com,"Halal Collagen & Gelatin, Fruit & Veggie flours, GF Pies & Cheesecakes – Hearthy Foods","6,569,560",Click Here,US
45,bakeartstencils.com,Cookie Stencils | BakeArt Stencils,"6,633,652",Click Here,US
46,viacheff.com,"Chocolate, sprinkles, chocolate molds, and more shipped to your door. – ViaCheff.com","6,686,067",Click Here,-
47,milescakes.com,Miles Cake & Candy Supplies,"6,724,926",Click Here,US
48,thinkeatlive.com,Think.Eat.Live. | Gluten Free High Protein Allergen Free Balanced Nutrition Baking Mixes,"6,852,771",Click Here,-
49,oneveganshop.com,Vegan grocery store in Hong Kong - One Vegan Shop,"7,003,604",Click Here,-
50,ladlesandlinens.com,Ladles and Linens Kitchen Shoppe – Ladles & Linens Kitchen Shoppe,"7,209,884",Click Here,-
51,breadbosses.com,Bread Bosses Banneton Proofing Basket Artisan Bread Baking Brotform,"7,427,282",Click Here,US
52,oliotaibi.com,"Olio Taibi Organic Extra Virgin Olive Oil from Agrigento, Sicily","7,650,566",Click Here,-
53,tfxnonstickusa.com,TFX NonStick! - Reusable Kitchen Products for Baking and Cooking,"7,662,623",Click Here,-
54,lepetitpainstore.com,Le Petit Pain Gifts and Accessories for all your special occassions,"7,963,836",Click Here,CA
55,flavourconcentrates.com,"Flavour Concentrates For all Uses - Mixing, Brewing, Baking, — Flavour Concentrates.com","8,126,256",Click Here,UK
56,artisincakes.com,"Cake Decorating and Baking Supplies and Classes in Arkansas – Art Is In Cakes, Bakery & Supply","8,135,535",Click Here,US
57,nanatang.com,Baking Class Singapore | Custom Cakes | Nanatang – nanatang,"8,334,860",Click Here,-
58,cakesplace.com,"My cake place, all your decorating, baking and sugarcraft needs! – MY CAKE PLACE","8,474,717",Click Here,-
59,theblueingredientcompany.com,The BLUE Ingredient Co.,"8,518,021",Click Here,-
60,flavourcitysg.com,Premium imported flavor concentrates Singapore – Flavour City SG,"8,906,536",Click Here,BS
61,legourmetbaking.com,Dallas Gourmet Shortbreads & Catering – Le Gourmet Baking,"9,148,830",Click Here,US
62,glitterville.com,Glitterville,"9,275,591",Click Here,US
63,woodentablebaking.com,Wooden Table Baking Co.,"9,291,248",Click Here,US
64,esthersbakery.com,Esther's German Bakery,"9,496,911",Click Here,US
65,bakingtimeclub.com,Baking Time Club - Vegan & Gluten-Free Cake Sprinkles Baking Supplies,"9,544,162",Click Here,GB
66,agreena.world,Agreena 3-in-1 Eco Friendly Reusable Food Wraps | Shop Online,"9,804,723",Click Here,AU
67,supafoodsbaking.co.za,Bulk Baking Supplies For Sale Online. Wholesale Prices.,"9,867,496",Click Here,-
68,bakell.com,"Bakell | #1 Site for edible glitter, luster dust & cake supplies!","9,916,059",Click Here,US
69,sweaterboxconfections.com,Sweater Box Confections | Baking Great Stuff So You Don’t Have To,"9,988,543",Click Here,-
70,abraxascookshop.com,Abraxas Cookshop | 01327 341080 | Cookware | Kitchenware | Baking,"10,276,241",Click Here,-
71,sweetprintsinc.com,Sweet Prints Inc.,"10,996,597",Click Here,-
72,bizzylizzybakery.com,Wheat Free Baking made with all Flourless Ingredients. Healthy Eating! – Bizzy Lizzy Flourless Bakery,"11,024,737",Click Here,US
73,stgermain.co,Premium Baking Tools – Saint Germain Bakery,"11,234,996",Click Here,US
74,viennacookiecompany.com,Vienna Cookie Company | Vienna Cookie Company,"11,495,928",Click Here,-
75,ibakersdozen.com,Add an extra measure of fun in your baking.,"11,813,461",Click Here,AE
76,jkgourmet.com,YOU MUST CLICK ON A FLAG TO ACCESS A SITE | Grain-Free JK Gourmet US,"12,061,551",Click Here,-
77,handyhousewares.com,"Handy Housewares - Baking, Cooking, Cleaning and Bar Gadgets","12,113,794",Click Here,US
78,browncookie.com,"Mooncake Molds, Pineapple Tart Molds, Cookbooks, Baking Supplies | Brown Cookie","12,655,109",Click Here,-
79,bakerandmaker.com,Baker and Maker - Baker and Maker,"13,532,977",Click Here,GB
80,thesweetfest.com,"Sweet Fest | Business Help for Bakers, Treat and Sweet Makers","13,950,026",Click Here,-
81,coconutwhisk.com,Coconut Whisk: Vegan & Gluten Free Baking Mixes – Coconut Whisk Baking Co.,"14,051,356",Click Here,US
82,scrumptiousbyhira.com,Scrumptious by Hira ! Custom Cakes ! Sweet Tables ! Custom Cake Bakery,"14,264,748",Click Here,US
83,sweetmelissashop.com,Sweet Melissa Shop,"14,266,322",Click Here,-
84,ludyskitchen.com,Ludy's Kitchen | Ludy's Kitchen Online Store,"14,538,036",Click Here,-
85,thebakingbuddies.com,The Baking Buddies - The One Stop Shop For All Of Your Baking Needs,"14,633,573",Click Here,-
86,technobake.com,Technobake | Panibois Wooden Baking Molds | Mol d'Art Chocolate Melter,"15,266,932",Click Here,-
87,beesbakedartsupplies.com,Bee's Baked Art Supplies | Bee's Baked Art Supplies,"15,469,592",Click Here,-
88,snacktivistfoods.com,snacktivistfoods.com– Snacktivist Foods,"15,620,993",Click Here,US
89,inparadiseonline.com,"Providing Baking Accessories, Kitchenware and Gadgets. – InParadiseOnline","16,158,217",Click Here,PA
90,danconias.com,Tasteful Gifts That Matter | Danconias Truffle Brownie Gifts,"16,507,729",Click Here,CA
91,thepurepantry.com,The Pure Pantry | the pure pantry,"16,509,727",Click Here,-
92,zaffreproducts.com,"Aluminum, Alcohol, & Propylene Glycol Free Deodorant that Works","16,815,806",Click Here,-
93,decasfarms.com,Decas Farms - The Best Cranberries for Cooking & Baking,"16,882,746",Click Here,US
94,bakeavenue.com,BakeAvenue,"17,399,160",Click Here,SG
95,bakeincup.com,Bake-In-Cup paper bakeware,"17,602,566",Click Here,US
96,pizzasteel.uk,"Pizza stone, baking steel or pizza steel? We help you decide :-)","18,202,854",Click Here,-
97,aplatwholesale.com,Aplat Wholesale | Culinary Design Collection,"18,564,223",Click Here,-
98,heritageflourbaking.com,Healthy Baked Goods with Organic Einkorn – The Heritage Flour Baking Co.,"18,588,308",Click Here,PA
99,buffbakery.ca,Buff Bakery,"18,710,626",Click Here,-
100,retreatibles.com,"ReTreat Edibles, make your own marijuana edibles at home. – reTreat Edibles - Taste The Experience","19,012,016",Click Here,CA
101,acefoodservice.com,CLE Ace Corporation,"19,359,066",Click Here,PH
102,ccook.store,Captain Cook Baking,-,Click Here,-
103,breadlovers.net,"""German Style"" Sourdough Bread Baking Kits – Breadlovers LLC",-,Click Here,CA
104,montrealbaking.com,Montreal Baking– Montreal Baking Co,-,Click Here,CA
105,woodenbakingbox.com,Wooden Baking Box – The New Zealand Wooden Baking Box,-,Click Here,CA
106,silpat.com,The Home of Baking Product | Silpat™ – SILPAT™,-,Click Here,-
107,bakemixes.com.au,Bake Mixes | Bake Mixes - Healthy Baking Mixes.,-,Click Here,-
108,bakersglaze.co.za,Bakers Glaze South Africa | Lorann Oils | Candy making | Baking | Food,-,Click Here,-
109,boulderbake.com,"Boulder Bake Grain FREE Baked Goods and Baking Mixes, Paleo, Vegan",-,Click Here,US
110,madamegateaux.ca,Madame Gateaux - Workshops : Kitchen : Baking,-,Click Here,-
111,cleanmixes.co,Clean Mixes | Convenient Mixes | Bliss Ball Mixes | Baking Mixes – Clean Mixes - Convenient Mixes - Bliss Ball Mixes - Baking Mixes.,-,Click Here,NZ
112,chefiblestore.com,"Baking Supplies, Recipes and Inspirations by Chefible Baking",-,Click Here,-
113,sugar-baking.com,Sugar Baking — Sugar Baking,-,Click Here,CA
114,moldmykitchen.com,"Mold My Kitchen: Food grade silicone baking, candy, ice, soap molds.",-,Click Here,CA
115,veganbakingandbooks.co.uk,Vegan Baking and Books– Baking.and.books,-,Click Here,-
116,rjskitchen.ca,"Kitchen and Baking Supplies. Christmas, Holiday and Gift Ideas. – RJ's Kitchen",-,Click Here,-
117,root9baking.com,Root 9 Baking - Buy Vegan Plant Based Chocolate Chip Cookies Online– Root 9 Baking Co.,-,Click Here,-
118,onebowlbaking.com.au,"One Bowl Allergy Free Baking Cookbook-nut,dairy,egg free + gluten free",-,Click Here,-
119,ohyaystudio.com,oh yay studio - Making + baking + everyday celebrating – Celebrating Holidays + everydays through making + baking + DIYs,-,Click Here,-
120,yourbakingbuddy.com,Baking Buddy® Hide-Away Kitchen Helper,-,Click Here,-
121,treatbakeshop.com.au,Treat Bakeshop | Brighten Up Your Baking,-,Click Here,-
122,mandimaes.com,"Mandi Mae's Baking Company, Delicious Cookies and Baked Goods – Mandi Mae's Baking Company, LLC",-,Click Here,-
123,grainstorm.com,Grainstorm Heritage Baking – GRAINSTORM,-,Click Here,CA
124,jacinapod.com,"JAC Baking Sets, Kits & Custom Design Cake Toppers – JAC in a Pod",-,Click Here,CA
125,flourlessbizzylizzy.com,Wheat Free Baking made with all Flourless Ingredients. Healthy Eating! – Bizzy Lizzy Flourless Bakery,-,Click Here,-
126,aniandfabi.com,Ani & Fabi | Baking Kits & Subscriptions For Desserts,-,Click Here,US
127,bakdcake.com,Freefrom baking Kits. Gluten Free Brownies. Gluten Free Cakes. Vegan.– bak'dcake,-,Click Here,UK
128,bakebossbakeware.com,Bake Boss : Premium Baking Supplies and Recipes,-,Click Here,-
129,bakerspartyshop.com,Bakers Party Shop: Shop Sprinkles + Baking Supplies +Party Supplies,-,Click Here,PA
130,bakingfun.ca,Welcome to Baking Fun,-,Click Here,-
131,dutchbakingco.com,Dutch Baking Co.,-,Click Here,CA
132,hannahshealthybakery.com,Hannah's Healthy Bakery - Amazing Paleo and Gluten Free Baking Mixes,-,Click Here,US
133,atlanticbakingco.com,Atlantic Baking Company,-,Click Here,US
134,blackoutbakingco.com,Blackout Baking Co. - Bite-size Gourmet Cookies,-,Click Here,-
135,funshowcase.com,"Silicone Molds, Sugarcraft and Baking, Crafting Tools",-,Click Here,CN
136,bettercravings.com,Better Cravings - Low Carb Dessert & Baking Mix,-,Click Here,PA
137,herbalfog.com,"Herbal Fog - Find best products for vaping, baking and growing herbs! – Herbalfog.com",-,Click Here,-
138,hillstwholefoods.co.nz,Hill St Wholefoods | Wholefood Baking Mixes,-,Click Here,-
139,glutenfreeheaven.com,Gluten-Free Heaven | Gluten Free Heaven Baking Mixes & Flour Blends That Taste Fantastic!,-,Click Here,PA
140,cakeinacrate.com,Cake in a Crate | Cake in a Crate | The plant-based baking kit,-,Click Here,US
141,shopforfallstuff.com,"ShopforFallStuff-Fall Decor,Accessories, Baking Tools, Halloween Masks– ShopforFallstuff",-,Click Here,US
142,everythingcakeandcookies.com,Buy baking supplies here! Fast 2 day shipping! – Everything Cake & Cookies!,-,Click Here,-
143,canadabakingsupplies.ca,Canada Baking Supplies,-,Click Here,-
144,lamay.co.za,"A wide variety of Baking accessories, Cutters, Moulds - Lamay",-,Click Here,-
145,pizzasteel.be,The Pizza Steel - Europes #1 Baking Steel,-,Click Here,-
146,pizzasteel.es,Plancha de acero para pizzas y panes - El Baking Steel Nº1 en Europa,-,Click Here,-
147,pizzasteel.fi,The Pizza Steel - Euroopan #1 Baking Steel,-,Click Here,-
148,pizzasteel.se,The Pizza Steel – Europas #1 Baking Steel,-,Click Here,-
149,playbakes.com,Baking kits for kids | Healthier bakes – PlayBakes,-,Click Here,GB
150,lilyandpips.com,Gluten Free Baking Mixes and Ready to Eat Gluten Free Cookies & Donuts – Lily & Pips,-,Click Here,-
151,craftandcrumb.com,"Award-winning cake, biscuit baking kits and personalised party bags – Craft & Crumb",-,Click Here,UK
152,cravecupcakes.shop,Crave Cupcakes - Baking Simple Sweet Indulgences From Scratch,-,Click Here,-
153,purest.ca,purest gluten free baking – PUREST gf,-,Click Here,-
154,cookincolor.com,Kids Baking & Cooking Parties and Classes for Kids!,-,Click Here,US
155,sugarsisters.ie,For Cake Decorations & Toppers | Baking Supplies | Sugarcraft | Icing – SugarSisters.ie,-,Click Here,-
156,wavethegrain.com,Gluten free baking that DOESN'T actually taste gluten free. – WavetheGRAIN,-,Click Here,-
157,momomizu.com,"Kitchen & Baking, Korean Fashion Clothing & Accessories Store – Momo Mizu",-,Click Here,-
158,sugarcloudxoxo.com,Sugar Cloud Baking Company – Sugarcloudxoxo,-,Click Here,US
159,wellbake.co.uk,Silicone bakeware moulds and accessories for easy non-stick baking – WellBake,-,Click Here,-
160,culcap.com,Grain's Anatomy: World's First Baking Lovers Apparel Shop,-,Click Here,IL
161,stefchef.co.uk,Stef's Baking Supplies & Party Shop,-,Click Here,-
162,mybelovedkitchen.com,Kitchen supplies cooking baking tools gadgets for chefs for household – My Beloved Kitchen,-,Click Here,CA
163,mrsvskitchen.com,Round Non-Stick Silicone Baking Mat Mrs V's Kitchen – Mrs Vs Kitchen,-,Click Here,-
164,superfoodbakery.co.uk,Healthy Baking Mixes,-,Click Here,-
165,kidscentralkitchen.com,Kids Baking & Cooking Parties and Classes for Kids!,-,Click Here,-
166,sweetdragonbaking.com,Sweetdragon Baking Company,-,Click Here,-
167,thecakerspantry.co.nz,The Caker's Pantry | Cake Decorating Supplies | Baking Supplies,-,Click Here,-
168,thehomebakingstore.com,The Home Baking Store,-,Click Here,-
169,theflourshop.com.au,The Flour Shop Perth - Baking and Blooms Delivered – theflourshop,-,Click Here,-
170,thebakingtree.co.uk,Cake Pops with UK Delivery – The Baking Tree,-,Click Here,-
171,thebakerslife.com,Baking Tools & Cooking Accessories | TheBakersLife – The Baker's Life,-,Click Here,-
172,uscakesupply.com,U. S. Cake Supply - Low Cost Cake Decorating Supplies — uscakesupply,-,Click Here,-
173,bakeitbox.com.au,Bake It Box,-,Click Here,-
174,bakingmehappy.com,Baking Me Happy – Baking Me Happy,-,Click Here,US
175,ecobake.shop,Welcome To Ecobake — EcoBake,-,Click Here,-
176,bowwowmeow.online,BowWowMeow Baking Co. | BowWowMeow Baking Co. All Natural Handmade Dog Treats and Cat Treats,-,Click Here,-
177,sugarhighhawaii.com,Sugar High Hawaii,-,Click Here,-
178,wensbakingstudio.com,Wen's Baking Studio – Wen's Baking Studio,-,Click Here,US
179,restaurantware.ae,"Restaurantware GCC: Eco Friendly Horeca Supplies, Bamboo & Palm Plates – Restaurantware.ae",-,Click Here,-
180,rnbakingsupplies.com,R&N Baking Supplies – R&N Baking Supplies,-,Click Here,-
181,moyums.com.au,Moyums - Cake mixes using organic and wholefoods you 'just add water'!,-,Click Here,-
182,kitchensavor.com,Kitchen Savor – KatsKitchen,-,Click Here,-
183,totaracottage.co.nz,Totara Cottage | Totara Cottage,-,Click Here,-
184,lekueusa.com,"Lékué USA - Silicone Cookware, Bakeware and Kitchenware",-,Click Here,-
185,ilovewondermilk.com,Wondermilk - Baking you happy everyday — Wondermilk™,-,Click Here,-
186,ilmigliore.com.au,il migliore – Il Migliore,-,Click Here,-
187,ingeniouscreation.net,Ingeniouscreation – Ingeniouscreations,-,Click Here,-
188,delivita.co.uk,DeliVita - the best wood-fired oven for outdoor dining – Delivita,-,Click Here,-
189,innolivin.com,"Innovative Car Utilities, Personal Care, Home & Kitchen Products – INNOLIVIN",-,Click Here,-
190,finalcutcakes.com,Final Cut Cakes – Finalcutcakes,-,Click Here,-
191,deco-vie.co.za,Restaurant Catering Suppliers I Glassware I Kitchenware I South Africa – DECO-Vie,-,Click Here,-
192,abxfoods.com,Asiaboxx Foods – Asiaboxx Foods | Hong Kong,-,Click Here,US
193,acbsupply.com,American Candy & Bakery Supply – American Candy And Bakery Supply,-,Click Here,US
194,welcomehomebrands.com,Welcome Home Brands,-,Click Here,US
195,farmpit.io,Farmpit - USDA Food Safe Natural Organic Deodorant for Men and Women,-,Click Here,-
196,123dough.com,123Dough Bakery,-,Click Here,US
197,farinup.us,Farin'UP USA: The Best Bake Mixes from Luxembourg | Quick and Easy,-,Click Here,-
198,begoodbaking.com,Be Good Baking Company,-,Click Here,US
199,intheveganing.com,Vegan Menu Planning – In The Veganing,-,Click Here,CA
200,bakeoglide.kitchen,"Original Bake-O-Glide Non-Stick Reusable Cooking, Baking & Oven Liners – Bake-O-Glide™",-,Click Here,-
201,bakerandcook.biz,Baker & Cook - Artisan Bakery & Foodstore | Singapore – Baker & Cook Pte Ltd,-,Click Here,-
202,bakesomememories.com,Bake Some Memories,-,Click Here,US
203,bakeyourimagination.com,Twinkle Baking Products,-,Click Here,US
204,bakingforbeebop.com,Baking for Bee Bop,-,Click Here,-
205,bakestarters.com,DIY Baking Kits | Singapore | Bakestarters,-,Click Here,-
206,bakingberry.com,The Baking Berry,-,Click Here,PA
207,amazingshop.in,All Types Of Top Online Selling Products Wholesale Dropshiping Market,-,Click Here,-
208,flowerbake.com,"Flowerbake Custom Cakes, Cafe, and Birthday Parties in Pelham, NY – Flowerbake by Angela",-,Click Here,US
209,flavoristsformulas.com,Flavorists Formulas,-,Click Here,-
210,iratya.com,Home Kitchen Garden Decor Solutions baking gadgets coffee tea Iratya,-,Click Here,-
211,iqliving.com,"iQliving | Appliances, Cookware, Bath, Storage, Kitchen, Home, Baking",-,Click Here,-
212,flavoursforhealth.com,"Health Shop Malta - Superfood, Protein Shake & Vegan Foods | Flavours for Health",-,Click Here,MT
213,bashfulbaker.com,Bashful Baker,-,Click Here,-
214,bartnlainys.co.uk,Bart 'n' Lainy's Canadian Wild Blueberries,-,Click Here,-
215,joyglobalgroup.com,Silicone Mould and Soap mould,-,Click Here,US
216,sageleia.ch,A Swiss-based online one-stop shop for parties and celebrations less ordinary.,-,Click Here,-
217,dragonflycakesupply.com,Dragonfly Cake Supply - Cake Decorating Creativity Without Limits!,-,Click Here,PA
218,bestvaluekitchen.com,Best Value Kitchen,-,Click Here,US
219,anselbeckpottery.com,Ansel Beck Pottery. Functional & Artful Stoneware.,-,Click Here,US
220,doucerie.ca,"Doucerie | Confectionery, Baking & Party Supplies",-,Click Here,-
221,freschonline.com,Fresch Online,-,Click Here,US
222,arousingappetites.com,The Premier Shop for Home and Kitchen Goods - Arousing Appetites Store,-,Click Here,CA
223,send-cake.com,Send Cake! Cake delivery UK. Mail order cakes.,-,Click Here,GB
224,breadhousebakerycincy.com,Bread House Bakery | Traditional Chinese Baker Serving Cincinnati – Bread House Bakery (麥香麵包坊),-,Click Here,US
225,hewittfresh.com,"Hewittfresh.ca: Online shopping in Muskoka - produce, baking, jams. – Hewitt's Of Muskoka",-,Click Here,CA
226,ediybles.com,EDIYBLES - Infuse Your Food,-,Click Here,-
227,gmark-hk.com,Gmark HK | Gmark-HK Lifestyle 廚具,-,Click Here,HK
228,boxybake.com,BoxyBake Home Page – Crown Bakery Supply,-,Click Here,US
229,saltandsmart.com,General store for kitchen home accessories gifts pets tools gadgets – Salt&Smart,-,Click Here,CA
230,harjinaturals.com,Harji Naturals: All natural. Plant-based Bath and Body Products,-,Click Here,CA
231,easybathcheesecakewrap.com,Easy Bath Cheesecake Wrap-safely bake cheesecake in a water bath,-,Click Here,-
232,getfudgedbrownies.com.au,Shop - Get Fudged Brownies | Get Fudged Brownies,-,Click Here,-
233,getsprinkled.com.au,Get Sprinkled,-,Click Here,-
234,satisfactoryshops.com,Satisfactoryshops– SatisFACTORYshop,-,Click Here,PH
235,healthyishfoods.com,Healthyish Foods– Healthyish Foods,-,Click Here,US
236,shopnordicgoods.com,Nordic Goods - Inspiring Scandinavian Traditions,-,Click Here,US
237,entertainidea.com,Entertain the idea | Entertain the Idea,-,Click Here,PA
238,enjoyfulfoods.com,"Enjoyful Foods. Dedicated to offer real 100% natural, paleo vegan food",-,Click Here,PA
239,butterfliesandbees.co.uk,Butterflies and Bees – Butterflies & Bees,-,Click Here,-
240,cakeandicingcentre.com.au,Studio Cakes Home – Cake & Icing Centre,-,Click Here,-
241,cakecentralbarbados.com,CAKE CENTRAL BARBADOS – Cake Central Barbados,-,Click Here,-
242,cakefairybakery.com,Welcome To Our Store! – Cake Fairy NH,-,Click Here,-
243,cakesbymelissa.com,Cakes by Melissa,-,Click Here,US
244,shopaholic.com.ph,Shopaholic for Kids | Shopaholic for Kids,-,Click Here,-
245,hudsonhenrybakingco.com,Small batch granola baked fresh and delicious – Hudson Henry Baking Company,-,Click Here,-
246,ellisonbaypotterystudios.com,Ellison Bay Pottery Studios - Order Artisan And Handcrafted Pottery – Ellison Bay Pottery Studios,-,Click Here,US
247,goldenbarkery.com.au,golden BARKery - gourmet dog bakery. Dog treats. Dog cakes. Plus more!,-,Click Here,-
248,grainbrainusa.com,Gain Brain USA – grainbrainusa,-,Click Here,US
249,cggourmet.com,"Gourmet Chocolate Gifts, Belcolade Chocolate Havanna Alfajores",-,Click Here,US
250,cavcouture.com,Welcome to CavCouture!,-,Click Here,-
251,magnussbookstore.com,Signed books by Magnus Nilsson– Magnus's bookstore,-,Click Here,SE
252,silcreations.com,"High Quality Silicone Consumer Products, Phone & Fashion Accessories",-,Click Here,-
253,cherryvalefarms.com,Cherryvale Farms,-,Click Here,US
254,silverwood-bakeware.com,Multi award-winning handcrafted professional-quality British Bakeware,-,Click Here,UK
255,shopstraya.com.au,Proudly Australian owned and operated - Shop STRAYA – Shopstraya.com.au,-,Click Here,-
256,pakery.de,Pakery | Kuchen ohne Schnickschnack,-,Click Here,-
257,pantryhaiku.com,Pantry Haiku,-,Click Here,US
258,pantryinnovations.com.au,Australian distributors of Otto's Cassava Flour – Pantry Innovations,-,Click Here,-
259,everythingforkitchens.com,Everything for kitchens – Marketing Star,-,Click Here,NO
260,evesapron.com,EvesApron.com – Eve's Apron,-,Click Here,PA
261,cannabites.io,Make Edibles At Home With Cannabites Cannabis Infused Baking Kits– Cannabites.io,-,Click Here,-
262,shopsugarroom.com,Sugar Room - Premiere Bakery and Cake Supply Store,-,Click Here,US
263,panaenterprise.com,Pana Enterprises – PanaEnterprises/SweetEs,-,Click Here,US
264,pizzasteel.fr,Pierre à pizza en acier - L'baking steel de la Pizza Steel Company,-,Click Here,-
265,pizzasteel.nl,Pizzasteen van steel - De Baking steel van de Pizza Steel Company,-,Click Here,-
266,platypusfoods.com.au,Platypus Foods,-,Click Here,-
267,slickcooks.com,Slick Cooks | Unique Must-Have Kitchen Gadgets and Tools!,-,Click Here,US
268,marcisbakery.com,"Marci's Gluten-Free, Vegan Bakery | Marci's Bakery Gluten Free, Vegan, Nut Free, Sesame Free, Dairy Free",-,Click Here,CA
269,cleverona.com,"Cooking, Baking, Drinking & Kitchen Tools & Equipment",-,Click Here,-
270,popkids.co,Pop Kids - Premium Kitchen Products for Kids – Pop Kids Store,-,Click Here,US
271,poppyseeds.co,Poppy Seeds England– Wholly Seeds,-,Click Here,-
272,mamaandthem.com,Momma and Them Bakeshop - Relatively Scrumptious Cookies,-,Click Here,US
273,mamaandthembakeshop.com,Momma and Them Bakeshop - Relatively Scrumptious Cookies,-,Click Here,US
274,petiteingredient.com.au,"Petite Ingredient, growers of edible flowers",-,Click Here,-
275,chickadeeway.com,Chickadee Way,-,Click Here,US
276,simplygranola.co.za,Simply Granola,-,Click Here,-
277,cissecocoa.com,Cocomama – Fair Trade™ Hot Cocoa & Baking Mixes,-,Click Here,US
278,skhomemadecakes.com.my,"Online Cake Delivery to KL, Penang, Johor Bahru by SK Homemade Cakes",-,Click Here,-
279,lilo.com.sg,Lilo Premium Ikan Bilis Powder,-,Click Here,-
280,cottonscafe.com,Cotton's Cafe Dog Treat Barkery,-,Click Here,US
281,rabarbo.com,RABARBO | Non-GMO gourmet food at affordable prices,-,Click Here,US
282,minimalwastegrocery.com,Minimal Waste Grocery - Zero waste groceries Ireland,-,Click Here,US
283,lyndasnuts.com,Lynda's Nuts,-,Click Here,US
284,puffin.com.kw,Puffin Company Kuwait,-,Click Here,-
285,cremornestreetbakers.com.au,Cremorne Street Bakers,-,Click Here,-
286,confectioncouturestencils.com,Confection Couture Stencils,-,Click Here,-
287,sophistiplate.com,Sophistiplate & Simply Baked -Entertaining Products For All Occassions,-,Click Here,-
288,lollislowcarbgranola.com,Lolli’s LowCarb Granola,-,Click Here,US
289,metalbreadforms.com,5 wide metal bread forms – American Pan UK,-,Click Here,US
290,priddyfairnutrition.co.uk,Priddyfair Nutrition|Cold pressed Black seed oil|Pure Himalayan salt|,-,Click Here,-
291,lovecake.co.nz,Love Cake | Allergy Friendly Baking Mixes and Pantry Essentials,-,Click Here,-
292,coolkitchendepot.com,Cool Kitchen Depot has the coolest tools and gadgets for your kitchen!,-,Click Here,US
293,messmats.co.nz,Mess Mats for Children designed for those messy jobs,-,Click Here,-
294,cookiedecoratingkits.com,Cookie Decorating Kits by Cookies to Decorate,-,Click Here,US
295,cookndineonline.co.uk,"Cook N Dine | Cooking, Baking & Kitchen Accessories at Great Prices",-,Click Here,-
296,kawaiitreatsandeats.com,Delicious low carb and keto dessert mixes!– Kawaii Treats and Eats,-,Click Here,-
297,redginghamgourmet.com,"Red Gingham Gourmet LLC. – Red Gingham Gourmet, LLC",-,Click Here,US
298,mommaandthembakeshop.com,Momma and Them Bakeshop - Relatively Scrumptious Cookies,-,Click Here,-
299,mommaandthem.com,Momma and Them Bakeshop - Relatively Scrumptious Cookies,-,Click Here,-
300,ketoqueenkreations.com,Keto Queen Kreations,-,Click Here,US
301,sullivanbleeker.com,Sullivan & Bleeker Baking Co. Toronto's Best Cupcakes & Cookies,-,Click Here,-
302,sukrin.com.au,Sukrin Australia – The Hub (Health & Wellness),-,Click Here,-
303,culinarykraft.co.za,CulinaryKraft Online,-,Click Here,-
304,cutiescuisine.com,Everything you need to make the cutest creations in your own kitchen! – Cutie's Cuisine,-,Click Here,-
305,cxbo.ca,CXBO Chocolates,-,Click Here,-
306,mybakestore.com,My Bake Store,-,Click Here,-
307,wonderlandbakingsupplies.com.au,Wonderland Baking Supplies,-,Click Here,-
308,mycheftools.com,https://mycheftools.com/,-,Click Here,-
309,kushkookies.ca,Kush Kookies – Kush Kookies,-,Click Here,-
310,kzstencils.com,"Killer Zebras Stencils, Cutters, and Baking Supplies",-,Click Here,-
311,mylittlebakingbox.com,My Little Baking Box,-,Click Here,-
312,sweetcanvas.com,Sweet Canvas,-,Click Here,-
313,mrtsbakery.com.au,Mr T's Bakery - The world of baking - cake specialist,-,Click Here,-
314,moustache.co.nz,Moustache Milk & Cookie Bar,-,Click Here,-
315,superkitchenstore.com,"Kitchen Gadgets, Dinnerware, Tableware, | Super Kitchen Store – superkitchenstore",-,Click Here,-
316,wholefoodsociety.com.au,Wholefood Society,-,Click Here,-
317,rollingpindepot.com,"Rolling Pin Depot | For your bakeware, baking tools & kitchen gadgets.",-,Click Here,-
318,sweetandscrumptious.co.uk,"Traditional Cookie Cutters, Cake Boxes & Boards, Edible Decorations – Sweet and Scrumptious",-,Click Here,-
319,sweetelitetools.com,Summit Baking Supplies,-,Click Here,-
320,sweetchalin.com,Sweet Chalin | Homemade Bakery – Sweetchalin,-,Click Here,-
321,kitchensituation.com,Kitchen Situation,-,Click Here,-
322,kitchenandbaking.com,Kitchen and Baking,-,Click Here,-
323,kitchenary.com.sg,Kitchenary,-,Click Here,-
324,kitchies.co.nz,Kitchies | Kitchies Mini Appliances | Portable Toaster Ovens in New Zealand,-,Click Here,-
325,kitsby.com,Kitsby,-,Click Here,-
326,zugvogeldesigns.com,Contemporary Portuguese and Bulgarian Ceramics – Zugvogel,-,Click Here,-
327,noahsbox.com,Noah's Box | The UK's Highest Rated Starter Kits – Noahs Box,-,Click Here,-
328,only-outlet.com,"Only-Outlet | Up to 70% Off Deals, Shop Deals and Coupons – couponcentral",-,Click Here,-
329,oooflavors.com,Liquid Flavor Concentrates PG VG Based Over 400 New and Exotic Flavors – One on One Flavors,-,Click Here,-
330,olendiy.com,"Olen DIY Home Decor, Kitchens, Craft Projects, Fashion Ideas",-,Click Here,-
331,omfoods.com,Organic Matters | Your source for organic ingredients – Om Foods | Organic Matters,-,Click Here,-
332,naturaleca.com,Naturaleca,-,Click Here,-
333,yippeeconecakes.com,Yippee cone cake holders are made of reusable bake safe paper | Yippee Cone Cakes,-,Click Here,-
334,uniquecookingsupplies.com,"Kitchen gadgets, Cooking Tools, Baking molds, Utensils, Appliances. – Unique Cooking Supplies",-,Click Here,-
335,uptownbakes.com,Uptown Bakes | Art of Baking,-,Click Here,-
336,newlifecookies.com.au,NewLife Cookies – New Life Cookies,-,Click Here,-
337,unicusbeauty.com,"MONA BRANDS: All-Natural, Aluminum-free, Vegan, Safe Deodorant For All",-,Click Here,-
338,yourcookingshop.com,YourCookingShop – yourcookingshop,-,Click Here,-
339,yourpiecebakingcompany.com,Your Piece Baking Company,-,Click Here,-
340,theindulgestore.com,The Indulge Store - Bring Joy Back Into The Kitchen!,-,Click Here,-
341,theculinaryboutique.com,"The Culinary Boutique | Kitchen Tools, Glassware & Engraved Gifts",-,Click Here,-
342,twistingredients.co.uk,Twist Ingredients - a Twist of baking magic!,-,Click Here,-
343,tzeramika.com,Tzeramika | Boleslawiec Pottery | Polish Ceramics Australia,-,Click Here,-
344,tupperwareonthego.co.uk,Buy Tupperware UK Products Online | Tupperware On The Go,-,Click Here,-
345,tuttiparti.com,Tutti Parti – Olive Us,-,Click Here,-
346,treatsbakedbystephanie.com,Cookie Mixes – Treats Baked by Stephanie,-,Click Here,-
347,o-somejourney.ml,O-some Journey,-,Click Here,-
348,outlawantler.com,Albatross Baking Co.,-,Click Here,-
349,thehealthybakingcompany.com,Maxaroon • Heart Thrive • California Suncakes • Gluten Free & Vegan – The Healthy Baking Company,-,Click Here,-
350,thebreadcompany.co.uk,"Breadmaking tools, Artisan Bread Baking Equipment, Couches & Bannetons – TheBreadCompany",-,Click Here,-
351,thermishop.co.uk,Sophia's Kitchen - Accessories for your Thermomix Appliances,-,Click Here,-
352,thermishop.com.au,"Thermishop AU - Accessories for Thermomix, baking equipment and more – thermishop.com.au",-,Click Here,-
353,theflavorgourmet.com,The Flavor Gourmet,-,Click Here,-
1,howtocakeit.com,Cake Recipes & Decorating Supplies | Yolanda Gampp | How To Cake It,"348,353",Click Here,CA
2,simplemills.com,"Simple Mills Crackers, Cookies, Baking Mixes & Frostings","440,535",Click Here,US
3,bakingsteel.com,Baking Steel | Create The Crust You Crave,"471,096",Click Here,-
4,kitchwares.com,Kitchwares from household to Hipster cool stuffs.,"489,608",Click Here,-
5,merimeri.com,Meri Meri – Home of the finest party supplies and gifts for children,"513,158",Click Here,US
6,pizzacraft.com,"Pizzacraft | Pizza Ovens, Stones, Peels & Tools by Pizzacraft","681,325",Click Here,US
7,cocomama.us,Cocomama – Fair Trade™ Hot Cocoa & Baking Mixes,"708,849",Click Here,-
8,foodstirs.com,Foodstirs: The Best Organic DIY Baking Kits & Mixes,"765,105",Click Here,US
9,healthyheartmarket.com,"Healthy Heart Market - Low Sodium, Sodium Free, & Gluten Free Foods","815,540",Click Here,-
10,bakersauthority.com,The only one-stop shop for bakers – Bakers Authority,"860,286",Click Here,US
11,gooddees.com,"Good Dee's Low Carb, Diabetic, Ketogenic, Sugar Free Baking Mixes","900,146",Click Here,US
12,tanager.store,Tanager Housewares Creative Lifestyle Store,"964,597",Click Here,-
13,steelmadeusa.com,Flat Top Griddle - Baking Steel - Pizza Steel - Steelmade Cookware,"1,096,813",Click Here,US
14,brightland.co,"Brightland | Modern, Elegant California Extra Virgin Olive Oil","1,155,968",Click Here,-
15,thecookiecountess.com,"The Cookie Countess | Stencils, Airbrush, Cutters & More, Since 2013","1,159,775",Click Here,US
16,markethallfoods.com,Market Hall Foods | Artisan Food Online | Gifts & Ingredients,"1,168,516",Click Here,US
17,bakingwarehouse.com,Baking Ingredients Hong Kong | Grocery Store | Bakery Supplier 香港烘焙材料店,"1,384,140",Click Here,-
18,duchessbakeshop.com,Duchess Bake Shop | French Bakery in Edmonton,"1,619,992",Click Here,CA
19,layercakeshop.com,Layer Cake Shop Inspired Baking Supplies,"1,758,282",Click Here,US
20,redvelvetnyc.com,"Red Velvet NYC | Gourmet Desserts, Made in Your Kitchen","1,861,895",Click Here,US
21,thesweettoothfairy.com,"Sweet Tooth Fairy | Fresh Baked Cookies, Custom Cakes & Cake Bites","2,508,787",Click Here,US
22,lilyssweets.com,Lily's Sweets,"2,564,264",Click Here,-
23,erinbakers.com,"Erin Baker's® | Breakfast Cookies, Granola & Blue Bike Sprouted Snacks","2,749,496",Click Here,US
24,globalbelly.com,Discover products from your favorite chefs and bloggers – Global Belly,"2,791,939",Click Here,US
25,twofatcatsbakery.com,Two Fat Cats — Two Fat Cats Bakery,"2,917,696",Click Here,-
26,papereskimo.com,Paper Eskimo Online Store | Shop unique and decorative party supplies and baking supplies today,"3,000,133",Click Here,US
27,breadsfromanna.com,Gluten-Free and Allergen-Free Baking Mixes breads and more | Breads from Anna,"3,171,476",Click Here,US
28,bobbyandbambi.com,Bobby + Bambi's Dog Bakery | Dog Birthday Cakes | Organic &All-Natural,"3,341,247",Click Here,US
29,myfopo.com,FoPo Food Powder | Healthy All-Purpose Powder for Quick Snack & Drinks | FoPo Food Powder,"3,452,845",Click Here,-
30,bakeclub.com.au,BakeClub - bringing real baking to you.,"3,549,162",Click Here,-
31,killerzebras.com,"Killer Zebras Stencils, Cutters, and Baking Supplies","3,568,758",Click Here,US
32,bakedin.co.uk,Bakedin | Home Baking Kits & Monthly Baking Subscription Boxes,"3,598,891",Click Here,-
33,gourmettreats.com,Gourmet Treats Baking Co | Vegan Cookies & Brownies made in LA,"4,003,134",Click Here,US
34,scratchandgrain.com,Homemade baking made fun and easy | Baking Kits– Scratch & Grain Baking Co.,"4,077,049",Click Here,-
35,classikool.com,"Classikool: Slush Syrups, Baking and all things Party","5,052,148",Click Here,-
36,booskerdoo.com,Booskerdoo Coffee & Baking Co. >>> Retail & Wholesale Coffee Roasters – Booskerdoo Coffee Co.,"5,054,742",Click Here,US
37,pizzasteel.com,The Pizza Steel - Europes #1 Baking Steel,"5,284,412",Click Here,-
38,birdshillenterprises.com,"Pie Machines, Tart Presses, Empanada Machine, Aluminum foil Pie Pans – Birds Hill Enterprises","5,554,913",Click Here,-
39,bakeforyourdog.com,wagadō - healthy dog treat baking mix,"5,574,257",Click Here,US
40,fancypantsbakery.com,"Fancypants Baking Co. - Nut-Free, Non-GMO, delicious cookies!","5,781,248",Click Here,-
41,tylinafoods.com,Tylina Foods is the proud manufacturer of the brands Duff & Sweetshop – Tylina Foods Inc. - Duff & Sweetshop,"6,101,802",Click Here,-
42,fourflours.com,Four Flours Baking Company,"6,134,265",Click Here,US
43,worthyliners.com,"Baking Parchment Paper - Sheets, Circles, Squares - Worthy Liners – Worthy Liners","6,212,246",Click Here,US
44,hearthyfoods.com,"Halal Collagen & Gelatin, Fruit & Veggie flours, GF Pies & Cheesecakes – Hearthy Foods","6,569,560",Click Here,US
45,bakeartstencils.com,Cookie Stencils | BakeArt Stencils,"6,633,652",Click Here,US
46,viacheff.com,"Chocolate, sprinkles, chocolate molds, and more shipped to your door. – ViaCheff.com","6,686,067",Click Here,-
47,milescakes.com,Miles Cake & Candy Supplies,"6,724,926",Click Here,US
48,thinkeatlive.com,Think.Eat.Live. | Gluten Free High Protein Allergen Free Balanced Nutrition Baking Mixes,"6,852,771",Click Here,-
49,oneveganshop.com,Vegan grocery store in Hong Kong - One Vegan Shop,"7,003,604",Click Here,-
50,ladlesandlinens.com,Ladles and Linens Kitchen Shoppe – Ladles & Linens Kitchen Shoppe,"7,209,884",Click Here,-
51,breadbosses.com,Bread Bosses Banneton Proofing Basket Artisan Bread Baking Brotform,"7,427,282",Click Here,US
52,oliotaibi.com,"Olio Taibi Organic Extra Virgin Olive Oil from Agrigento, Sicily","7,650,566",Click Here,-
53,tfxnonstickusa.com,TFX NonStick! - Reusable Kitchen Products for Baking and Cooking,"7,662,623",Click Here,-
54,lepetitpainstore.com,Le Petit Pain Gifts and Accessories for all your special occassions,"7,963,836",Click Here,CA
55,flavourconcentrates.com,"Flavour Concentrates For all Uses - Mixing, Brewing, Baking, — Flavour Concentrates.com","8,126,256",Click Here,UK
56,artisincakes.com,"Cake Decorating and Baking Supplies and Classes in Arkansas – Art Is In Cakes, Bakery & Supply","8,135,535",Click Here,US
57,nanatang.com,Baking Class Singapore | Custom Cakes | Nanatang – nanatang,"8,334,860",Click Here,-
58,cakesplace.com,"My cake place, all your decorating, baking and sugarcraft needs! – MY CAKE PLACE","8,474,717",Click Here,-
59,theblueingredientcompany.com,The BLUE Ingredient Co.,"8,518,021",Click Here,-
60,flavourcitysg.com,Premium imported flavor concentrates Singapore – Flavour City SG,"8,906,536",Click Here,BS
61,legourmetbaking.com,Dallas Gourmet Shortbreads & Catering – Le Gourmet Baking,"9,148,830",Click Here,US
62,glitterville.com,Glitterville,"9,275,591",Click Here,US
63,woodentablebaking.com,Wooden Table Baking Co.,"9,291,248",Click Here,US
64,esthersbakery.com,Esther's German Bakery,"9,496,911",Click Here,US
65,bakingtimeclub.com,Baking Time Club - Vegan & Gluten-Free Cake Sprinkles Baking Supplies,"9,544,162",Click Here,GB
66,agreena.world,Agreena 3-in-1 Eco Friendly Reusable Food Wraps | Shop Online,"9,804,723",Click Here,AU
67,supafoodsbaking.co.za,Bulk Baking Supplies For Sale Online. Wholesale Prices.,"9,867,496",Click Here,-
68,bakell.com,"Bakell | #1 Site for edible glitter, luster dust & cake supplies!","9,916,059",Click Here,US
69,sweaterboxconfections.com,Sweater Box Confections | Baking Great Stuff So You Don’t Have To,"9,988,543",Click Here,-
70,abraxascookshop.com,Abraxas Cookshop | 01327 341080 | Cookware | Kitchenware | Baking,"10,276,241",Click Here,-
71,sweetprintsinc.com,Sweet Prints Inc.,"10,996,597",Click Here,-
72,bizzylizzybakery.com,Wheat Free Baking made with all Flourless Ingredients. Healthy Eating! – Bizzy Lizzy Flourless Bakery,"11,024,737",Click Here,US
73,stgermain.co,Premium Baking Tools – Saint Germain Bakery,"11,234,996",Click Here,US
74,viennacookiecompany.com,Vienna Cookie Company | Vienna Cookie Company,"11,495,928",Click Here,-
75,ibakersdozen.com,Add an extra measure of fun in your baking.,"11,813,461",Click Here,AE
76,jkgourmet.com,YOU MUST CLICK ON A FLAG TO ACCESS A SITE | Grain-Free JK Gourmet US,"12,061,551",Click Here,-
77,handyhousewares.com,"Handy Housewares - Baking, Cooking, Cleaning and Bar Gadgets","12,113,794",Click Here,US
78,browncookie.com,"Mooncake Molds, Pineapple Tart Molds, Cookbooks, Baking Supplies | Brown Cookie","12,655,109",Click Here,-
79,bakerandmaker.com,Baker and Maker - Baker and Maker,"13,532,977",Click Here,GB
80,thesweetfest.com,"Sweet Fest | Business Help for Bakers, Treat and Sweet Makers","13,950,026",Click Here,-
81,coconutwhisk.com,Coconut Whisk: Vegan & Gluten Free Baking Mixes – Coconut Whisk Baking Co.,"14,051,356",Click Here,US
82,scrumptiousbyhira.com,Scrumptious by Hira ! Custom Cakes ! Sweet Tables ! Custom Cake Bakery,"14,264,748",Click Here,US
83,sweetmelissashop.com,Sweet Melissa Shop,"14,266,322",Click Here,-
84,ludyskitchen.com,Ludy's Kitchen | Ludy's Kitchen Online Store,"14,538,036",Click Here,-
85,thebakingbuddies.com,The Baking Buddies - The One Stop Shop For All Of Your Baking Needs,"14,633,573",Click Here,-
86,technobake.com,Technobake | Panibois Wooden Baking Molds | Mol d'Art Chocolate Melter,"15,266,932",Click Here,-
87,beesbakedartsupplies.com,Bee's Baked Art Supplies | Bee's Baked Art Supplies,"15,469,592",Click Here,-
88,snacktivistfoods.com,snacktivistfoods.com– Snacktivist Foods,"15,620,993",Click Here,US
89,inparadiseonline.com,"Providing Baking Accessories, Kitchenware and Gadgets. – InParadiseOnline","16,158,217",Click Here,PA
90,danconias.com,Tasteful Gifts That Matter | Danconias Truffle Brownie Gifts,"16,507,729",Click Here,CA
91,thepurepantry.com,The Pure Pantry | the pure pantry,"16,509,727",Click Here,-
92,zaffreproducts.com,"Aluminum, Alcohol, & Propylene Glycol Free Deodorant that Works","16,815,806",Click Here,-
93,decasfarms.com,Decas Farms - The Best Cranberries for Cooking & Baking,"16,882,746",Click Here,US
94,bakeavenue.com,BakeAvenue,"17,399,160",Click Here,SG
95,bakeincup.com,Bake-In-Cup paper bakeware,"17,602,566",Click Here,US
96,pizzasteel.uk,"Pizza stone, baking steel or pizza steel? We help you decide :-)","18,202,854",Click Here,-
97,aplatwholesale.com,Aplat Wholesale | Culinary Design Collection,"18,564,223",Click Here,-
98,heritageflourbaking.com,Healthy Baked Goods with Organic Einkorn – The Heritage Flour Baking Co.,"18,588,308",Click Here,PA
99,buffbakery.ca,Buff Bakery,"18,710,626",Click Here,-
100,retreatibles.com,"ReTreat Edibles, make your own marijuana edibles at home. – reTreat Edibles - Taste The Experience","19,012,016",Click Here,CA
101,acefoodservice.com,CLE Ace Corporation,"19,359,066",Click Here,PH
102,ccook.store,Captain Cook Baking,-,Click Here,-
103,breadlovers.net,"""German Style"" Sourdough Bread Baking Kits – Breadlovers LLC",-,Click Here,CA
104,montrealbaking.com,Montreal Baking– Montreal Baking Co,-,Click Here,CA
105,woodenbakingbox.com,Wooden Baking Box – The New Zealand Wooden Baking Box,-,Click Here,CA
106,silpat.com,The Home of Baking Product | Silpat™ – SILPAT™,-,Click Here,-
107,bakemixes.com.au,Bake Mixes | Bake Mixes - Healthy Baking Mixes.,-,Click Here,-
108,bakersglaze.co.za,Bakers Glaze South Africa | Lorann Oils | Candy making | Baking | Food,-,Click Here,-
109,boulderbake.com,"Boulder Bake Grain FREE Baked Goods and Baking Mixes, Paleo, Vegan",-,Click Here,US
110,madamegateaux.ca,Madame Gateaux - Workshops : Kitchen : Baking,-,Click Here,-
111,cleanmixes.co,Clean Mixes | Convenient Mixes | Bliss Ball Mixes | Baking Mixes – Clean Mixes - Convenient Mixes - Bliss Ball Mixes - Baking Mixes.,-,Click Here,NZ
112,chefiblestore.com,"Baking Supplies, Recipes and Inspirations by Chefible Baking",-,Click Here,-
113,sugar-baking.com,Sugar Baking — Sugar Baking,-,Click Here,CA
114,moldmykitchen.com,"Mold My Kitchen: Food grade silicone baking, candy, ice, soap molds.",-,Click Here,CA
115,veganbakingandbooks.co.uk,Vegan Baking and Books– Baking.and.books,-,Click Here,-
116,rjskitchen.ca,"Kitchen and Baking Supplies. Christmas, Holiday and Gift Ideas. – RJ's Kitchen",-,Click Here,-
117,root9baking.com,Root 9 Baking - Buy Vegan Plant Based Chocolate Chip Cookies Online– Root 9 Baking Co.,-,Click Here,-
118,onebowlbaking.com.au,"One Bowl Allergy Free Baking Cookbook-nut,dairy,egg free + gluten free",-,Click Here,-
119,ohyaystudio.com,oh yay studio - Making + baking + everyday celebrating – Celebrating Holidays + everydays through making + baking + DIYs,-,Click Here,-
120,yourbakingbuddy.com,Baking Buddy® Hide-Away Kitchen Helper,-,Click Here,-
121,treatbakeshop.com.au,Treat Bakeshop | Brighten Up Your Baking,-,Click Here,-
122,mandimaes.com,"Mandi Mae's Baking Company, Delicious Cookies and Baked Goods – Mandi Mae's Baking Company, LLC",-,Click Here,-
123,grainstorm.com,Grainstorm Heritage Baking – GRAINSTORM,-,Click Here,CA
124,jacinapod.com,"JAC Baking Sets, Kits & Custom Design Cake Toppers – JAC in a Pod",-,Click Here,CA
125,flourlessbizzylizzy.com,Wheat Free Baking made with all Flourless Ingredients. Healthy Eating! – Bizzy Lizzy Flourless Bakery,-,Click Here,-
126,aniandfabi.com,Ani & Fabi | Baking Kits & Subscriptions For Desserts,-,Click Here,US
127,bakdcake.com,Freefrom baking Kits. Gluten Free Brownies. Gluten Free Cakes. Vegan.– bak'dcake,-,Click Here,UK
128,bakebossbakeware.com,Bake Boss : Premium Baking Supplies and Recipes,-,Click Here,-
129,bakerspartyshop.com,Bakers Party Shop: Shop Sprinkles + Baking Supplies +Party Supplies,-,Click Here,PA
130,bakingfun.ca,Welcome to Baking Fun,-,Click Here,-
131,dutchbakingco.com,Dutch Baking Co.,-,Click Here,CA
132,hannahshealthybakery.com,Hannah's Healthy Bakery - Amazing Paleo and Gluten Free Baking Mixes,-,Click Here,US
133,atlanticbakingco.com,Atlantic Baking Company,-,Click Here,US
134,blackoutbakingco.com,Blackout Baking Co. - Bite-size Gourmet Cookies,-,Click Here,-
135,funshowcase.com,"Silicone Molds, Sugarcraft and Baking, Crafting Tools",-,Click Here,CN
136,bettercravings.com,Better Cravings - Low Carb Dessert & Baking Mix,-,Click Here,PA
137,herbalfog.com,"Herbal Fog - Find best products for vaping, baking and growing herbs! – Herbalfog.com",-,Click Here,-
138,hillstwholefoods.co.nz,Hill St Wholefoods | Wholefood Baking Mixes,-,Click Here,-
139,glutenfreeheaven.com,Gluten-Free Heaven | Gluten Free Heaven Baking Mixes & Flour Blends That Taste Fantastic!,-,Click Here,PA
140,cakeinacrate.com,Cake in a Crate | Cake in a Crate | The plant-based baking kit,-,Click Here,US
141,shopforfallstuff.com,"ShopforFallStuff-Fall Decor,Accessories, Baking Tools, Halloween Masks– ShopforFallstuff",-,Click Here,US
142,everythingcakeandcookies.com,Buy baking supplies here! Fast 2 day shipping! – Everything Cake & Cookies!,-,Click Here,-
143,canadabakingsupplies.ca,Canada Baking Supplies,-,Click Here,-
144,lamay.co.za,"A wide variety of Baking accessories, Cutters, Moulds - Lamay",-,Click Here,-
145,pizzasteel.be,The Pizza Steel - Europes #1 Baking Steel,-,Click Here,-
146,pizzasteel.es,Plancha de acero para pizzas y panes - El Baking Steel Nº1 en Europa,-,Click Here,-
147,pizzasteel.fi,The Pizza Steel - Euroopan #1 Baking Steel,-,Click Here,-
148,pizzasteel.se,The Pizza Steel – Europas #1 Baking Steel,-,Click Here,-
149,playbakes.com,Baking kits for kids | Healthier bakes – PlayBakes,-,Click Here,GB
150,lilyandpips.com,Gluten Free Baking Mixes and Ready to Eat Gluten Free Cookies & Donuts – Lily & Pips,-,Click Here,-
151,craftandcrumb.com,"Award-winning cake, biscuit baking kits and personalised party bags – Craft & Crumb",-,Click Here,UK
152,cravecupcakes.shop,Crave Cupcakes - Baking Simple Sweet Indulgences From Scratch,-,Click Here,-
153,purest.ca,purest gluten free baking – PUREST gf,-,Click Here,-
154,cookincolor.com,Kids Baking & Cooking Parties and Classes for Kids!,-,Click Here,US
155,sugarsisters.ie,For Cake Decorations & Toppers | Baking Supplies | Sugarcraft | Icing – SugarSisters.ie,-,Click Here,-
156,wavethegrain.com,Gluten free baking that DOESN'T actually taste gluten free. – WavetheGRAIN,-,Click Here,-
157,momomizu.com,"Kitchen & Baking, Korean Fashion Clothing & Accessories Store – Momo Mizu",-,Click Here,-
158,sugarcloudxoxo.com,Sugar Cloud Baking Company – Sugarcloudxoxo,-,Click Here,US
159,wellbake.co.uk,Silicone bakeware moulds and accessories for easy non-stick baking – WellBake,-,Click Here,-
160,culcap.com,Grain's Anatomy: World's First Baking Lovers Apparel Shop,-,Click Here,IL
161,stefchef.co.uk,Stef's Baking Supplies & Party Shop,-,Click Here,-
162,mybelovedkitchen.com,Kitchen supplies cooking baking tools gadgets for chefs for household – My Beloved Kitchen,-,Click Here,CA
163,mrsvskitchen.com,Round Non-Stick Silicone Baking Mat Mrs V's Kitchen – Mrs Vs Kitchen,-,Click Here,-
164,superfoodbakery.co.uk,Healthy Baking Mixes,-,Click Here,-
165,kidscentralkitchen.com,Kids Baking & Cooking Parties and Classes for Kids!,-,Click Here,-
166,sweetdragonbaking.com,Sweetdragon Baking Company,-,Click Here,-
167,thecakerspantry.co.nz,The Caker's Pantry | Cake Decorating Supplies | Baking Supplies,-,Click Here,-
168,thehomebakingstore.com,The Home Baking Store,-,Click Here,-
169,theflourshop.com.au,The Flour Shop Perth - Baking and Blooms Delivered – theflourshop,-,Click Here,-
170,thebakingtree.co.uk,Cake Pops with UK Delivery – The Baking Tree,-,Click Here,-
171,thebakerslife.com,Baking Tools & Cooking Accessories | TheBakersLife – The Baker's Life,-,Click Here,-
172,uscakesupply.com,U. S. Cake Supply - Low Cost Cake Decorating Supplies — uscakesupply,-,Click Here,-
173,bakeitbox.com.au,Bake It Box,-,Click Here,-
174,bakingmehappy.com,Baking Me Happy – Baking Me Happy,-,Click Here,US
175,ecobake.shop,Welcome To Ecobake — EcoBake,-,Click Here,-
176,bowwowmeow.online,BowWowMeow Baking Co. | BowWowMeow Baking Co. All Natural Handmade Dog Treats and Cat Treats,-,Click Here,-
177,sugarhighhawaii.com,Sugar High Hawaii,-,Click Here,-
178,wensbakingstudio.com,Wen's Baking Studio – Wen's Baking Studio,-,Click Here,US
179,restaurantware.ae,"Restaurantware GCC: Eco Friendly Horeca Supplies, Bamboo & Palm Plates – Restaurantware.ae",-,Click Here,-
180,rnbakingsupplies.com,R&N Baking Supplies – R&N Baking Supplies,-,Click Here,-
181,moyums.com.au,Moyums - Cake mixes using organic and wholefoods you 'just add water'!,-,Click Here,-
182,kitchensavor.com,Kitchen Savor – KatsKitchen,-,Click Here,-
183,totaracottage.co.nz,Totara Cottage | Totara Cottage,-,Click Here,-
184,lekueusa.com,"Lékué USA - Silicone Cookware, Bakeware and Kitchenware",-,Click Here,-
185,ilovewondermilk.com,Wondermilk - Baking you happy everyday — Wondermilk™,-,Click Here,-
186,ilmigliore.com.au,il migliore – Il Migliore,-,Click Here,-
187,ingeniouscreation.net,Ingeniouscreation – Ingeniouscreations,-,Click Here,-
188,delivita.co.uk,DeliVita - the best wood-fired oven for outdoor dining – Delivita,-,Click Here,-
189,innolivin.com,"Innovative Car Utilities, Personal Care, Home & Kitchen Products – INNOLIVIN",-,Click Here,-
190,finalcutcakes.com,Final Cut Cakes – Finalcutcakes,-,Click Here,-
191,deco-vie.co.za,Restaurant Catering Suppliers I Glassware I Kitchenware I South Africa – DECO-Vie,-,Click Here,-
192,abxfoods.com,Asiaboxx Foods – Asiaboxx Foods | Hong Kong,-,Click Here,US
193,acbsupply.com,American Candy & Bakery Supply – American Candy And Bakery Supply,-,Click Here,US
194,welcomehomebrands.com,Welcome Home Brands,-,Click Here,US
195,farmpit.io,Farmpit - USDA Food Safe Natural Organic Deodorant for Men and Women,-,Click Here,-
196,123dough.com,123Dough Bakery,-,Click Here,US
197,farinup.us,Farin'UP USA: The Best Bake Mixes from Luxembourg | Quick and Easy,-,Click Here,-
198,begoodbaking.com,Be Good Baking Company,-,Click Here,US
199,intheveganing.com,Vegan Menu Planning – In The Veganing,-,Click Here,CA
200,bakeoglide.kitchen,"Original Bake-O-Glide Non-Stick Reusable Cooking, Baking & Oven Liners – Bake-O-Glide™",-,Click Here,-
201,bakerandcook.biz,Baker & Cook - Artisan Bakery & Foodstore | Singapore – Baker & Cook Pte Ltd,-,Click Here,-
202,bakesomememories.com,Bake Some Memories,-,Click Here,US
203,bakeyourimagination.com,Twinkle Baking Products,-,Click Here,US
204,bakingforbeebop.com,Baking for Bee Bop,-,Click Here,-
205,bakestarters.com,DIY Baking Kits | Singapore | Bakestarters,-,Click Here,-
206,bakingberry.com,The Baking Berry,-,Click Here,PA
207,amazingshop.in,All Types Of Top Online Selling Products Wholesale Dropshiping Market,-,Click Here,-
208,flowerbake.com,"Flowerbake Custom Cakes, Cafe, and Birthday Parties in Pelham, NY – Flowerbake by Angela",-,Click Here,US
209,flavoristsformulas.com,Flavorists Formulas,-,Click Here,-
210,iratya.com,Home Kitchen Garden Decor Solutions baking gadgets coffee tea Iratya,-,Click Here,-
211,iqliving.com,"iQliving | Appliances, Cookware, Bath, Storage, Kitchen, Home, Baking",-,Click Here,-
212,flavoursforhealth.com,"Health Shop Malta - Superfood, Protein Shake & Vegan Foods | Flavours for Health",-,Click Here,MT
213,bashfulbaker.com,Bashful Baker,-,Click Here,-
214,bartnlainys.co.uk,Bart 'n' Lainy's Canadian Wild Blueberries,-,Click Here,-
215,joyglobalgroup.com,Silicone Mould and Soap mould,-,Click Here,US
216,sageleia.ch,A Swiss-based online one-stop shop for parties and celebrations less ordinary.,-,Click Here,-
217,dragonflycakesupply.com,Dragonfly Cake Supply - Cake Decorating Creativity Without Limits!,-,Click Here,PA
218,bestvaluekitchen.com,Best Value Kitchen,-,Click Here,US
219,anselbeckpottery.com,Ansel Beck Pottery. Functional & Artful Stoneware.,-,Click Here,US
220,doucerie.ca,"Doucerie | Confectionery, Baking & Party Supplies",-,Click Here,-
221,freschonline.com,Fresch Online,-,Click Here,US
222,arousingappetites.com,The Premier Shop for Home and Kitchen Goods - Arousing Appetites Store,-,Click Here,CA
223,send-cake.com,Send Cake! Cake delivery UK. Mail order cakes.,-,Click Here,GB
224,breadhousebakerycincy.com,Bread House Bakery | Traditional Chinese Baker Serving Cincinnati – Bread House Bakery (麥香麵包坊),-,Click Here,US
225,hewittfresh.com,"Hewittfresh.ca: Online shopping in Muskoka - produce, baking, jams. – Hewitt's Of Muskoka",-,Click Here,CA
226,ediybles.com,EDIYBLES - Infuse Your Food,-,Click Here,-
227,gmark-hk.com,Gmark HK | Gmark-HK Lifestyle 廚具,-,Click Here,HK
228,boxybake.com,BoxyBake Home Page – Crown Bakery Supply,-,Click Here,US
229,saltandsmart.com,General store for kitchen home accessories gifts pets tools gadgets – Salt&Smart,-,Click Here,CA
230,harjinaturals.com,Harji Naturals: All natural. Plant-based Bath and Body Products,-,Click Here,CA
231,easybathcheesecakewrap.com,Easy Bath Cheesecake Wrap-safely bake cheesecake in a water bath,-,Click Here,-
232,getfudgedbrownies.com.au,Shop - Get Fudged Brownies | Get Fudged Brownies,-,Click Here,-
233,getsprinkled.com.au,Get Sprinkled,-,Click Here,-
234,satisfactoryshops.com,Satisfactoryshops– SatisFACTORYshop,-,Click Here,PH
235,healthyishfoods.com,Healthyish Foods– Healthyish Foods,-,Click Here,US
236,shopnordicgoods.com,Nordic Goods - Inspiring Scandinavian Traditions,-,Click Here,US
237,entertainidea.com,Entertain the idea | Entertain the Idea,-,Click Here,PA
238,enjoyfulfoods.com,"Enjoyful Foods. Dedicated to offer real 100% natural, paleo vegan food",-,Click Here,PA
239,butterfliesandbees.co.uk,Butterflies and Bees – Butterflies & Bees,-,Click Here,-
240,cakeandicingcentre.com.au,Studio Cakes Home – Cake & Icing Centre,-,Click Here,-
241,cakecentralbarbados.com,CAKE CENTRAL BARBADOS – Cake Central Barbados,-,Click Here,-
242,cakefairybakery.com,Welcome To Our Store! – Cake Fairy NH,-,Click Here,-
243,cakesbymelissa.com,Cakes by Melissa,-,Click Here,US
244,shopaholic.com.ph,Shopaholic for Kids | Shopaholic for Kids,-,Click Here,-
245,hudsonhenrybakingco.com,Small batch granola baked fresh and delicious – Hudson Henry Baking Company,-,Click Here,-
246,ellisonbaypotterystudios.com,Ellison Bay Pottery Studios - Order Artisan And Handcrafted Pottery – Ellison Bay Pottery Studios,-,Click Here,US
247,goldenbarkery.com.au,golden BARKery - gourmet dog bakery. Dog treats. Dog cakes. Plus more!,-,Click Here,-
248,grainbrainusa.com,Gain Brain USA – grainbrainusa,-,Click Here,US
249,cggourmet.com,"Gourmet Chocolate Gifts, Belcolade Chocolate Havanna Alfajores",-,Click Here,US
250,cavcouture.com,Welcome to CavCouture!,-,Click Here,-
251,magnussbookstore.com,Signed books by Magnus Nilsson– Magnus's bookstore,-,Click Here,SE
252,silcreations.com,"High Quality Silicone Consumer Products, Phone & Fashion Accessories",-,Click Here,-
253,cherryvalefarms.com,Cherryvale Farms,-,Click Here,US
254,silverwood-bakeware.com,Multi award-winning handcrafted professional-quality British Bakeware,-,Click Here,UK
255,shopstraya.com.au,Proudly Australian owned and operated - Shop STRAYA – Shopstraya.com.au,-,Click Here,-
256,pakery.de,Pakery | Kuchen ohne Schnickschnack,-,Click Here,-
257,pantryhaiku.com,Pantry Haiku,-,Click Here,US
258,pantryinnovations.com.au,Australian distributors of Otto's Cassava Flour – Pantry Innovations,-,Click Here,-
259,everythingforkitchens.com,Everything for kitchens – Marketing Star,-,Click Here,NO
260,evesapron.com,EvesApron.com – Eve's Apron,-,Click Here,PA
261,cannabites.io,Make Edibles At Home With Cannabites Cannabis Infused Baking Kits– Cannabites.io,-,Click Here,-
262,shopsugarroom.com,Sugar Room - Premiere Bakery and Cake Supply Store,-,Click Here,US
263,panaenterprise.com,Pana Enterprises – PanaEnterprises/SweetEs,-,Click Here,US
264,pizzasteel.fr,Pierre à pizza en acier - L'baking steel de la Pizza Steel Company,-,Click Here,-
265,pizzasteel.nl,Pizzasteen van steel - De Baking steel van de Pizza Steel Company,-,Click Here,-
266,platypusfoods.com.au,Platypus Foods,-,Click Here,-
267,slickcooks.com,Slick Cooks | Unique Must-Have Kitchen Gadgets and Tools!,-,Click Here,US
268,marcisbakery.com,"Marci's Gluten-Free, Vegan Bakery | Marci's Bakery Gluten Free, Vegan, Nut Free, Sesame Free, Dairy Free",-,Click Here,CA
269,cleverona.com,"Cooking, Baking, Drinking & Kitchen Tools & Equipment",-,Click Here,-
270,popkids.co,Pop Kids - Premium Kitchen Products for Kids – Pop Kids Store,-,Click Here,US
271,poppyseeds.co,Poppy Seeds England– Wholly Seeds,-,Click Here,-
272,mamaandthem.com,Momma and Them Bakeshop - Relatively Scrumptious Cookies,-,Click Here,US
273,mamaandthembakeshop.com,Momma and Them Bakeshop - Relatively Scrumptious Cookies,-,Click Here,US
274,petiteingredient.com.au,"Petite Ingredient, growers of edible flowers",-,Click Here,-
275,chickadeeway.com,Chickadee Way,-,Click Here,US
276,simplygranola.co.za,Simply Granola,-,Click Here,-
277,cissecocoa.com,Cocomama – Fair Trade™ Hot Cocoa & Baking Mixes,-,Click Here,US
278,skhomemadecakes.com.my,"Online Cake Delivery to KL, Penang, Johor Bahru by SK Homemade Cakes",-,Click Here,-
279,lilo.com.sg,Lilo Premium Ikan Bilis Powder,-,Click Here,-
280,cottonscafe.com,Cotton's Cafe Dog Treat Barkery,-,Click Here,US
281,rabarbo.com,RABARBO | Non-GMO gourmet food at affordable prices,-,Click Here,US
282,minimalwastegrocery.com,Minimal Waste Grocery - Zero waste groceries Ireland,-,Click Here,US
283,lyndasnuts.com,Lynda's Nuts,-,Click Here,US
284,puffin.com.kw,Puffin Company Kuwait,-,Click Here,-
285,cremornestreetbakers.com.au,Cremorne Street Bakers,-,Click Here,-
286,confectioncouturestencils.com,Confection Couture Stencils,-,Click Here,-
287,sophistiplate.com,Sophistiplate & Simply Baked -Entertaining Products For All Occassions,-,Click Here,-
288,lollislowcarbgranola.com,Lolli’s LowCarb Granola,-,Click Here,US
289,metalbreadforms.com,5 wide metal bread forms – American Pan UK,-,Click Here,US
290,priddyfairnutrition.co.uk,Priddyfair Nutrition|Cold pressed Black seed oil|Pure Himalayan salt|,-,Click Here,-
291,lovecake.co.nz,Love Cake | Allergy Friendly Baking Mixes and Pantry Essentials,-,Click Here,-
292,coolkitchendepot.com,Cool Kitchen Depot has the coolest tools and gadgets for your kitchen!,-,Click Here,US
293,messmats.co.nz,Mess Mats for Children designed for those messy jobs,-,Click Here,-
294,cookiedecoratingkits.com,Cookie Decorating Kits by Cookies to Decorate,-,Click Here,US
295,cookndineonline.co.uk,"Cook N Dine | Cooking, Baking & Kitchen Accessories at Great Prices",-,Click Here,-
296,kawaiitreatsandeats.com,Delicious low carb and keto dessert mixes!– Kawaii Treats and Eats,-,Click Here,-
297,redginghamgourmet.com,"Red Gingham Gourmet LLC. – Red Gingham Gourmet, LLC",-,Click Here,US
298,mommaandthembakeshop.com,Momma and Them Bakeshop - Relatively Scrumptious Cookies,-,Click Here,-
299,mommaandthem.com,Momma and Them Bakeshop - Relatively Scrumptious Cookies,-,Click Here,-
300,ketoqueenkreations.com,Keto Queen Kreations,-,Click Here,US
301,sullivanbleeker.com,Sullivan & Bleeker Baking Co. Toronto's Best Cupcakes & Cookies,-,Click Here,-
302,sukrin.com.au,Sukrin Australia – The Hub (Health & Wellness),-,Click Here,-
303,culinarykraft.co.za,CulinaryKraft Online,-,Click Here,-
304,cutiescuisine.com,Everything you need to make the cutest creations in your own kitchen! – Cutie's Cuisine,-,Click Here,-
305,cxbo.ca,CXBO Chocolates,-,Click Here,-
306,mybakestore.com,My Bake Store,-,Click Here,-
307,wonderlandbakingsupplies.com.au,Wonderland Baking Supplies,-,Click Here,-
308,mycheftools.com,https://mycheftools.com/,-,Click Here,-
309,kushkookies.ca,Kush Kookies – Kush Kookies,-,Click Here,-
310,kzstencils.com,"Killer Zebras Stencils, Cutters, and Baking Supplies",-,Click Here,-
311,mylittlebakingbox.com,My Little Baking Box,-,Click Here,-
312,sweetcanvas.com,Sweet Canvas,-,Click Here,-
313,mrtsbakery.com.au,Mr T's Bakery - The world of baking - cake specialist,-,Click Here,-
314,moustache.co.nz,Moustache Milk & Cookie Bar,-,Click Here,-
315,superkitchenstore.com,"Kitchen Gadgets, Dinnerware, Tableware, | Super Kitchen Store – superkitchenstore",-,Click Here,-
316,wholefoodsociety.com.au,Wholefood Society,-,Click Here,-
317,rollingpindepot.com,"Rolling Pin Depot | For your bakeware, baking tools & kitchen gadgets.",-,Click Here,-
318,sweetandscrumptious.co.uk,"Traditional Cookie Cutters, Cake Boxes & Boards, Edible Decorations – Sweet and Scrumptious",-,Click Here,-
319,sweetelitetools.com,Summit Baking Supplies,-,Click Here,-
320,sweetchalin.com,Sweet Chalin | Homemade Bakery – Sweetchalin,-,Click Here,-
321,kitchensituation.com,Kitchen Situation,-,Click Here,-
322,kitchenandbaking.com,Kitchen and Baking,-,Click Here,-
323,kitchenary.com.sg,Kitchenary,-,Click Here,-
324,kitchies.co.nz,Kitchies | Kitchies Mini Appliances | Portable Toaster Ovens in New Zealand,-,Click Here,-
325,kitsby.com,Kitsby,-,Click Here,-
326,zugvogeldesigns.com,Contemporary Portuguese and Bulgarian Ceramics – Zugvogel,-,Click Here,-
327,noahsbox.com,Noah's Box | The UK's Highest Rated Starter Kits – Noahs Box,-,Click Here,-
328,only-outlet.com,"Only-Outlet | Up to 70% Off Deals, Shop Deals and Coupons – couponcentral",-,Click Here,-
329,oooflavors.com,Liquid Flavor Concentrates PG VG Based Over 400 New and Exotic Flavors – One on One Flavors,-,Click Here,-
330,olendiy.com,"Olen DIY Home Decor, Kitchens, Craft Projects, Fashion Ideas",-,Click Here,-
331,omfoods.com,Organic Matters | Your source for organic ingredients – Om Foods | Organic Matters,-,Click Here,-
332,naturaleca.com,Naturaleca,-,Click Here,-
333,yippeeconecakes.com,Yippee cone cake holders are made of reusable bake safe paper | Yippee Cone Cakes,-,Click Here,-
334,uniquecookingsupplies.com,"Kitchen gadgets, Cooking Tools, Baking molds, Utensils, Appliances. – Unique Cooking Supplies",-,Click Here,-
335,uptownbakes.com,Uptown Bakes | Art of Baking,-,Click Here,-
336,newlifecookies.com.au,NewLife Cookies – New Life Cookies,-,Click Here,-
337,unicusbeauty.com,"MONA BRANDS: All-Natural, Aluminum-free, Vegan, Safe Deodorant For All",-,Click Here,-
338,yourcookingshop.com,YourCookingShop – yourcookingshop,-,Click Here,-
339,yourpiecebakingcompany.com,Your Piece Baking Company,-,Click Here,-
340,theindulgestore.com,The Indulge Store - Bring Joy Back Into The Kitchen!,-,Click Here,-
341,theculinaryboutique.com,"The Culinary Boutique | Kitchen Tools, Glassware & Engraved Gifts",-,Click Here,-
342,twistingredients.co.uk,Twist Ingredients - a Twist of baking magic!,-,Click Here,-
343,tzeramika.com,Tzeramika | Boleslawiec Pottery | Polish Ceramics Australia,-,Click Here,-
344,tupperwareonthego.co.uk,Buy Tupperware UK Products Online | Tupperware On The Go,-,Click Here,-
345,tuttiparti.com,Tutti Parti – Olive Us,-,Click Here,-
346,treatsbakedbystephanie.com,Cookie Mixes – Treats Baked by Stephanie,-,Click Here,-
347,o-somejourney.ml,O-some Journey,-,Click Here,-
348,outlawantler.com,Albatross Baking Co.,-,Click Here,-
349,thehealthybakingcompany.com,Maxaroon • Heart Thrive • California Suncakes • Gluten Free & Vegan – The Healthy Baking Company,-,Click Here,-
350,thebreadcompany.co.uk,"Breadmaking tools, Artisan Bread Baking Equipment, Couches & Bannetons – TheBreadCompany",-,Click Here,-
351,thermishop.co.uk,Sophia's Kitchen - Accessories for your Thermomix Appliances,-,Click Here,-
352,thermishop.com.au,"Thermishop AU - Accessories for Thermomix, baking equipment and more – thermishop.com.au",-,Click Here,-
353,theflavorgourmet.com,The Flavor Gourmet,-,Click Here,-
