1,colourpop.com,ColourPop Cosmetics,"1,665",Click Here,US
2,jeffreestarcosmetics.com,Jeffree Star Cosmetics,"4,262",Click Here,US
3,fashionnova.com,Fashion Nova | Fashion Online For Women & Men | Affordable Clothing,"5,015",Click Here,US
4,reddressboutique.com,Affordable Boutique Dresses & Clothing for Women | Red Dress Boutique®,"8,014",Click Here,US
5,kith.com,Kith,"10,293",Click Here,JP
6,gymshark.com,Gymshark | Official Store,"9,848",Click Here,UK
7,cupshe.com,Cupshe - Live Life On The Beach | Women's Fashion Swimsuits & Bikinis,"11,135",Click Here,JP
8,omaze.com,Omaze,"16,579",Click Here,US
9,mnml.la,mnml - modern simplicity,"17,065",Click Here,-
10,yeezysupply.com,YEEZY SUPPLY,"18,729",Click Here,UK
11,bulletproof.com,"20,331",Click Here,US,12
fangamer.com,"Fangamer - Video game shirts, books, prints, and more.","19,971",Click Here,US,13
allbirds.com,The World’s Most Comfortable Shoes – Allbirds,"20,500",Click Here,US,14
bombas.com,Bombas,"24,910",Click Here,US,15
gfuel.com,G FUEL Energy Formula: The Official Energy Drink of Esports®,"20,869",Click Here,US,16
decathlon.com,"Decathlon | Best Gear, Clothing and Footwear For All Sports","21,640",Click Here,FR,17
kyliecosmetics.com,Kylie Cosmetics by Kylie Jenner | Official Website,"28,068",Click Here,US,18
cettire.com,Cettire - A Luxury Online Fashion Emporium,"22,948",Click Here,AU,19
untilgone.com,Daily Deals - Savings Every Day - UntilGone.com,"23,326",Click Here,-,20
inspireuplift.com,"Inspire Uplift - Fun, Practical & Inspiring Products!","23,763",Click Here,US,21
citiesocial.com,citiesocial | 找好東西,"24,066",Click Here,TW,22
loreta.com.au,"LORETA - Clothing, Swimwear & Evening Wear","25,268",Click Here,-,23
stevemadden.com,Steve Madden® Official Site | 20% off + Free 2-Day Shipping,"26,367",Click Here,US,24
spigen.com,Something You Want | Spigen – Spigen Inc,"26,698",Click Here,US,25
beeinspiredclothing.com,"Global Designer Streetwear Brand. Designed In The UK, Inspired By Life","26,700",Click Here,GB,26
fleshlight.com,Fleshlight.com - Shop Adult Sex Toys & Male Pleasure Products,"28,074",Click Here,US,27
usatuan.com,美国团购网 – 美国团购网USAtuan.com,"28,259",Click Here,US,28
misthub.com,"[Online Vape Shop] Vape Kits, Vape Mods, Vape Tanks, Coils and E-Juice","29,962",Click Here,US,29
eightvape.com,"Vape Shop Online + Vape Mods, Vape Juice, E Cigarette, E Liquid – EightVape","30,667",Click Here,US,30
ripndipclothing.com,"Official Ripndip - Apparel, Accessories, Skate, & Lord Nermal – RIPNDIP","30,993",Click Here,US,31
bohme.com,Bohme.com – böhme,"32,662",Click Here,US,32
creativebooster.net,"CreativeBooster - Free Fonts, Mockups, Templates and Graphics","32,798",Click Here,PA,33
bungiestore.com,Bungie Store,"33,109",Click Here,US,34
peakdesign.com,Bags + Camera Gear | Peak Design Official Site,"33,666",Click Here,US,35
kbdfans.cn,KBDfans,"33,866",Click Here,-,36
sokoglam.com,"Soko Glam - Korean Skin Care, Beauty & Makeup Products","34,277",Click Here,US,37
huel.com,Huel | Complete Food,"34,744",Click Here,PA,38
brooklinen.com,Brooklinen™ | The Internet's Favorite Sheets,"40,493",Click Here,US,39
bajaao.com,Buy Musical Instrument & Audio Equipment Online At Bajaao.com,"36,014",Click Here,US,40
theyetee.com,The Yetee,"36,239",Click Here,US,41
mavi.com,Mavi Jeans | Premium Denim & Apparel,"36,345",Click Here,US,42
gouletpens.com,The Goulet Pen Company,"37,445",Click Here,CA,43
culturekings.com.au,Culture Kings - Streetwear Clothing & Sneakers Online,"37,456",Click Here,AU,44
bettersnatch.com,BetterSnatch,"38,154",Click Here,US,45
williampainter.com,William Painter | The Best Sunglasses Ever With A Lifetime Guarantee,"38,429",Click Here,US,46
quickmobilefix.com,Quick Mobile Fix - Mobile Phone Repairs & Refurbished Phones,"38,576",Click Here,GB,47
ridgewallet.com,"The Ridge Wallet: Slim, RFID blocking metal wallet.","38,812",Click Here,US,48
ocs.ca,Ontario Cannabis Store | Ontario Cannabis Store,"38,941",Click Here,-,49
outdoorvoices.com,Outdoor Voices — Technical Apparel for Recreation,"39,654",Click Here,US,50
shopmrbeast.com,ShopMrBeast,"41,209",Click Here,US,51
islamicity.org,IslamiCity - The Global Muslim eCommunity,"41,564",Click Here,US,52
secretlab.co,Secretlab | Award-winning gaming chairs | Secretlab US,"42,412",Click Here,US,53
teefury.com,The Daily Exclusive | TeeFury,"43,319",Click Here,US,54
manscaped.com,Manscaped Perfect Package 2.0 Men’s Grooming Kit – Manscaped.com,"43,501",Click Here,US,55
halobeauty.com,HALO BEAUTY VITAMINS by TATI WESTBROOK – Halo Beauty Inc.,"43,665",Click Here,US,56
popsockets.com,"PopSockets® - The Original Phone Grip, now with a Swappable Design!","43,833",Click Here,US,57
bdgastore.com,Bodega,"44,309",Click Here,US,58
vicicollection.com,VICI,"44,411",Click Here,US,59
alrugaibfurniture.com,Al Rugaib Furniture مفروشات الرقيب,"44,495",Click Here,IN,60
morphebrushes.com,"Morphe | Eyeshadow Palettes, Lip Colors, Makeup Brushes & More","44,753",Click Here,US,61
puravidabracelets.com,Pura Vida Bracelets®: Founded in Costa Rica - Handmade Bracelets | Pura Vida Bracelets,"45,080",Click Here,US,62
deadstock.ca,Premier apparel and footwear boutique. – Deadstock.ca,"46,378",Click Here,CA,63
blacktailor.store,"BLACKTAILOR | Cargo Streetwear, Cargo Pants & Techwears","46,674",Click Here,-,64
wearfigs.com,"FIGS - Premium Scrubs, Lab Coats & Medical Apparel","47,121",Click Here,US,65
aloyoga.com,Alo Yoga | Yoga clothes for your studio-to-street lifestyle,"47,199",Click Here,US,66
thepihut.com,The Ultimate Raspberry Pi & Maker Store | The Pi Hut,"47,753",Click Here,GB,67
headphonezone.in,Buy Headphones & Earphones Online - Premium High End Headphones,"47,823",Click Here,IN,68
fanjoy.co,Official Merchandise From Your Favorite People,"48,197",Click Here,US,69
soylent.com,Soylent.com - Let us take a few things off your plate.,"48,387",Click Here,FR,70
havenshop.com,HAVEN,"48,704",Click Here,CA,71
fab.com,"Fab - live your fab life. Fitness, health & wellness products for you.","49,294",Click Here,IE,72
timbuk2.com,"Timbuk2 Bags: Backpacks, Messenger Bags, Custom Bags","49,477",Click Here,US,73
mediamarkt.pt,Media Markt Portugal – MediaMarkt,"50,328",Click Here,-,74
chubbiesshorts.com,Chubbies Shorts,"55,727",Click Here,US,75
victoryhangers.com,Medal Hangers - VictoryHangers.com,"50,525",Click Here,US,76
behearty.com,Behearty.com - Incredible deals on Diamonds & Gemstone Jewelry – behearty,"50,990",Click Here,US,77
sisterjane.com,Sister Jane,"51,029",Click Here,JP,78
heatonist.com,HEATONIST | Purveyors of Fine Hot Sauces,"51,237",Click Here,US,79
unique-vintage.com,Vintage Clothing & Dresses – Retro Clothing Styles | Unique Vintage,"51,505",Click Here,US,80
untuckit.com,UNTUCKit,"51,609",Click Here,US,81
lackofcolor.com.au,lack of color – Lack of Color,"53,058",Click Here,JP,82
crownandcaliber.com,Buy and Sell Used Luxury Watches Online | Crown & Caliber,"53,178",Click Here,US,83
kingice.com,Designer Streetwear Jewelry – KingIce,"53,366",Click Here,US,84
mirascreen.com,Wireless screen mirroring and smartphone AV cable - MiraScreen,"53,506",Click Here,PA,85
shethinx.com,THINX | For People with Periods,"53,547",Click Here,US,86
naturalbabyshower.co.uk,Natural Baby Shower – Quality natural baby products and gifts,"54,285",Click Here,GB,87
ruggable.com,Stylish Machine Washable Area Rugs and Runners | Ruggable,"54,375",Click Here,US,88
dailysteals.com,"Daily Steals: Daily Deals on Phones, Electronics and More","54,511",Click Here,US,89
mous.co,Mous | Slim Protective iPhone & Samsung Cases,"55,224",Click Here,FR,90
zoofashions.com,ZOOFASHIONS.COM - Men's Designer Fashion Boutique,"55,244",Click Here,GB,91
limitedrungames.com,Limited Run Games,"55,326",Click Here,US,92
blackriflecoffee.com,BLACK RIFLE COFFEE COMPANY – Black Rifle Coffee Company,"56,636",Click Here,US,93
teddyfresh.com,Teddy Fresh Official,"57,118",Click Here,US,94
indestructibleshoes.com,Indestructible Shoes - Unbreakable Shoes (New 2019 Collection),"57,219",Click Here,US,95
livefitapparel.com,SHOP – Live Fit. Apparel,"57,512",Click Here,US,96
racedayquads.com,FPV Drone - Racing Drone Store - FPV Racing Quadcopter — RaceDayQuads,"57,788",Click Here,CA,97
thebrick.com,Shop for Quality Furniture in Canada or Online | The Brick,"58,058",Click Here,CA,98
onewheel.com,Onewheel // Future Motion,"58,094",Click Here,CA,99
mondotees.com,Mondo,"58,161",Click Here,US,100
101,boombycindyjoseph.com,BOOM by Cindy Joseph | BOOM by Cindy Joseph - Pro Age Cosmetics for Women of Every Generation,"56,586",Click Here,US
102,pimaxvr.com,"VR headset, VR device – Pimax Technology","58,431",Click Here,-
103,taylorstitch.com,Classic Men’s Clothing | Taylor Stitch,"58,605",Click Here,US
104,cartots.com,"Car Tots Remote Control Ride On Cars, Trucks, SUVs and jeeps | Cars for Toddlers and Kids, Remote Control Ride On Cars and Trucks","58,745",Click Here,US
105,marinelayer.com,Marine Layer,"58,854",Click Here,US
106,hellonomad.com,NOMAD® | Cases & Accessories | Official Store,"59,061",Click Here,US
107,altitude-sports.com,Altitude Sports | Technical Apparel for the City and Nature,"59,367",Click Here,-
108,pinhealth.com,"Buy Health care products online I Baby care, Diabetic Care – Pin Health","59,690",Click Here,US
109,notre-shop.com,"Notre Shop - Chicago, IL","60,042",Click Here,US
110,fazeclan.com,FaZe Clan® Official - Professional Esports Organization | fazeclan.com,"60,971",Click Here,PA
111,rhone.com,"Men's Workout Clothes, Fitness Apparel & Premium Activewear | Rhone","60,993",Click Here,US
112,rdserviceonline.com,RD Service Online – Register IDEMIA (Morpho) fingerprint biometric sensor with UIDAI,"61,247",Click Here,IN
113,rmattress.com,R Mattress - the best mattress store in Los Angeles,"61,497",Click Here,US
114,overtone.co,oVertone Haircare - Healthy Color for Healthy Hair,"61,654",Click Here,US
115,47brand.com,"Shop Sport Lifestyle Licensed Hats, Caps and Apparel from '47","62,061",Click Here,US
116,tortugabackpacks.com,Tortuga | Travel Backpacks,"62,112",Click Here,PA
117,shopsk.com,"ShopSK | Buy Liquor, Spirits and Wine Online","62,286",Click Here,US
118,parachutehome.com,"Parachute – Home happens here. Bedding, bath linens, decor and more. – Parachute Home","62,375",Click Here,US
119,andi-bagus.com,"Andi Bagus | Home | Clothing, swimwear and accessories","62,811",Click Here,US
120,neer.ro,"NEER - Magazin online de imbracaminte femei, rochii, peruci, accesorii","63,109",Click Here,-
121,slideforest.com,Slideforest | Professional Presentation Templates,"63,598",Click Here,PA
122,shoppriceless.com,Shop Priceless - The latest in women & teen fashion at prices you can afford.,"63,801",Click Here,US
123,proozy.com,Outfit your Workout. Outfit your Adventure. Outfit your Life - Proozy,"63,809",Click Here,US
124,italic.com,Italic | Luxury without labels.,"63,840",Click Here,CA
125,tanotis.com,Tanotis® - The International Wholesale Store,"64,008",Click Here,IN
126,gaiam.com,"Shop Gaiam for yoga, fitness, meditation, active sitting, and wellness","64,511",Click Here,US
127,ine.com,INE Network Training Experts - Experts at Making You an Expert,"64,688",Click Here,US
128,bhcosmetics.com,High Quality Makeup & Affordable Beauty Products Free Shipping on $40– BH Cosmetics,"77,440",Click Here,US
129,icreagifts.com,Personalized Gifts for Your Specials - iCrea Gifts,"64,935",Click Here,US
130,dftba.com,Don't Forget To Be Awesome – DFTBA,"65,049",Click Here,US
131,metathreads.com,Meta Threads | Lifestyle Gaming Apparel – MetaThreads,"65,233",Click Here,US
132,urbanindustry.co.uk,Urban Industry | Shop UK's Premier Street Wear & Urban Clothing Store,"65,471",Click Here,-
133,pornhubtoys.com,Pornhubtoys.com | Pornhub Sex Toys,"65,988",Click Here,LU
134,exportleftovers.com,Best online Shopping Pakistan,"66,188",Click Here,PK
135,aimeleondore.com,Aimé Leon Dore,"66,240",Click Here,US
136,beardbrand.com,Beard Products | Beardbrand,"68,613",Click Here,US
137,swaggsauce.com,Vape Juice | Salt Nicotine & Eliquids Online | Swagg Sauce,"66,591",Click Here,US
138,hawkersco.com,Hawkers | Official Website | Gafas de Sol,"66,598",Click Here,US
139,enchroma.com,EnChroma® Color Blind Glasses | Cutting-Edge Lens Technology,"67,124",Click Here,US
140,shirtz.cool,Cool Shirtz,"67,139",Click Here,PA
141,thelasthunt.com,The Last Hunt |,"67,249",Click Here,US
142,cotopaxi.com,Cotopaxi - Gear For Good | Free shipping on orders $99+,"67,415",Click Here,US
143,crowdmade.com,Crowdmade - The best merch from the creators you love,"67,431",Click Here,CA
144,toddsnyder.com,Todd Snyder,"67,489",Click Here,US
145,undefeated.com,Undefeated,"67,543",Click Here,US
146,hak5.org,Top Pentest Devices,"67,624",Click Here,US
147,alphaleteathletics.com,Alphalete Athletics,"68,144",Click Here,US
148,topodesigns.com,"Backpacks, bags, and apparel for anywhere on your map.– Topo Designs","68,209",Click Here,US
149,riptapparel.com,"RIPT Apparel - Nerdy, Geeky, Limited Edition Pop Culture Graphic Tees","68,278",Click Here,US
150,myphotosocks.com,"Photo Socks, Custom Your Own Socks From Photo– MyPhotoSocks","69,099",Click Here,US
151,iheartraves.com,"Rave Outfits, Festival Clothing and Rave Gear","69,341",Click Here,US
152,outofthesandbox.com,Shopify Themes from Out of the Sandbox,"69,371",Click Here,CA
153,unifclothing.com,"UNIF | The Official Home for UNIF Womens, Mens, Shoes and Accessories","69,639",Click Here,US
154,asrv.co,ASRV | Training,"70,033",Click Here,US
155,lunadisplay.com,Luna Display | Turn your iPad into a second display,"70,252",Click Here,-
156,shapermint.com,Shapermint | Wear Shapewear LOUD and PROUD!,"70,742",Click Here,PA
157,hubblecontacts.com,HUBBLE | The More Affordable Daily Contact Lens.,"70,984",Click Here,US
158,1sale.com,"81,307",Click Here,US,159
bulletjournal.com,Bullet Journal,"71,455",Click Here,CA,160
gonoise.com,"Noise Action Camera, Wireless Earbuds, Smart Watch & bands Online India | Gonoise.com","71,889",Click Here,HK,161
wearlively.com,LIVELY - Bras and Undies,"72,114",Click Here,US,162
turtlebeach.com,Turtle Beach® #1 Gaming Headsets - Hear Everything. Defeat Everyone.,"72,510",Click Here,US,163
volcom.com,"Volcom | Skate, Swimwear, Snowboarding Clothes & More","72,608",Click Here,US,164
eastessence.com,"Modest Islamic Clothing Online by EastEssence for Muslim Women, Men","72,681",Click Here,CA,165
sinnersattire.com,Sinners Attire (SNRS) Men's & Women's Streetwear Clothing,"72,897",Click Here,JP,166
blenderseyewear.com,"Blenders Eyewear | Blenders Sunglasses, Ski Goggles","72,966",Click Here,US,167
futurelab.tw,Future Lab. 未來實驗室，為了未來而實驗,"73,149",Click Here,-,168
birddogs.com,"Birddogs Shorts, Best Men's Gym Shorts | Free Shipping | Birddogs.com","73,863",Click Here,US,169
finalmouse.com,Finalmouse - Innovation for esports Athletes,"74,504",Click Here,US,170
vitalproteins.com,Collagen Protein Powder and Beef Gelatin - Vital Proteins,"74,523",Click Here,US,171
grandado.com,Grandado.com - Altijd gratis verzending,"74,540",Click Here,US,172
summersalt.com,Designer Swimwear Without The Designer Price Tag | Summersalt,"74,770",Click Here,CA,173
afends.com,Afends Official - Byron Bay Clothing & Fashion Label,"74,929",Click Here,AU,174
isawitfirst.com,I Saw It First | ISAWITFIRST.com | Women's Clothes | Online Fashion – I SAW IT FIRST,"74,943",Click Here,UK,175
octobersveryown.com,OCTOBER'S VERY OWN - CANADA – October's Very Own Online CA,"75,174",Click Here,US,176
theproscloset.com,"The Pro's Closet - Pre-Owned Bikes, Frames, Components & Accessories","75,296",Click Here,US,177
flatspot.com,"Skateboarding, Shoes, Clothing Online Store | Flatspot","75,428",Click Here,UK,178
turntablelab.com,A Better Music Store Experience serving DJs + The Music Obsessed since 1999 – TurntableLab.com,"75,817",Click Here,US,179
worldwidecyclery.com,Worldwide Cyclery - All Things MTB. Shop / Watch / Read.,"75,887",Click Here,US,180
breazy.com,"Breazy.com I Vaping E Liquid, E Juice, and Vape Mods","75,978",Click Here,US,181
beginningboutique.com.au,"Women's Clothing Boutique, Dresses & Fashion Online – Beginning Boutique","76,756",Click Here,AU,182
nobullproject.com,"NOBULL Training Shoes, Apparel and Accessories.","78,229",Click Here,US,183
dagnedover.com,Bags Designed For A Life In Motion - Designer Handbags | Dagne Dover,"78,813",Click Here,US,184
leons.ca,Leon's - Canada's Leading Furniture Store,"79,843",Click Here,-,185
nakedwolfe.com,Naked Wolfe Footwear,"80,076",Click Here,US,186
shadyrays.com,Shady Rays® | Polarized Sunglasses,"80,535",Click Here,US,187
hyperstech.com,HyperTech - Coolest Gadgets for Trendy People – HypersTech,"80,854",Click Here,PA,188
lakenzie.com,lakenzie,"80,960",Click Here,US,189
ubtrobot.com,UBTECH Robotics - Humanoid intelligent & programmed robots for family,"81,134",Click Here,-,190
blinkforhome.com,"83,443",Click Here,US,191,rageon.com
RageOn! - The World's Largest All-Over-Print Online Store,"81,355",Click Here,US,192,urban-planet.com
"Affordable Fashion for Women, Men, Girls Fashion and Boys Fashion |...","81,489",Click Here,-,193,placementseason.com
Company Specific Mock Tests & Solutions - Campus Recruitment,"81,517",Click Here,IN,194,zinus.com
"Mattresses, Style and Ease. Live in Wonder | Zinus","81,840",Click Here,-,195,planetofthevapes.com
The Best Online Store to Buy Vaporizers | Planet of the Vapes,"81,900",Click Here,US,196,tigermist.com.au
Online Fashion Boutiques | Shop Clothing Online - Tiger Mist,"81,926",Click Here,JP,197,buckmason.com
Buck Mason | Modern American Classics,"82,157",Click Here,US,198,bjjfanatics.com
BJJ Fanatics - Brazilian Jiu Jitsu Techniques and Gear,"82,163",Click Here,US,199,tecovas.com
"Tecovas Handmade Cowboy Boots | Classic, Western Roper Bootmakers","82,178",Click Here,US,200,thrivecausemetics.com
201,greats.com,Premium Sneakers. Free Shipping On All Orders | GREATS,"82,322",Click Here,US
202,skinnydiplondon.com,"Skinnydip London | Phone Cases, Gifts, Clothing & Beauty Accessories.","82,731",Click Here,UK
203,ensorings.com,Silicone Rings | Silicone Wedding Bands | Unique Wedding Rings | Enso Rings,"82,936",Click Here,US
204,cloud9.gg,Cloud9,"83,499",Click Here,-
205,notsafeforwork.com,NSFW CLOTHING | 9GAG SHOP - The Only Official 9GAG Merchandise,"83,745",Click Here,US
206,milkbarstore.com,Milk Bar | Not Your Average Bakery,"83,888",Click Here,US
207,drjoedispenza.com,"Dr. Joe Dispenza Books, CDs, Meditations, Online Workshops – Drjoedispenza.com - Encephalon, Inc.","84,290",Click Here,US
208,polarprofilters.com,PolarPro | DJI / GoPro / Camera Gear & Accessories,"84,484",Click Here,US
209,kono.store,Mechanical Keyboards and Awesome Stuff Worth Buying — Kono Store,"84,505",Click Here,US
210,leesa.com,A Better Place to Sleep. Try risk-free for 100 nights | Leesa,"84,688",Click Here,US
211,luxyhair.com,Luxy Hair Clip-in Hair Extensions,"84,947",Click Here,US
212,bando.com,ban.do | We exist to help you be your best.,"85,063",Click Here,US
213,bestchoiceproducts.com,"Best Choice Products | Quality & Savings, Always","92,491",Click Here,US
214,thegymking.com,Gym King Clothing | Womens & Mens Tracksuits | GK Clothes,"85,184",Click Here,GB
215,onlyny.com,Only NY,"85,676",Click Here,US
216,knockaround.com,Knockaround | Affordable Sunglasses from San Diego,"85,819",Click Here,PA
217,retrosupply.co,RetroSupply Co – Retro Effects for Photoshop and Illustrator,"86,661",Click Here,-
218,usagundamstore.com,"USA Gundam Store - Gundam Models, Gunpla Models, Star Wars Nendoroids","87,047",Click Here,US
219,northernbrewer.com,Northern Brewer Home Brewing Supplies,"92,695",Click Here,US
220,maperformance.com,Performance Car Parts & Auto Accessories | Unbeatable Prices & Service – MAPerformance,"88,208",Click Here,US
221,dailytravelvibe.com,Adventurer's Paradise,"88,515",Click Here,US
222,tommyjohn.com,Tommy John | No Adjustment Needed,"88,625",Click Here,US
223,fearofgod.com,Fear of God,"88,748",Click Here,-
224,rebeccaminkoff.com,Luxury Handbags | Designer Clothing & Accessories | Rebecca Minkoff,"88,765",Click Here,US
225,organifishop.com,Organifi Green Juice,"89,076",Click Here,US
226,limelight.pk,Limelight Official Online Store in Pakistan | Limelight.pk,"89,363",Click Here,-
227,loomsolar.com,"India’s premium solar brand store: Buy solar systems, panels online","89,457",Click Here,US
228,collins.co.uk,"Collins for Education, Revision, Dictionaries, Atlases & ELT","89,714",Click Here,GB
229,mobexpert.ro,Mobexpert,"89,825",Click Here,-
230,superkingmarkets.com,"Welcome to Super King Markets, A Host of International Foods","90,313",Click Here,US
231,quayaustralia.com,Quay Australia Official US Site | Notoriously Cool Sunnies,"90,317",Click Here,US
232,littlestyleshop.com,Little Style Shop,"90,598",Click Here,US
233,edelkrone.com,edelkrone,"90,872",Click Here,US
234,tentree.com,Sustainable Clothing by tentree® | Shop Organic + Plant 10 Trees,"91,101",Click Here,US
235,patrickadairdesigns.com,Patrick Adair Designs,"91,202",Click Here,US
236,vitalydesign.com,Vitaly - Shop Online,"91,401",Click Here,CA
237,noahny.com,Noah NYC,"91,876",Click Here,US
238,streetwearofficial.com,"Streetwear Fashion, Graphic Tees, Snapbacks, and Accessories – Streetwear Official","92,058",Click Here,US
239,radpowerbikes.com,Rad Power Bikes | Electric Fat Bikes and Electric Cargo Bikes,"92,233",Click Here,US
240,originalstitch.com,Original Stitch,"92,361",Click Here,US
241,extrabutterny.com,Extra Butter New York,"92,696",Click Here,US
242,roolee.com,"Dresses, shirts, tops & bottoms picked for comfort & style | ROOLEE","93,311",Click Here,US
243,sneakerpolitics.com,Sneaker Politics,"93,350",Click Here,US
244,bodycandy.com,"Body Jewelry, belly button rings, body piercing jewelry, nose rings – BodyCandy","93,453",Click Here,-
245,thegldshop.com,The GLD Shop - Hip Hop Jewelry - FREE shipping,"93,465",Click Here,US
246,drunkelephant.com,Drunk Elephant,"93,768",Click Here,US
247,lithiumcycles.com,The Super73® Electric Motorbike– SUPER73,"93,954",Click Here,US
248,reliquiajewellery.com,Reliquia Jewellery,"94,240",Click Here,AU
249,tiege.com,Uncomplicated Skin Care for Men – Tiege Hanley,"94,466",Click Here,US
250,girlfriend.com,Girlfriend Collective; more than clothes for women who care.,"94,956",Click Here,US
251,sanea-haushalt.de,Sanea - Alles rund um Wohnung und Bad,"95,295",Click Here,-
252,420science.com,"420 Science | Modern Online Headshop. Bongs, vapes, dab rigs & more","95,475",Click Here,US
253,oipolloi.com,Oi Polloi,"95,477",Click Here,GB
254,fullsend.com,Full Send by Nelk– Full Send by Nelk Boys,"95,628",Click Here,US
255,gruntstyle.com,"This We'll Defend – Grunt Style, LLC","95,792",Click Here,US
256,ghostlifestyle.com,GHOST LIFESTYLE | BE SEEN BEYOND THE WALLS OF THE GYM,"95,897",Click Here,US
257,groovelife.com,"Groove Silicone Rings - Active, Silicone Wedding Bands that Breathe – Groove Life","96,114",Click Here,US
258,sharkrobot.com,Shark Robot | We Sell Awesomeness,"96,138",Click Here,OT
259,rhinoshield.io,RhinoShield Protective Cases by Evolutive Labs– RhinoShield by Evolutive Labs,"96,446",Click Here,-
260,tableclothsfactory.com,tableclothsfactory.com | High Quality Table Linens at Wholesale Price,"96,982",Click Here,US
261,darntough.com,"Darn Tough Vermont - Premium Merino Wool Socks, for more than hiking","97,601",Click Here,US
262,zgla.com,"Zero Gravity Cases for iPhone 6/6s, 7/8, 7/8 PLUS & iPhone X.","97,780",Click Here,US
263,sivanaspirit.com,"Sivana - Healing Jewelry, Clothing, & Conscious Gifts - Free Shipping!","97,798",Click Here,US
264,triangl.com,Triangl,"98,358",Click Here,US
265,homage.com,Vintage Apparel | Retro & Vintage Clothing | HOMAGE,"98,655",Click Here,US
266,hamee-india.com,"Online Shopping for Phone Covers, Cases & Accessories in India | Hamee","98,880",Click Here,IN
267,herringstonesboutique.com,Herringstones Boutique,"99,078",Click Here,US
268,vapejuicedepot.com,Vape Juice Depot - Online Vape Store Pod Juice Salt Nic eLiquids,"99,156",Click Here,US
269,urbandictionary.store,Urban Dictionary,"99,168",Click Here,US
270,intotheam.com,"Graphic & All Over Print: Shirts, Hoodies, Tank Tops - INTO THE AM","99,277",Click Here,US
271,lazyoaf.com,Men's and Women's Independent Streetwear I Lazy Oaf,"99,279",Click Here,GB
272,mizzenandmain.com,Performance Fabric Menswear - Mizzen+Main,"99,385",Click Here,US
273,polaroidoriginals.com,Polaroid Instant Cameras and Film,"99,639",Click Here,US
274,mylola.com,"We're LOLA — reproductive care for women, by women","99,879",Click Here,CA
275,nisolo.com,Leather Shoes & Accessories | Handcrafted and Ethically Made | Nisolo,"99,985",Click Here,US
276,gio-voss.com,Gio Voss Fashion Collection | The Stylish Approach,"100,027",Click Here,US
277,langehair.com,L'ange Hair - Hair Styling Tools & Hair Care Products,"100,119",Click Here,US
278,mclabels.com,MCLABELS - Luxury Fashion Online,"100,311",Click Here,IT
279,100percentpure.com,Natural Beauty Products | Pure & Organic Cosmetics | 100% PURE,"100,383",Click Here,US
280,youfoodz.com,Healthy Meals Delivered - Youfoodz,"100,762",Click Here,AU
281,nuraphone.com,nuraphone - Music in Full Colour™ | Personalized sound,"100,882",Click Here,US
282,memebox.com,"Memebox | Beauty Made Easy, Inspired By You – Memebox US","100,963",Click Here,KR
283,groundcontrolcolor.com,"Ground Control - Color Grading LUTs for DJI, Canon, Sony, GoPro...","101,290",Click Here,US
284,kitbash3d.com,KitBash3d,"101,561",Click Here,US
285,hellomerch.com,Hello Merch - Band Merch | Web Stores | Fulfillment | Screen Printing,"101,563",Click Here,US
286,cheapundies.com,Get the Best Underwear Deals Online With CheapUndies | Cheap Underwear From Top Brands | Sexy Designer Underpants,"101,734",Click Here,US
287,pagefly.io,PageFly - ecommerce conversion rate optimization solution for Shopify,"101,866",Click Here,-
288,undergroundshirts.com,T-Shirt & Apparel Printing | Underground Printing - UGP,"102,036",Click Here,US
289,themarathonclothing.com,The Marathon Clothing,"102,109",Click Here,US
290,productionmusiclive.com,Production Music Live - Ableton Templates Start To Finish Tutorials,"102,125",Click Here,DE
291,solarisjapan.com,"Japanese Anime Store - Figures, Merchandise and More! - Solaris Japan","102,138",Click Here,GB
292,hygoshop.com,"HYGOShop.com - Amazing Gifts, Cool Products, Useful Gadgets!","102,224",Click Here,US
293,soludos.com,Soludos | Espadrilles & Sandals,"102,319",Click Here,US
294,sodastream.com,"SodaStream Official: Sparkling Water Makers, Carbonating Gas Cylinders","102,493",Click Here,US
295,dsrcv.com,DESTRUCTIVE – DSRCV,"102,764",Click Here,US
296,targus.com,"Targus.com: Laptop Bags, Tablet Cases, Computer Accessories & More – Targus US","102,986",Click Here,-
297,baggu.com,BAGGU,"103,219",Click Here,US
298,labyrinthos.co,Labyrinthos Academy - Online Tarot School for Witches & Wizards,"103,246",Click Here,US
299,esntls.co,ESNTLS,"103,527",Click Here,US
300,peachandlily.com,Peach & Lily | Korean Skin Care and Beauty Products,"103,897",Click Here,US
301,artofplay.com,"Art of Play - Playing Cards, Puzzles and Amusements","103,948",Click Here,US
302,lensball.com,Lensball | The perfect crystal ball for wide-angle photography – lensball,"104,300",Click Here,-
303,ttdeye.com,Coloured Contacts Online|Circle Lenses|Cosmetic Lenses,"105,050",Click Here,-
304,dezzn.com,Dezzn - Streetwear Lable | Free Worldwide Shipping,"105,399",Click Here,US
305,lifx.com,Wi-Fi enabled LED smart lights - LIFX.com,"105,623",Click Here,PA
306,sunberhair.com,"Sunber Hair-100% Virgin Human Hair Weave, Virgin Remy Hair Bundles","105,743",Click Here,-
307,rhinoshield.tw,犀牛盾｜官方網站– 犀牛盾 RhinoShield,"105,900",Click Here,-
308,standard.tv,Standard,"106,135",Click Here,-
309,visualsbyimpulse.com,"Free Twitch Overlays, Alerts & Templates | Visuals by Impulse","106,348",Click Here,US
310,choicemusicla.com,Choice Music LA,"106,631",Click Here,US
311,ebbets.com,"Ebbets Field Flannels, Vintage Throwback Jerseys, Baseball Caps, Tees","106,784",Click Here,-
312,emojiisland.com,Emoji Island | Download Emoji Images For Free!,"106,845",Click Here,US
313,foursigmatic.com,Four Sigmatic,"106,849",Click Here,HK
314,vanityplanet.com,"Best Beauty Care Products for Body, Face, and Hair | Vanity Planet","107,137",Click Here,US
315,woodgrey.com,W O O D / G R E Y,"107,353",Click Here,-
316,urbanarmorgear.com,"Rugged, Lightweight, Drop-Tested Cases for Phones, Tablets & Laptops","107,436",Click Here,US
317,amourvert.com,Amour Vert is sustainable fashion made in the USA,"107,442",Click Here,CA
318,sourcevapes.com,"SOURCEvapes - Best Vape Pen, Portable Vaporizer, and Portable eNail","108,131",Click Here,US
319,qalo.com,"Silicone Rings, Silicone Wedding Bands & Active Lifestyle Rings | QALO","108,646",Click Here,US
320,motelrocks.com,Vintage & Printed Women's Fashion & Clothes - Motel Rocks – motelrocks.com,"108,758",Click Here,-
321,kkwbeauty.com,KKW BEAUTY by Kim Kardashian West,"109,137",Click Here,US
322,manlybands.com,Unique Mens Wedding Bands & Weddings Rings - Manly Bands,"109,164",Click Here,CA
323,radioshack.com,RadioShack: America's Technology Store,"109,196",Click Here,US
324,helixsleep.com,Helix | Mattresses Designed For Every Body – Helix Sleep,"109,206",Click Here,US
325,kprepublic.com,KPrepublic,"110,016",Click Here,-
326,trysnow.com,Snow® At-Home Teeth Whitening Kit | Results Guaranteed Celebrity Owned,"110,145",Click Here,US
327,dipyourcar.com,DipYourCar - World Famous Peelable Auto Paint – DipYourCar.com,"110,303",Click Here,US
328,transparentlabs.com,Transparent Labs: Performance Nutrition,"110,366",Click Here,US
329,rainbowsandals-au.com,Rainbow Sandals Australia,"110,581",Click Here,US
330,avenum.it,AVENUM,"110,784",Click Here,-
331,kookai.com.au,KOOKAÏ,"111,107",Click Here,AU
332,buffy.co,The Most Comfortable Comforter On Earth | Buffy,"111,420",Click Here,US
333,meshki.com.au,Women's Boutique Clothing & Fashion Online - Meshki Boutique,"111,468",Click Here,-
334,reservebar.com,ReserveBar | Engraved Gifts | ReserveBar - ReserveBar.com - Good Spirits. Delivered.,"111,557",Click Here,US
335,thehyv.shop,THE HYV,"111,715",Click Here,PA
336,thehundreds.com,The Hundreds,"112,095",Click Here,US
337,svsound.com,"Home Audio Speakers, Subwoofers and Cables | SVS","112,389",Click Here,US
338,hyperlitemountaingear.com,Hyperlite Mountain Gear,"112,407",Click Here,US
339,hismileteeth.com,Teeth Whitening Kits | Whitens in 10 Minutes | HiSmile,"112,600",Click Here,AU
340,filippoloreti.com,Filippo Loreti | Timeless Italian Style Watches - Official Store,"112,829",Click Here,-
341,burritote.com,BurriTote - Keeps Burritos Warm – The BurriTote - Keeps Burritos Warm,"113,198",Click Here,US
342,tomboyx.com,TomboyX | Underwear Made for Any Body,"113,647",Click Here,US
343,speedcubeshop.com,SpeedCubeShop | Free Shipping Available,"113,698",Click Here,-
344,qualtry.com,Personalized Gifts & Unique Gift Ideas | Qualtry,"114,178",Click Here,CA
345,ministryofsupply.com,Performance Professional Clothing for the Workday | Ministry of Supply,"114,350",Click Here,US
346,iamgia.com,I.AM.GIA,"114,534",Click Here,US
347,lagarconne.com,La Garçonne | A Unique Point of View in Luxury Fashion,"115,044",Click Here,JP
348,scandinaviandesigns.com,Scandinavian Designs - Quality Modern Contemporary Home Furniture,"115,784",Click Here,US
349,tkees.com,TKEES Official Website | The Perfect Leather Flip Flop,"115,830",Click Here,US
350,fahertybrand.com,The highest quality clothing with a laidback sensibility – Faherty Brand,"116,063",Click Here,US
351,shopshashi.com,Shashi – SHOP SHASHI,"116,129",Click Here,US
352,themancompany.com,The Man Company: Premium Men's Grooming Essentials,"116,230",Click Here,US
353,honeybirdette.com,"Honey Birdette Australia | Luxury Lingerie, Bras, Thongs & Knickers","116,406",Click Here,FR
354,teradek.com,"Teradek – Teradek, LLC - Wireless HD Video","116,791",Click Here,-
355,capesindia.com,"Capes India - Phone Skins, Wraps & Decals","116,957",Click Here,US
356,wowgoboard.com,Best Electric Skateboard in 2017-2019 – WOWGO BOARD,"116,976",Click Here,US
357,tigerfitness.com,"TigerFitness.com | Buy Supplements, Workout Apparel, and Fitness Gear — Tiger Fitness","117,155",Click Here,US
358,sisters-apparel.com,Sisters Apparel,"117,739",Click Here,US
359,topatoco.com,Welcome to TopatoCo! Hello!,"117,925",Click Here,US
360,byltbasics.com,BYLT Basics™ - Premium Basics,"118,034",Click Here,US
361,thefactorysale.com,"Online Shopping For Mobile, Power Bank & Earphones – Qualitybestbuy","118,118",Click Here,IN
362,kaylaitsines.com,Kayla Itsines - Sweat With Kayla,"118,125",Click Here,-
363,makeymakey.com,Makey Makey – Makey Shop,"118,133",Click Here,US
364,taftclothing.com,Taft Men's Boots & Shoes – TAFT,"118,149",Click Here,US
365,32degrees.com,32 Degrees | All Day Comfort.,"118,314",Click Here,-
366,august.com,August Home | Your Smart Home Starts at the Front Door,"118,535",Click Here,US
367,powerbylachlan.com,Power by Lachlan,"118,608",Click Here,US
368,publicgoods.com,Public Goods,"118,772",Click Here,US
369,redcon1.com,RedCon1 – Redcon1 Official,"119,006",Click Here,US
370,saberforge.com,SaberForge | Art of the combat saber – Saber Forge,"119,230",Click Here,US
371,warmlydecor.com,Warmly - Home Decor & More,"119,363",Click Here,US
372,heraxhero.com,HERA x HERO | Buy Fashionable Fitness Apparel for Men & Women,"119,459",Click Here,US
373,alaninu.com,Alani Nu | High-Quality Nutritional Supplements,"119,599",Click Here,VI
374,secretlab.eu,Secretlab EU | Award-winning gaming chairs,"119,800",Click Here,-
375,tenthousand.cc,Ten Thousand,"119,836",Click Here,US
376,the-citizenry.com,The Citizenry is a globally inspired home decor brand.,"119,874",Click Here,US
377,schoolhouse.com,Classic Lighting & Period Inspired Home Goods | Schoolhouse,"120,028",Click Here,US
378,missionworkshop.com,MISSION WORKSHOP | Weatherproof Bags & Technical Apparel,"120,215",Click Here,-
379,rhinoshield.fr,RhinoShield France - La protection ultime pour votre Smartphone,"120,399",Click Here,FR
380,thefainthearted.com,The Faint Hearted Jewelry,"120,667",Click Here,JP
381,ruffwear.com,Performance Dog Gear | Ruffwear,"121,196",Click Here,US
382,japanhaul.com,JapanHaul,"121,212",Click Here,PA
383,madrinascoffee.com,Madrinas Coffee - Fair Trade Cold Brew Coffee,"121,280",Click Here,US
384,citygrounds.com,"City Grounds | Urban Cycling Shop: Fixed Gear, BMX, City, & Road Bikes","122,010",Click Here,US
385,arda-wigs.com,"Cosplay, Anime, Costume & Fashion Wigs Supplier | Arda Wigs USA","122,161",Click Here,CA
386,rsvlts.com,RSVLTS,"122,318",Click Here,US
387,aftershokz.com,Bone Conduction Headphones | AfterShokz,"122,434",Click Here,US
388,pelacase.com,"Eco-Friendly iPhone, Google and Samsung Cases - 100% Biodegradable– Pela Case","122,450",Click Here,US
389,getrocketbook.com,Rocketbook | Best Smart Notebook | Cloud Notebook | Reusable Notebook,"122,455",Click Here,US
390,wholelattelove.com,"Whole Latte Love - Espresso Machines, Coffee Makers & Coffee","122,551",Click Here,-
391,efavormart.com,"eFavormart.com - Tablecloths, Linens & Supplies for Events","123,117",Click Here,US
392,kikki-k.jp,kikki.K（キッキケイ）ステーショナリー｜公式オンラインショップ – kikki.K Japan,"123,254",Click Here,-
393,qtrove.com,"Buy natural, organic & handmade products online in India I Qtrove.com","123,292",Click Here,US
394,usefulcharts.com,UsefulCharts.com,"123,438",Click Here,US
395,activerideshop.com,Active Ride Shop® | #1 Skateboard and Clothing Store,"123,486",Click Here,-
396,goodr.com,goodr sunglasses,"123,645",Click Here,US
397,bollandbranch.com,Boll & Branch® - The World's Most Comfortable Sheets and Pillows,"123,649",Click Here,US
398,tateandyoko.com,Tate + Yoko,"123,819",Click Here,US
399,beckettsimonon.com,Welcome to the World of Beckett Simonon,"123,863",Click Here,CO
400,thechivery.com,The Chivery - Official Chive Store with Funny Tees and Cool Gift Ideas,"124,129",Click Here,US
401,tombihn.com,TOM BIHN - Travel Bags - Laptop Bags - Backpacks - Totes,"124,149",Click Here,US
402,lightroompresets.com,"Lightroom Presets, Brushes, & Tutorials! – Pretty Presets for Lightroom","124,561",Click Here,US
403,thecriticalslidesociety.com,The Critical Slide Society Home,"124,768",Click Here,JP
404,puffco.com,Puffco: Best Vape Pens - Portable Vaporizer - Best Vaporizers,"124,788",Click Here,US
405,roadid.com,"ROAD iD - World Leaders in Runner ID, Cycling ID & Medical ID","124,926",Click Here,US
406,ideou.com,Design Thinking Online Courses - IDEO U,"125,109",Click Here,-
407,outerknown.com,Shop Outerknown | Free Shipping & Returns,"125,200",Click Here,US
408,jolynclothing.com,JOLYN One-Piece and Two-Piece Women's Swimsuits– Jolyn,"125,408",Click Here,US
409,jimwendler.com,Official Site: Jim Wendler's 5/3/1 #1 Strength Training Program,"125,501",Click Here,US
410,novelkeys.xyz,"NovelKeys, LLC","125,805",Click Here,US
411,dankstop.com,"Online Headshop - Bongs, Glass Pipes, Vapes & More! | DankStop","125,906",Click Here,CA
412,cokodive.com,COKODIVE - All About KPOP Albums & Goods,"125,975",Click Here,US
413,fuckingawesomestore.com,Fucking Awesome – Fucking Awesome - ECOMM,"126,166",Click Here,US
414,newair.com,Wine Fridges & Portable Ice Makers | Best Compact Appliances for Home – NewAir,"126,228",Click Here,US
415,internationalcoffeejoys.com,Gourmet Coffee from Around the World Free Worldwide Shipping – International Coffee Joys,"126,340",Click Here,IE
416,turmswear.com,Turmswear.com | Intelligent Apparel,"126,378",Click Here,US
417,unionmadegoods.com,60% OFF SALE: UNIONMADE,"126,503",Click Here,-
418,trueleafmarket.com,"True Leaf Market Seed Company | Buy Non-GMO, Heirloom, Organic Seeds","126,614",Click Here,US
419,echt.com.au,ECHT | Gym and fitness clothing for men and women,"126,843",Click Here,-
420,edensgarden.com,Edens Garden,"126,962",Click Here,US
421,dope.com,DOPE | Shop Los Angeles designed Dope hats and Dope clothing,"127,004",Click Here,US
422,sexyrealsexdolls.com,#1 World Life Size Sex Doll - Best TPE & Silicone Real Love Doll Store,"127,014",Click Here,PA
423,kleankanteen.com,"Klean Kanteen | Bottles, Cups, Mugs, Tumblers, Canisters and Straws","127,126",Click Here,US
424,satechi.net,Satechi | USB-C Products & Computer Accessories | For MacBook & PC,"127,159",Click Here,US
425,zippo.com,Genuine Zippo Official Website | Zippo.com,"127,199",Click Here,US
426,eliquid.com,eLiquid.com | #1 Online Vaping Source,"127,200",Click Here,US
427,shinesty.com,Shinesty,"127,426",Click Here,US
428,onelivemedia.com,ONELIVE | ONELIVE,"127,477",Click Here,US
429,bluemercury.com,"The Best In Makeup, Skincare and Spa | bluemercury","127,713",Click Here,US
430,moomin.com,Home - Moomin,"127,723",Click Here,FI
431,evannex.com,Tesla Aftermarket Accessories by EVANNEX,"127,839",Click Here,US
432,biglifejournal.com,Big Life Journal for kids,"127,901",Click Here,US
433,zinnga.com,"Online Shopping India | Shop Women, Men & Kids Fashion Online Shopping","127,968",Click Here,US
434,pinkcherry.ca,Sex Toys Canada | The Best Toys for Women & Men,"128,029",Click Here,-
435,deathwishcoffee.com,Death Wish Coffee Company: World's Strongest Coffee | Best Coffee,"128,374",Click Here,US
436,supergoop.com,Supergoop! The Best Skincare with SPF and Sunscreen,"128,797",Click Here,US
437,creality3d.shop,Creality3D® Printers : Online Store Discount Sale– Creality 3D,"128,935",Click Here,CN
438,hyperdenim.com,Hyper Denim,"128,983",Click Here,JP
439,dharmabums.com.au,Women's Yoga and Activewear Clothing Online | Dharma Bums,"129,004",Click Here,-
440,inkedgaming.com,Inked Gaming,"129,162",Click Here,US
441,fleshlight.eu,Fleshlight.com - Shop Adult Sex Toys & Male Pleasure Products – Fleshlight EU,"129,552",Click Here,GB
442,liveyourtruth.com,Create Your Personal Style,"130,028",Click Here,US
443,novanym.com,Find a Unique Business Name with a Perfect .com | Novanym,"130,043",Click Here,GB
444,diffeyewear.com,DIFF Eyewear | Charitable Designer Sunglasses That Give Back,"130,241",Click Here,US
445,cellucor.com,Global Leader in Sports Nutrition Innovation | Cellucor,"130,353",Click Here,US
446,ergodox-ez.com,ErgoDox EZ: An Incredible Mechanical Ergonomic Keyboard,"130,631",Click Here,US
447,seikousa.com,Seiko Watches USA – Seiko USA,"130,678",Click Here,US
448,rockabilia.com,"Rock & Roll T Shirts, Band Tee Shirts, Punk Shirts | Rockabilia","130,724",Click Here,US
449,texturing.xyz,High-end content for Artists – Texturing.xyz,"130,739",Click Here,-
450,gossamergear.com,Gossamer Gear | Take Less. Do More.,"130,979",Click Here,US
451,getkeysmart.com,KeySmart Pro with Tile - Organize and Track Your Keys!,"131,339",Click Here,-
452,hengedocks.com,Henge Docks | High performance docking solutions for Apple devices.,"131,375",Click Here,US
453,lunya.co,Sleepwear for the Modern Woman | Lunya,"131,617",Click Here,US
454,happiestbaby.com,Happiest Baby | SNOO Smart Sleeper and Baby Sleep Solutions,"131,680",Click Here,us
455,truthnutra.com,UMZU | 100% Research-Backed Supplements That Work,"131,951",Click Here,US
456,suchprice.com,辦公傢俱 - 吧枱椅 - 家居用品 - 母嬰用品 - Rimowa | Suchprice 優價網 - Suchprice® 優價網,"132,087",Click Here,HK
457,masorini.com,Masorini · Masorini - Men's fashion at the best price.,"132,263",Click Here,ES
458,screenprinting.com,Screen Printing Supplies & Equipment | ScreenPrinting.com by Ryonet,"132,664",Click Here,US
459,fetchapp.com,FetchApp,"132,693",Click Here,US
460,aquariumcoop.com,Aquarium Co-Op,"133,084",Click Here,US
461,adamcarolla.com,The Adam Carolla Show,"133,090",Click Here,-
462,lucyandyak.com,"Lucy & Yak | Independent, Handmade, Sustainable Dungarees","133,104",Click Here,UK
463,underdoggames.com,Underdog Games,"133,402",Click Here,-
464,vraiandoro.com,Vrai & Oro | Fine Jewelry & Engagement Rings,"133,692",Click Here,US
465,humblehousehold.com,Humble Household,"133,719",Click Here,PA
466,repeaterstore.com,"Cell Phone Signal Boosters, Amplifiers and Repeaters - RepeaterStore","134,239",Click Here,US
467,motionrc.com,"RC Airplanes, Helicopters, Electronics, Batteries, Radios | Motion RC","134,653",Click Here,US
468,pologize.com,Pologize | Fashion Topped With Taste,"134,831",Click Here,CA
469,rigid.ink,rigid.ink - Ultra Reliable 3D Printer Filament,"135,759",Click Here,US
470,credobeauty.com,Credo | Clean Beauty Store for Natural Makeup & Organic Skincare,"135,888",Click Here,US
471,vapes.com,"VAPES E-Cigs, E-juice, Wax Vape Pens, Herbal Vaporizers","136,239",Click Here,US
472,milanicosmetics.com,Milani Cosmetics - FREE U.S. Shipping with $30 Orders,"136,248",Click Here,US
473,snowjoe.com,Cordless Snow Blowers | Electric Lawn Mowers | Battery-Powered Outdoor Tools | Snow Joe | Sun Joe,"136,312",Click Here,US
474,jointhetribe.co,Aerospace-grade Titainum Wallets – Tribe Wallets,"136,718",Click Here,CA
475,solidandstriped.com,Solid & Striped | Designer Swimwear & Apparel for Women & Men,"136,731",Click Here,US
476,slidebelts.com,Ratchet Belt without Holes Adjustable Belt Survival Belt | SlideBelts,"137,016",Click Here,US
477,afloral.com,"Welcome To Afloral, Your Floral Decorating Company","137,039",Click Here,US
478,brydge.com,Brydge - Award Winning Bluetooth Keyboards for iPad & Surface Pro,"137,135",Click Here,US
479,arteza.com,Arteza® Art Supplies — Arteza.com,"137,216",Click Here,US
480,bluecrate.com,BlueCrate.com,"137,487",Click Here,US
481,bioliteenergy.com,BioLite - Outdoor & Off-Grid Energy | Free Shipping on $55+,"137,608",Click Here,US
482,olivermoorebootmakers.com,Luxury Handmade Ready To Wear Shoes – Oliver Moore Bootmakers,"137,664",Click Here,-
483,petitestudionyc.com.cn,Petite Studio® | Petite Clothing for Petite Girls,"137,783",Click Here,-
484,pricelessshop.ca,Priceless Shop - Cause you are priceless– The Priceless Shop,"137,873",Click Here,-
485,goodamerican.com,"GOOD AMERICAN | Jeans, Activewear & Clothing","137,991",Click Here,US
486,miansai.com,Miansai - Artisans of Elevated Aesthetics - Jewelry for Men & Women,"138,194",Click Here,US
487,wildflowercases.com,Wildflower Cases - Limited Edition Fashion iPhone Cases,"139,024",Click Here,US
488,tweedmainstreet.com,Spectrum Therapeutics | Think in Colour,"139,755",Click Here,CA
489,pearsandpeaches.com,Pears and Peaches,"139,807",Click Here,PA
490,gwynniebee.com,Gwynnie Bee. Unlimited Clothing Rental Subscription for Women,"139,852",Click Here,US
491,vertagear.com,Vertagear | The Leader in Best Gaming Chairs,"139,952",Click Here,US
492,vaporauthority.com,"Vapor Authority | Online Vape Shop - E-cigs, Vape Supplies, E-juice","140,138",Click Here,US
493,newburycomics.com,"Newbury Comics | Exclusive Vinyl, Comics, and A Wicked Good Time!","140,243",Click Here,US
494,glowrecipe.com,The best natural Korean skin care & beauty as seen on ABC's Shark Tank – Glow Recipe,"140,353",Click Here,CA
495,orthofeet.com,"Most Comfortable Walking Shoes, Sandals, Boots, Heels | OrthoFeet","140,379",Click Here,US
496,siliconwives.com,Luxury Sex Dolls - Silicone and TPE Sex Doll Shop – Silicon Wives,"140,453",Click Here,US
497,dunkeyscastle.com,Official Dunkey Merch – Dunkey's Castle,"140,471",Click Here,US
498,bigsmall.in,"Gifts Online - Send Unique, Unusual Gifts in India, Buy Gifts – Bigsmall.in","140,486",Click Here,-
499,staud.clothing,STAUD Official Site,"140,512",Click Here,US
500,beardoholic.com,Beardoholic - The #1 Stop for Every Man,"140,651",Click Here,PA
1,colourpop.com,ColourPop Cosmetics,"1,665",Click Here,US
2,jeffreestarcosmetics.com,Jeffree Star Cosmetics,"4,262",Click Here,US
3,fashionnova.com,Fashion Nova | Fashion Online For Women & Men | Affordable Clothing,"5,015",Click Here,US
4,reddressboutique.com,Affordable Boutique Dresses & Clothing for Women | Red Dress Boutique®,"8,014",Click Here,US
5,kith.com,Kith,"10,293",Click Here,JP
6,gymshark.com,Gymshark | Official Store,"9,848",Click Here,UK
7,cupshe.com,Cupshe - Live Life On The Beach | Women's Fashion Swimsuits & Bikinis,"11,135",Click Here,JP
8,omaze.com,Omaze,"16,579",Click Here,US
9,mnml.la,mnml - modern simplicity,"17,065",Click Here,-
10,yeezysupply.com,YEEZY SUPPLY,"18,729",Click Here,UK
11,bulletproof.com,"20,331",Click Here,US,12
fangamer.com,"Fangamer - Video game shirts, books, prints, and more.","19,971",Click Here,US,13
allbirds.com,The World’s Most Comfortable Shoes – Allbirds,"20,500",Click Here,US,14
bombas.com,Bombas,"24,910",Click Here,US,15
gfuel.com,G FUEL Energy Formula: The Official Energy Drink of Esports®,"20,869",Click Here,US,16
decathlon.com,"Decathlon | Best Gear, Clothing and Footwear For All Sports","21,640",Click Here,FR,17
kyliecosmetics.com,Kylie Cosmetics by Kylie Jenner | Official Website,"28,068",Click Here,US,18
cettire.com,Cettire - A Luxury Online Fashion Emporium,"22,948",Click Here,AU,19
untilgone.com,Daily Deals - Savings Every Day - UntilGone.com,"23,326",Click Here,-,20
inspireuplift.com,"Inspire Uplift - Fun, Practical & Inspiring Products!","23,763",Click Here,US,21
citiesocial.com,citiesocial | 找好東西,"24,066",Click Here,TW,22
loreta.com.au,"LORETA - Clothing, Swimwear & Evening Wear","25,268",Click Here,-,23
stevemadden.com,Steve Madden® Official Site | 20% off + Free 2-Day Shipping,"26,367",Click Here,US,24
spigen.com,Something You Want | Spigen – Spigen Inc,"26,698",Click Here,US,25
beeinspiredclothing.com,"Global Designer Streetwear Brand. Designed In The UK, Inspired By Life","26,700",Click Here,GB,26
fleshlight.com,Fleshlight.com - Shop Adult Sex Toys & Male Pleasure Products,"28,074",Click Here,US,27
usatuan.com,美国团购网 – 美国团购网USAtuan.com,"28,259",Click Here,US,28
misthub.com,"[Online Vape Shop] Vape Kits, Vape Mods, Vape Tanks, Coils and E-Juice","29,962",Click Here,US,29
eightvape.com,"Vape Shop Online + Vape Mods, Vape Juice, E Cigarette, E Liquid – EightVape","30,667",Click Here,US,30
ripndipclothing.com,"Official Ripndip - Apparel, Accessories, Skate, & Lord Nermal – RIPNDIP","30,993",Click Here,US,31
bohme.com,Bohme.com – böhme,"32,662",Click Here,US,32
creativebooster.net,"CreativeBooster - Free Fonts, Mockups, Templates and Graphics","32,798",Click Here,PA,33
bungiestore.com,Bungie Store,"33,109",Click Here,US,34
peakdesign.com,Bags + Camera Gear | Peak Design Official Site,"33,666",Click Here,US,35
kbdfans.cn,KBDfans,"33,866",Click Here,-,36
sokoglam.com,"Soko Glam - Korean Skin Care, Beauty & Makeup Products","34,277",Click Here,US,37
huel.com,Huel | Complete Food,"34,744",Click Here,PA,38
brooklinen.com,Brooklinen™ | The Internet's Favorite Sheets,"40,493",Click Here,US,39
bajaao.com,Buy Musical Instrument & Audio Equipment Online At Bajaao.com,"36,014",Click Here,US,40
theyetee.com,The Yetee,"36,239",Click Here,US,41
mavi.com,Mavi Jeans | Premium Denim & Apparel,"36,345",Click Here,US,42
gouletpens.com,The Goulet Pen Company,"37,445",Click Here,CA,43
culturekings.com.au,Culture Kings - Streetwear Clothing & Sneakers Online,"37,456",Click Here,AU,44
bettersnatch.com,BetterSnatch,"38,154",Click Here,US,45
williampainter.com,William Painter | The Best Sunglasses Ever With A Lifetime Guarantee,"38,429",Click Here,US,46
quickmobilefix.com,Quick Mobile Fix - Mobile Phone Repairs & Refurbished Phones,"38,576",Click Here,GB,47
ridgewallet.com,"The Ridge Wallet: Slim, RFID blocking metal wallet.","38,812",Click Here,US,48
ocs.ca,Ontario Cannabis Store | Ontario Cannabis Store,"38,941",Click Here,-,49
outdoorvoices.com,Outdoor Voices — Technical Apparel for Recreation,"39,654",Click Here,US,50
shopmrbeast.com,ShopMrBeast,"41,209",Click Here,US,51
islamicity.org,IslamiCity - The Global Muslim eCommunity,"41,564",Click Here,US,52
secretlab.co,Secretlab | Award-winning gaming chairs | Secretlab US,"42,412",Click Here,US,53
teefury.com,The Daily Exclusive | TeeFury,"43,319",Click Here,US,54
manscaped.com,Manscaped Perfect Package 2.0 Men’s Grooming Kit – Manscaped.com,"43,501",Click Here,US,55
halobeauty.com,HALO BEAUTY VITAMINS by TATI WESTBROOK – Halo Beauty Inc.,"43,665",Click Here,US,56
popsockets.com,"PopSockets® - The Original Phone Grip, now with a Swappable Design!","43,833",Click Here,US,57
bdgastore.com,Bodega,"44,309",Click Here,US,58
vicicollection.com,VICI,"44,411",Click Here,US,59
alrugaibfurniture.com,Al Rugaib Furniture مفروشات الرقيب,"44,495",Click Here,IN,60
morphebrushes.com,"Morphe | Eyeshadow Palettes, Lip Colors, Makeup Brushes & More","44,753",Click Here,US,61
puravidabracelets.com,Pura Vida Bracelets®: Founded in Costa Rica - Handmade Bracelets | Pura Vida Bracelets,"45,080",Click Here,US,62
deadstock.ca,Premier apparel and footwear boutique. – Deadstock.ca,"46,378",Click Here,CA,63
blacktailor.store,"BLACKTAILOR | Cargo Streetwear, Cargo Pants & Techwears","46,674",Click Here,-,64
wearfigs.com,"FIGS - Premium Scrubs, Lab Coats & Medical Apparel","47,121",Click Here,US,65
aloyoga.com,Alo Yoga | Yoga clothes for your studio-to-street lifestyle,"47,199",Click Here,US,66
thepihut.com,The Ultimate Raspberry Pi & Maker Store | The Pi Hut,"47,753",Click Here,GB,67
headphonezone.in,Buy Headphones & Earphones Online - Premium High End Headphones,"47,823",Click Here,IN,68
fanjoy.co,Official Merchandise From Your Favorite People,"48,197",Click Here,US,69
soylent.com,Soylent.com - Let us take a few things off your plate.,"48,387",Click Here,FR,70
havenshop.com,HAVEN,"48,704",Click Here,CA,71
fab.com,"Fab - live your fab life. Fitness, health & wellness products for you.","49,294",Click Here,IE,72
timbuk2.com,"Timbuk2 Bags: Backpacks, Messenger Bags, Custom Bags","49,477",Click Here,US,73
mediamarkt.pt,Media Markt Portugal – MediaMarkt,"50,328",Click Here,-,74
chubbiesshorts.com,Chubbies Shorts,"55,727",Click Here,US,75
victoryhangers.com,Medal Hangers - VictoryHangers.com,"50,525",Click Here,US,76
behearty.com,Behearty.com - Incredible deals on Diamonds & Gemstone Jewelry – behearty,"50,990",Click Here,US,77
sisterjane.com,Sister Jane,"51,029",Click Here,JP,78
heatonist.com,HEATONIST | Purveyors of Fine Hot Sauces,"51,237",Click Here,US,79
unique-vintage.com,Vintage Clothing & Dresses – Retro Clothing Styles | Unique Vintage,"51,505",Click Here,US,80
untuckit.com,UNTUCKit,"51,609",Click Here,US,81
lackofcolor.com.au,lack of color – Lack of Color,"53,058",Click Here,JP,82
crownandcaliber.com,Buy and Sell Used Luxury Watches Online | Crown & Caliber,"53,178",Click Here,US,83
kingice.com,Designer Streetwear Jewelry – KingIce,"53,366",Click Here,US,84
mirascreen.com,Wireless screen mirroring and smartphone AV cable - MiraScreen,"53,506",Click Here,PA,85
shethinx.com,THINX | For People with Periods,"53,547",Click Here,US,86
naturalbabyshower.co.uk,Natural Baby Shower – Quality natural baby products and gifts,"54,285",Click Here,GB,87
ruggable.com,Stylish Machine Washable Area Rugs and Runners | Ruggable,"54,375",Click Here,US,88
dailysteals.com,"Daily Steals: Daily Deals on Phones, Electronics and More","54,511",Click Here,US,89
mous.co,Mous | Slim Protective iPhone & Samsung Cases,"55,224",Click Here,FR,90
zoofashions.com,ZOOFASHIONS.COM - Men's Designer Fashion Boutique,"55,244",Click Here,GB,91
limitedrungames.com,Limited Run Games,"55,326",Click Here,US,92
blackriflecoffee.com,BLACK RIFLE COFFEE COMPANY – Black Rifle Coffee Company,"56,636",Click Here,US,93
teddyfresh.com,Teddy Fresh Official,"57,118",Click Here,US,94
indestructibleshoes.com,Indestructible Shoes - Unbreakable Shoes (New 2019 Collection),"57,219",Click Here,US,95
livefitapparel.com,SHOP – Live Fit. Apparel,"57,512",Click Here,US,96
racedayquads.com,FPV Drone - Racing Drone Store - FPV Racing Quadcopter — RaceDayQuads,"57,788",Click Here,CA,97
thebrick.com,Shop for Quality Furniture in Canada or Online | The Brick,"58,058",Click Here,CA,98
onewheel.com,Onewheel // Future Motion,"58,094",Click Here,CA,99
mondotees.com,Mondo,"58,161",Click Here,US,100
101,boombycindyjoseph.com,BOOM by Cindy Joseph | BOOM by Cindy Joseph - Pro Age Cosmetics for Women of Every Generation,"56,586",Click Here,US
102,pimaxvr.com,"VR headset, VR device – Pimax Technology","58,431",Click Here,-
103,taylorstitch.com,Classic Men’s Clothing | Taylor Stitch,"58,605",Click Here,US
104,cartots.com,"Car Tots Remote Control Ride On Cars, Trucks, SUVs and jeeps | Cars for Toddlers and Kids, Remote Control Ride On Cars and Trucks","58,745",Click Here,US
105,marinelayer.com,Marine Layer,"58,854",Click Here,US
106,hellonomad.com,NOMAD® | Cases & Accessories | Official Store,"59,061",Click Here,US
107,altitude-sports.com,Altitude Sports | Technical Apparel for the City and Nature,"59,367",Click Here,-
108,pinhealth.com,"Buy Health care products online I Baby care, Diabetic Care – Pin Health","59,690",Click Here,US
109,notre-shop.com,"Notre Shop - Chicago, IL","60,042",Click Here,US
110,fazeclan.com,FaZe Clan® Official - Professional Esports Organization | fazeclan.com,"60,971",Click Here,PA
111,rhone.com,"Men's Workout Clothes, Fitness Apparel & Premium Activewear | Rhone","60,993",Click Here,US
112,rdserviceonline.com,RD Service Online – Register IDEMIA (Morpho) fingerprint biometric sensor with UIDAI,"61,247",Click Here,IN
113,rmattress.com,R Mattress - the best mattress store in Los Angeles,"61,497",Click Here,US
114,overtone.co,oVertone Haircare - Healthy Color for Healthy Hair,"61,654",Click Here,US
115,47brand.com,"Shop Sport Lifestyle Licensed Hats, Caps and Apparel from '47","62,061",Click Here,US
116,tortugabackpacks.com,Tortuga | Travel Backpacks,"62,112",Click Here,PA
117,shopsk.com,"ShopSK | Buy Liquor, Spirits and Wine Online","62,286",Click Here,US
118,parachutehome.com,"Parachute – Home happens here. Bedding, bath linens, decor and more. – Parachute Home","62,375",Click Here,US
119,andi-bagus.com,"Andi Bagus | Home | Clothing, swimwear and accessories","62,811",Click Here,US
120,neer.ro,"NEER - Magazin online de imbracaminte femei, rochii, peruci, accesorii","63,109",Click Here,-
121,slideforest.com,Slideforest | Professional Presentation Templates,"63,598",Click Here,PA
122,shoppriceless.com,Shop Priceless - The latest in women & teen fashion at prices you can afford.,"63,801",Click Here,US
123,proozy.com,Outfit your Workout. Outfit your Adventure. Outfit your Life - Proozy,"63,809",Click Here,US
124,italic.com,Italic | Luxury without labels.,"63,840",Click Here,CA
125,tanotis.com,Tanotis® - The International Wholesale Store,"64,008",Click Here,IN
126,gaiam.com,"Shop Gaiam for yoga, fitness, meditation, active sitting, and wellness","64,511",Click Here,US
127,ine.com,INE Network Training Experts - Experts at Making You an Expert,"64,688",Click Here,US
128,bhcosmetics.com,High Quality Makeup & Affordable Beauty Products Free Shipping on $40– BH Cosmetics,"77,440",Click Here,US
129,icreagifts.com,Personalized Gifts for Your Specials - iCrea Gifts,"64,935",Click Here,US
130,dftba.com,Don't Forget To Be Awesome – DFTBA,"65,049",Click Here,US
131,metathreads.com,Meta Threads | Lifestyle Gaming Apparel – MetaThreads,"65,233",Click Here,US
132,urbanindustry.co.uk,Urban Industry | Shop UK's Premier Street Wear & Urban Clothing Store,"65,471",Click Here,-
133,pornhubtoys.com,Pornhubtoys.com | Pornhub Sex Toys,"65,988",Click Here,LU
134,exportleftovers.com,Best online Shopping Pakistan,"66,188",Click Here,PK
135,aimeleondore.com,Aimé Leon Dore,"66,240",Click Here,US
136,beardbrand.com,Beard Products | Beardbrand,"68,613",Click Here,US
137,swaggsauce.com,Vape Juice | Salt Nicotine & Eliquids Online | Swagg Sauce,"66,591",Click Here,US
138,hawkersco.com,Hawkers | Official Website | Gafas de Sol,"66,598",Click Here,US
139,enchroma.com,EnChroma® Color Blind Glasses | Cutting-Edge Lens Technology,"67,124",Click Here,US
140,shirtz.cool,Cool Shirtz,"67,139",Click Here,PA
141,thelasthunt.com,The Last Hunt |,"67,249",Click Here,US
142,cotopaxi.com,Cotopaxi - Gear For Good | Free shipping on orders $99+,"67,415",Click Here,US
143,crowdmade.com,Crowdmade - The best merch from the creators you love,"67,431",Click Here,CA
144,toddsnyder.com,Todd Snyder,"67,489",Click Here,US
145,undefeated.com,Undefeated,"67,543",Click Here,US
146,hak5.org,Top Pentest Devices,"67,624",Click Here,US
147,alphaleteathletics.com,Alphalete Athletics,"68,144",Click Here,US
148,topodesigns.com,"Backpacks, bags, and apparel for anywhere on your map.– Topo Designs","68,209",Click Here,US
149,riptapparel.com,"RIPT Apparel - Nerdy, Geeky, Limited Edition Pop Culture Graphic Tees","68,278",Click Here,US
150,myphotosocks.com,"Photo Socks, Custom Your Own Socks From Photo– MyPhotoSocks","69,099",Click Here,US
151,iheartraves.com,"Rave Outfits, Festival Clothing and Rave Gear","69,341",Click Here,US
152,outofthesandbox.com,Shopify Themes from Out of the Sandbox,"69,371",Click Here,CA
153,unifclothing.com,"UNIF | The Official Home for UNIF Womens, Mens, Shoes and Accessories","69,639",Click Here,US
154,asrv.co,ASRV | Training,"70,033",Click Here,US
155,lunadisplay.com,Luna Display | Turn your iPad into a second display,"70,252",Click Here,-
156,shapermint.com,Shapermint | Wear Shapewear LOUD and PROUD!,"70,742",Click Here,PA
157,hubblecontacts.com,HUBBLE | The More Affordable Daily Contact Lens.,"70,984",Click Here,US
158,1sale.com,"81,307",Click Here,US,159
bulletjournal.com,Bullet Journal,"71,455",Click Here,CA,160
gonoise.com,"Noise Action Camera, Wireless Earbuds, Smart Watch & bands Online India | Gonoise.com","71,889",Click Here,HK,161
wearlively.com,LIVELY - Bras and Undies,"72,114",Click Here,US,162
turtlebeach.com,Turtle Beach® #1 Gaming Headsets - Hear Everything. Defeat Everyone.,"72,510",Click Here,US,163
volcom.com,"Volcom | Skate, Swimwear, Snowboarding Clothes & More","72,608",Click Here,US,164
eastessence.com,"Modest Islamic Clothing Online by EastEssence for Muslim Women, Men","72,681",Click Here,CA,165
sinnersattire.com,Sinners Attire (SNRS) Men's & Women's Streetwear Clothing,"72,897",Click Here,JP,166
blenderseyewear.com,"Blenders Eyewear | Blenders Sunglasses, Ski Goggles","72,966",Click Here,US,167
futurelab.tw,Future Lab. 未來實驗室，為了未來而實驗,"73,149",Click Here,-,168
birddogs.com,"Birddogs Shorts, Best Men's Gym Shorts | Free Shipping | Birddogs.com","73,863",Click Here,US,169
finalmouse.com,Finalmouse - Innovation for esports Athletes,"74,504",Click Here,US,170
vitalproteins.com,Collagen Protein Powder and Beef Gelatin - Vital Proteins,"74,523",Click Here,US,171
grandado.com,Grandado.com - Altijd gratis verzending,"74,540",Click Here,US,172
summersalt.com,Designer Swimwear Without The Designer Price Tag | Summersalt,"74,770",Click Here,CA,173
afends.com,Afends Official - Byron Bay Clothing & Fashion Label,"74,929",Click Here,AU,174
isawitfirst.com,I Saw It First | ISAWITFIRST.com | Women's Clothes | Online Fashion – I SAW IT FIRST,"74,943",Click Here,UK,175
octobersveryown.com,OCTOBER'S VERY OWN - CANADA – October's Very Own Online CA,"75,174",Click Here,US,176
theproscloset.com,"The Pro's Closet - Pre-Owned Bikes, Frames, Components & Accessories","75,296",Click Here,US,177
flatspot.com,"Skateboarding, Shoes, Clothing Online Store | Flatspot","75,428",Click Here,UK,178
turntablelab.com,A Better Music Store Experience serving DJs + The Music Obsessed since 1999 – TurntableLab.com,"75,817",Click Here,US,179
worldwidecyclery.com,Worldwide Cyclery - All Things MTB. Shop / Watch / Read.,"75,887",Click Here,US,180
breazy.com,"Breazy.com I Vaping E Liquid, E Juice, and Vape Mods","75,978",Click Here,US,181
beginningboutique.com.au,"Women's Clothing Boutique, Dresses & Fashion Online – Beginning Boutique","76,756",Click Here,AU,182
nobullproject.com,"NOBULL Training Shoes, Apparel and Accessories.","78,229",Click Here,US,183
dagnedover.com,Bags Designed For A Life In Motion - Designer Handbags | Dagne Dover,"78,813",Click Here,US,184
leons.ca,Leon's - Canada's Leading Furniture Store,"79,843",Click Here,-,185
nakedwolfe.com,Naked Wolfe Footwear,"80,076",Click Here,US,186
shadyrays.com,Shady Rays® | Polarized Sunglasses,"80,535",Click Here,US,187
hyperstech.com,HyperTech - Coolest Gadgets for Trendy People – HypersTech,"80,854",Click Here,PA,188
lakenzie.com,lakenzie,"80,960",Click Here,US,189
ubtrobot.com,UBTECH Robotics - Humanoid intelligent & programmed robots for family,"81,134",Click Here,-,190
blinkforhome.com,"83,443",Click Here,US,191,rageon.com
RageOn! - The World's Largest All-Over-Print Online Store,"81,355",Click Here,US,192,urban-planet.com
"Affordable Fashion for Women, Men, Girls Fashion and Boys Fashion |...","81,489",Click Here,-,193,placementseason.com
Company Specific Mock Tests & Solutions - Campus Recruitment,"81,517",Click Here,IN,194,zinus.com
"Mattresses, Style and Ease. Live in Wonder | Zinus","81,840",Click Here,-,195,planetofthevapes.com
The Best Online Store to Buy Vaporizers | Planet of the Vapes,"81,900",Click Here,US,196,tigermist.com.au
Online Fashion Boutiques | Shop Clothing Online - Tiger Mist,"81,926",Click Here,JP,197,buckmason.com
Buck Mason | Modern American Classics,"82,157",Click Here,US,198,bjjfanatics.com
BJJ Fanatics - Brazilian Jiu Jitsu Techniques and Gear,"82,163",Click Here,US,199,tecovas.com
"Tecovas Handmade Cowboy Boots | Classic, Western Roper Bootmakers","82,178",Click Here,US,200,thrivecausemetics.com
201,greats.com,Premium Sneakers. Free Shipping On All Orders | GREATS,"82,322",Click Here,US
202,skinnydiplondon.com,"Skinnydip London | Phone Cases, Gifts, Clothing & Beauty Accessories.","82,731",Click Here,UK
203,ensorings.com,Silicone Rings | Silicone Wedding Bands | Unique Wedding Rings | Enso Rings,"82,936",Click Here,US
204,cloud9.gg,Cloud9,"83,499",Click Here,-
205,notsafeforwork.com,NSFW CLOTHING | 9GAG SHOP - The Only Official 9GAG Merchandise,"83,745",Click Here,US
206,milkbarstore.com,Milk Bar | Not Your Average Bakery,"83,888",Click Here,US
207,drjoedispenza.com,"Dr. Joe Dispenza Books, CDs, Meditations, Online Workshops – Drjoedispenza.com - Encephalon, Inc.","84,290",Click Here,US
208,polarprofilters.com,PolarPro | DJI / GoPro / Camera Gear & Accessories,"84,484",Click Here,US
209,kono.store,Mechanical Keyboards and Awesome Stuff Worth Buying — Kono Store,"84,505",Click Here,US
210,leesa.com,A Better Place to Sleep. Try risk-free for 100 nights | Leesa,"84,688",Click Here,US
211,luxyhair.com,Luxy Hair Clip-in Hair Extensions,"84,947",Click Here,US
212,bando.com,ban.do | We exist to help you be your best.,"85,063",Click Here,US
213,bestchoiceproducts.com,"Best Choice Products | Quality & Savings, Always","92,491",Click Here,US
214,thegymking.com,Gym King Clothing | Womens & Mens Tracksuits | GK Clothes,"85,184",Click Here,GB
215,onlyny.com,Only NY,"85,676",Click Here,US
216,knockaround.com,Knockaround | Affordable Sunglasses from San Diego,"85,819",Click Here,PA
217,retrosupply.co,RetroSupply Co – Retro Effects for Photoshop and Illustrator,"86,661",Click Here,-
218,usagundamstore.com,"USA Gundam Store - Gundam Models, Gunpla Models, Star Wars Nendoroids","87,047",Click Here,US
219,northernbrewer.com,Northern Brewer Home Brewing Supplies,"92,695",Click Here,US
220,maperformance.com,Performance Car Parts & Auto Accessories | Unbeatable Prices & Service – MAPerformance,"88,208",Click Here,US
221,dailytravelvibe.com,Adventurer's Paradise,"88,515",Click Here,US
222,tommyjohn.com,Tommy John | No Adjustment Needed,"88,625",Click Here,US
223,fearofgod.com,Fear of God,"88,748",Click Here,-
224,rebeccaminkoff.com,Luxury Handbags | Designer Clothing & Accessories | Rebecca Minkoff,"88,765",Click Here,US
225,organifishop.com,Organifi Green Juice,"89,076",Click Here,US
226,limelight.pk,Limelight Official Online Store in Pakistan | Limelight.pk,"89,363",Click Here,-
227,loomsolar.com,"India’s premium solar brand store: Buy solar systems, panels online","89,457",Click Here,US
228,collins.co.uk,"Collins for Education, Revision, Dictionaries, Atlases & ELT","89,714",Click Here,GB
229,mobexpert.ro,Mobexpert,"89,825",Click Here,-
230,superkingmarkets.com,"Welcome to Super King Markets, A Host of International Foods","90,313",Click Here,US
231,quayaustralia.com,Quay Australia Official US Site | Notoriously Cool Sunnies,"90,317",Click Here,US
232,littlestyleshop.com,Little Style Shop,"90,598",Click Here,US
233,edelkrone.com,edelkrone,"90,872",Click Here,US
234,tentree.com,Sustainable Clothing by tentree® | Shop Organic + Plant 10 Trees,"91,101",Click Here,US
235,patrickadairdesigns.com,Patrick Adair Designs,"91,202",Click Here,US
236,vitalydesign.com,Vitaly - Shop Online,"91,401",Click Here,CA
237,noahny.com,Noah NYC,"91,876",Click Here,US
238,streetwearofficial.com,"Streetwear Fashion, Graphic Tees, Snapbacks, and Accessories – Streetwear Official","92,058",Click Here,US
239,radpowerbikes.com,Rad Power Bikes | Electric Fat Bikes and Electric Cargo Bikes,"92,233",Click Here,US
240,originalstitch.com,Original Stitch,"92,361",Click Here,US
241,extrabutterny.com,Extra Butter New York,"92,696",Click Here,US
242,roolee.com,"Dresses, shirts, tops & bottoms picked for comfort & style | ROOLEE","93,311",Click Here,US
243,sneakerpolitics.com,Sneaker Politics,"93,350",Click Here,US
244,bodycandy.com,"Body Jewelry, belly button rings, body piercing jewelry, nose rings – BodyCandy","93,453",Click Here,-
245,thegldshop.com,The GLD Shop - Hip Hop Jewelry - FREE shipping,"93,465",Click Here,US
246,drunkelephant.com,Drunk Elephant,"93,768",Click Here,US
247,lithiumcycles.com,The Super73® Electric Motorbike– SUPER73,"93,954",Click Here,US
248,reliquiajewellery.com,Reliquia Jewellery,"94,240",Click Here,AU
249,tiege.com,Uncomplicated Skin Care for Men – Tiege Hanley,"94,466",Click Here,US
250,girlfriend.com,Girlfriend Collective; more than clothes for women who care.,"94,956",Click Here,US
251,sanea-haushalt.de,Sanea - Alles rund um Wohnung und Bad,"95,295",Click Here,-
252,420science.com,"420 Science | Modern Online Headshop. Bongs, vapes, dab rigs & more","95,475",Click Here,US
253,oipolloi.com,Oi Polloi,"95,477",Click Here,GB
254,fullsend.com,Full Send by Nelk– Full Send by Nelk Boys,"95,628",Click Here,US
255,gruntstyle.com,"This We'll Defend – Grunt Style, LLC","95,792",Click Here,US
256,ghostlifestyle.com,GHOST LIFESTYLE | BE SEEN BEYOND THE WALLS OF THE GYM,"95,897",Click Here,US
257,groovelife.com,"Groove Silicone Rings - Active, Silicone Wedding Bands that Breathe – Groove Life","96,114",Click Here,US
258,sharkrobot.com,Shark Robot | We Sell Awesomeness,"96,138",Click Here,OT
259,rhinoshield.io,RhinoShield Protective Cases by Evolutive Labs– RhinoShield by Evolutive Labs,"96,446",Click Here,-
260,tableclothsfactory.com,tableclothsfactory.com | High Quality Table Linens at Wholesale Price,"96,982",Click Here,US
261,darntough.com,"Darn Tough Vermont - Premium Merino Wool Socks, for more than hiking","97,601",Click Here,US
262,zgla.com,"Zero Gravity Cases for iPhone 6/6s, 7/8, 7/8 PLUS & iPhone X.","97,780",Click Here,US
263,sivanaspirit.com,"Sivana - Healing Jewelry, Clothing, & Conscious Gifts - Free Shipping!","97,798",Click Here,US
264,triangl.com,Triangl,"98,358",Click Here,US
265,homage.com,Vintage Apparel | Retro & Vintage Clothing | HOMAGE,"98,655",Click Here,US
266,hamee-india.com,"Online Shopping for Phone Covers, Cases & Accessories in India | Hamee","98,880",Click Here,IN
267,herringstonesboutique.com,Herringstones Boutique,"99,078",Click Here,US
268,vapejuicedepot.com,Vape Juice Depot - Online Vape Store Pod Juice Salt Nic eLiquids,"99,156",Click Here,US
269,urbandictionary.store,Urban Dictionary,"99,168",Click Here,US
270,intotheam.com,"Graphic & All Over Print: Shirts, Hoodies, Tank Tops - INTO THE AM","99,277",Click Here,US
271,lazyoaf.com,Men's and Women's Independent Streetwear I Lazy Oaf,"99,279",Click Here,GB
272,mizzenandmain.com,Performance Fabric Menswear - Mizzen+Main,"99,385",Click Here,US
273,polaroidoriginals.com,Polaroid Instant Cameras and Film,"99,639",Click Here,US
274,mylola.com,"We're LOLA — reproductive care for women, by women","99,879",Click Here,CA
275,nisolo.com,Leather Shoes & Accessories | Handcrafted and Ethically Made | Nisolo,"99,985",Click Here,US
276,gio-voss.com,Gio Voss Fashion Collection | The Stylish Approach,"100,027",Click Here,US
277,langehair.com,L'ange Hair - Hair Styling Tools & Hair Care Products,"100,119",Click Here,US
278,mclabels.com,MCLABELS - Luxury Fashion Online,"100,311",Click Here,IT
279,100percentpure.com,Natural Beauty Products | Pure & Organic Cosmetics | 100% PURE,"100,383",Click Here,US
280,youfoodz.com,Healthy Meals Delivered - Youfoodz,"100,762",Click Here,AU
281,nuraphone.com,nuraphone - Music in Full Colour™ | Personalized sound,"100,882",Click Here,US
282,memebox.com,"Memebox | Beauty Made Easy, Inspired By You – Memebox US","100,963",Click Here,KR
283,groundcontrolcolor.com,"Ground Control - Color Grading LUTs for DJI, Canon, Sony, GoPro...","101,290",Click Here,US
284,kitbash3d.com,KitBash3d,"101,561",Click Here,US
285,hellomerch.com,Hello Merch - Band Merch | Web Stores | Fulfillment | Screen Printing,"101,563",Click Here,US
286,cheapundies.com,Get the Best Underwear Deals Online With CheapUndies | Cheap Underwear From Top Brands | Sexy Designer Underpants,"101,734",Click Here,US
287,pagefly.io,PageFly - ecommerce conversion rate optimization solution for Shopify,"101,866",Click Here,-
288,undergroundshirts.com,T-Shirt & Apparel Printing | Underground Printing - UGP,"102,036",Click Here,US
289,themarathonclothing.com,The Marathon Clothing,"102,109",Click Here,US
290,productionmusiclive.com,Production Music Live - Ableton Templates Start To Finish Tutorials,"102,125",Click Here,DE
291,solarisjapan.com,"Japanese Anime Store - Figures, Merchandise and More! - Solaris Japan","102,138",Click Here,GB
292,hygoshop.com,"HYGOShop.com - Amazing Gifts, Cool Products, Useful Gadgets!","102,224",Click Here,US
293,soludos.com,Soludos | Espadrilles & Sandals,"102,319",Click Here,US
294,sodastream.com,"SodaStream Official: Sparkling Water Makers, Carbonating Gas Cylinders","102,493",Click Here,US
295,dsrcv.com,DESTRUCTIVE – DSRCV,"102,764",Click Here,US
296,targus.com,"Targus.com: Laptop Bags, Tablet Cases, Computer Accessories & More – Targus US","102,986",Click Here,-
297,baggu.com,BAGGU,"103,219",Click Here,US
298,labyrinthos.co,Labyrinthos Academy - Online Tarot School for Witches & Wizards,"103,246",Click Here,US
299,esntls.co,ESNTLS,"103,527",Click Here,US
300,peachandlily.com,Peach & Lily | Korean Skin Care and Beauty Products,"103,897",Click Here,US
301,artofplay.com,"Art of Play - Playing Cards, Puzzles and Amusements","103,948",Click Here,US
302,lensball.com,Lensball | The perfect crystal ball for wide-angle photography – lensball,"104,300",Click Here,-
303,ttdeye.com,Coloured Contacts Online|Circle Lenses|Cosmetic Lenses,"105,050",Click Here,-
304,dezzn.com,Dezzn - Streetwear Lable | Free Worldwide Shipping,"105,399",Click Here,US
305,lifx.com,Wi-Fi enabled LED smart lights - LIFX.com,"105,623",Click Here,PA
306,sunberhair.com,"Sunber Hair-100% Virgin Human Hair Weave, Virgin Remy Hair Bundles","105,743",Click Here,-
307,rhinoshield.tw,犀牛盾｜官方網站– 犀牛盾 RhinoShield,"105,900",Click Here,-
308,standard.tv,Standard,"106,135",Click Here,-
309,visualsbyimpulse.com,"Free Twitch Overlays, Alerts & Templates | Visuals by Impulse","106,348",Click Here,US
310,choicemusicla.com,Choice Music LA,"106,631",Click Here,US
311,ebbets.com,"Ebbets Field Flannels, Vintage Throwback Jerseys, Baseball Caps, Tees","106,784",Click Here,-
312,emojiisland.com,Emoji Island | Download Emoji Images For Free!,"106,845",Click Here,US
313,foursigmatic.com,Four Sigmatic,"106,849",Click Here,HK
314,vanityplanet.com,"Best Beauty Care Products for Body, Face, and Hair | Vanity Planet","107,137",Click Here,US
315,woodgrey.com,W O O D / G R E Y,"107,353",Click Here,-
316,urbanarmorgear.com,"Rugged, Lightweight, Drop-Tested Cases for Phones, Tablets & Laptops","107,436",Click Here,US
317,amourvert.com,Amour Vert is sustainable fashion made in the USA,"107,442",Click Here,CA
318,sourcevapes.com,"SOURCEvapes - Best Vape Pen, Portable Vaporizer, and Portable eNail","108,131",Click Here,US
319,qalo.com,"Silicone Rings, Silicone Wedding Bands & Active Lifestyle Rings | QALO","108,646",Click Here,US
320,motelrocks.com,Vintage & Printed Women's Fashion & Clothes - Motel Rocks – motelrocks.com,"108,758",Click Here,-
321,kkwbeauty.com,KKW BEAUTY by Kim Kardashian West,"109,137",Click Here,US
322,manlybands.com,Unique Mens Wedding Bands & Weddings Rings - Manly Bands,"109,164",Click Here,CA
323,radioshack.com,RadioShack: America's Technology Store,"109,196",Click Here,US
324,helixsleep.com,Helix | Mattresses Designed For Every Body – Helix Sleep,"109,206",Click Here,US
325,kprepublic.com,KPrepublic,"110,016",Click Here,-
326,trysnow.com,Snow® At-Home Teeth Whitening Kit | Results Guaranteed Celebrity Owned,"110,145",Click Here,US
327,dipyourcar.com,DipYourCar - World Famous Peelable Auto Paint – DipYourCar.com,"110,303",Click Here,US
328,transparentlabs.com,Transparent Labs: Performance Nutrition,"110,366",Click Here,US
329,rainbowsandals-au.com,Rainbow Sandals Australia,"110,581",Click Here,US
330,avenum.it,AVENUM,"110,784",Click Here,-
331,kookai.com.au,KOOKAÏ,"111,107",Click Here,AU
332,buffy.co,The Most Comfortable Comforter On Earth | Buffy,"111,420",Click Here,US
333,meshki.com.au,Women's Boutique Clothing & Fashion Online - Meshki Boutique,"111,468",Click Here,-
334,reservebar.com,ReserveBar | Engraved Gifts | ReserveBar - ReserveBar.com - Good Spirits. Delivered.,"111,557",Click Here,US
335,thehyv.shop,THE HYV,"111,715",Click Here,PA
336,thehundreds.com,The Hundreds,"112,095",Click Here,US
337,svsound.com,"Home Audio Speakers, Subwoofers and Cables | SVS","112,389",Click Here,US
338,hyperlitemountaingear.com,Hyperlite Mountain Gear,"112,407",Click Here,US
339,hismileteeth.com,Teeth Whitening Kits | Whitens in 10 Minutes | HiSmile,"112,600",Click Here,AU
340,filippoloreti.com,Filippo Loreti | Timeless Italian Style Watches - Official Store,"112,829",Click Here,-
341,burritote.com,BurriTote - Keeps Burritos Warm – The BurriTote - Keeps Burritos Warm,"113,198",Click Here,US
342,tomboyx.com,TomboyX | Underwear Made for Any Body,"113,647",Click Here,US
343,speedcubeshop.com,SpeedCubeShop | Free Shipping Available,"113,698",Click Here,-
344,qualtry.com,Personalized Gifts & Unique Gift Ideas | Qualtry,"114,178",Click Here,CA
345,ministryofsupply.com,Performance Professional Clothing for the Workday | Ministry of Supply,"114,350",Click Here,US
346,iamgia.com,I.AM.GIA,"114,534",Click Here,US
347,lagarconne.com,La Garçonne | A Unique Point of View in Luxury Fashion,"115,044",Click Here,JP
348,scandinaviandesigns.com,Scandinavian Designs - Quality Modern Contemporary Home Furniture,"115,784",Click Here,US
349,tkees.com,TKEES Official Website | The Perfect Leather Flip Flop,"115,830",Click Here,US
350,fahertybrand.com,The highest quality clothing with a laidback sensibility – Faherty Brand,"116,063",Click Here,US
351,shopshashi.com,Shashi – SHOP SHASHI,"116,129",Click Here,US
352,themancompany.com,The Man Company: Premium Men's Grooming Essentials,"116,230",Click Here,US
353,honeybirdette.com,"Honey Birdette Australia | Luxury Lingerie, Bras, Thongs & Knickers","116,406",Click Here,FR
354,teradek.com,"Teradek – Teradek, LLC - Wireless HD Video","116,791",Click Here,-
355,capesindia.com,"Capes India - Phone Skins, Wraps & Decals","116,957",Click Here,US
356,wowgoboard.com,Best Electric Skateboard in 2017-2019 – WOWGO BOARD,"116,976",Click Here,US
357,tigerfitness.com,"TigerFitness.com | Buy Supplements, Workout Apparel, and Fitness Gear — Tiger Fitness","117,155",Click Here,US
358,sisters-apparel.com,Sisters Apparel,"117,739",Click Here,US
359,topatoco.com,Welcome to TopatoCo! Hello!,"117,925",Click Here,US
360,byltbasics.com,BYLT Basics™ - Premium Basics,"118,034",Click Here,US
361,thefactorysale.com,"Online Shopping For Mobile, Power Bank & Earphones – Qualitybestbuy","118,118",Click Here,IN
362,kaylaitsines.com,Kayla Itsines - Sweat With Kayla,"118,125",Click Here,-
363,makeymakey.com,Makey Makey – Makey Shop,"118,133",Click Here,US
364,taftclothing.com,Taft Men's Boots & Shoes – TAFT,"118,149",Click Here,US
365,32degrees.com,32 Degrees | All Day Comfort.,"118,314",Click Here,-
366,august.com,August Home | Your Smart Home Starts at the Front Door,"118,535",Click Here,US
367,powerbylachlan.com,Power by Lachlan,"118,608",Click Here,US
368,publicgoods.com,Public Goods,"118,772",Click Here,US
369,redcon1.com,RedCon1 – Redcon1 Official,"119,006",Click Here,US
370,saberforge.com,SaberForge | Art of the combat saber – Saber Forge,"119,230",Click Here,US
371,warmlydecor.com,Warmly - Home Decor & More,"119,363",Click Here,US
372,heraxhero.com,HERA x HERO | Buy Fashionable Fitness Apparel for Men & Women,"119,459",Click Here,US
373,alaninu.com,Alani Nu | High-Quality Nutritional Supplements,"119,599",Click Here,VI
374,secretlab.eu,Secretlab EU | Award-winning gaming chairs,"119,800",Click Here,-
375,tenthousand.cc,Ten Thousand,"119,836",Click Here,US
376,the-citizenry.com,The Citizenry is a globally inspired home decor brand.,"119,874",Click Here,US
377,schoolhouse.com,Classic Lighting & Period Inspired Home Goods | Schoolhouse,"120,028",Click Here,US
378,missionworkshop.com,MISSION WORKSHOP | Weatherproof Bags & Technical Apparel,"120,215",Click Here,-
379,rhinoshield.fr,RhinoShield France - La protection ultime pour votre Smartphone,"120,399",Click Here,FR
380,thefainthearted.com,The Faint Hearted Jewelry,"120,667",Click Here,JP
381,ruffwear.com,Performance Dog Gear | Ruffwear,"121,196",Click Here,US
382,japanhaul.com,JapanHaul,"121,212",Click Here,PA
383,madrinascoffee.com,Madrinas Coffee - Fair Trade Cold Brew Coffee,"121,280",Click Here,US
384,citygrounds.com,"City Grounds | Urban Cycling Shop: Fixed Gear, BMX, City, & Road Bikes","122,010",Click Here,US
385,arda-wigs.com,"Cosplay, Anime, Costume & Fashion Wigs Supplier | Arda Wigs USA","122,161",Click Here,CA
386,rsvlts.com,RSVLTS,"122,318",Click Here,US
387,aftershokz.com,Bone Conduction Headphones | AfterShokz,"122,434",Click Here,US
388,pelacase.com,"Eco-Friendly iPhone, Google and Samsung Cases - 100% Biodegradable– Pela Case","122,450",Click Here,US
389,getrocketbook.com,Rocketbook | Best Smart Notebook | Cloud Notebook | Reusable Notebook,"122,455",Click Here,US
390,wholelattelove.com,"Whole Latte Love - Espresso Machines, Coffee Makers & Coffee","122,551",Click Here,-
391,efavormart.com,"eFavormart.com - Tablecloths, Linens & Supplies for Events","123,117",Click Here,US
392,kikki-k.jp,kikki.K（キッキケイ）ステーショナリー｜公式オンラインショップ – kikki.K Japan,"123,254",Click Here,-
393,qtrove.com,"Buy natural, organic & handmade products online in India I Qtrove.com","123,292",Click Here,US
394,usefulcharts.com,UsefulCharts.com,"123,438",Click Here,US
395,activerideshop.com,Active Ride Shop® | #1 Skateboard and Clothing Store,"123,486",Click Here,-
396,goodr.com,goodr sunglasses,"123,645",Click Here,US
397,bollandbranch.com,Boll & Branch® - The World's Most Comfortable Sheets and Pillows,"123,649",Click Here,US
398,tateandyoko.com,Tate + Yoko,"123,819",Click Here,US
399,beckettsimonon.com,Welcome to the World of Beckett Simonon,"123,863",Click Here,CO
400,thechivery.com,The Chivery - Official Chive Store with Funny Tees and Cool Gift Ideas,"124,129",Click Here,US
401,tombihn.com,TOM BIHN - Travel Bags - Laptop Bags - Backpacks - Totes,"124,149",Click Here,US
402,lightroompresets.com,"Lightroom Presets, Brushes, & Tutorials! – Pretty Presets for Lightroom","124,561",Click Here,US
403,thecriticalslidesociety.com,The Critical Slide Society Home,"124,768",Click Here,JP
404,puffco.com,Puffco: Best Vape Pens - Portable Vaporizer - Best Vaporizers,"124,788",Click Here,US
405,roadid.com,"ROAD iD - World Leaders in Runner ID, Cycling ID & Medical ID","124,926",Click Here,US
406,ideou.com,Design Thinking Online Courses - IDEO U,"125,109",Click Here,-
407,outerknown.com,Shop Outerknown | Free Shipping & Returns,"125,200",Click Here,US
408,jolynclothing.com,JOLYN One-Piece and Two-Piece Women's Swimsuits– Jolyn,"125,408",Click Here,US
409,jimwendler.com,Official Site: Jim Wendler's 5/3/1 #1 Strength Training Program,"125,501",Click Here,US
410,novelkeys.xyz,"NovelKeys, LLC","125,805",Click Here,US
411,dankstop.com,"Online Headshop - Bongs, Glass Pipes, Vapes & More! | DankStop","125,906",Click Here,CA
412,cokodive.com,COKODIVE - All About KPOP Albums & Goods,"125,975",Click Here,US
413,fuckingawesomestore.com,Fucking Awesome – Fucking Awesome - ECOMM,"126,166",Click Here,US
414,newair.com,Wine Fridges & Portable Ice Makers | Best Compact Appliances for Home – NewAir,"126,228",Click Here,US
415,internationalcoffeejoys.com,Gourmet Coffee from Around the World Free Worldwide Shipping – International Coffee Joys,"126,340",Click Here,IE
416,turmswear.com,Turmswear.com | Intelligent Apparel,"126,378",Click Here,US
417,unionmadegoods.com,60% OFF SALE: UNIONMADE,"126,503",Click Here,-
418,trueleafmarket.com,"True Leaf Market Seed Company | Buy Non-GMO, Heirloom, Organic Seeds","126,614",Click Here,US
419,echt.com.au,ECHT | Gym and fitness clothing for men and women,"126,843",Click Here,-
420,edensgarden.com,Edens Garden,"126,962",Click Here,US
421,dope.com,DOPE | Shop Los Angeles designed Dope hats and Dope clothing,"127,004",Click Here,US
422,sexyrealsexdolls.com,#1 World Life Size Sex Doll - Best TPE & Silicone Real Love Doll Store,"127,014",Click Here,PA
423,kleankanteen.com,"Klean Kanteen | Bottles, Cups, Mugs, Tumblers, Canisters and Straws","127,126",Click Here,US
424,satechi.net,Satechi | USB-C Products & Computer Accessories | For MacBook & PC,"127,159",Click Here,US
425,zippo.com,Genuine Zippo Official Website | Zippo.com,"127,199",Click Here,US
426,eliquid.com,eLiquid.com | #1 Online Vaping Source,"127,200",Click Here,US
427,shinesty.com,Shinesty,"127,426",Click Here,US
428,onelivemedia.com,ONELIVE | ONELIVE,"127,477",Click Here,US
429,bluemercury.com,"The Best In Makeup, Skincare and Spa | bluemercury","127,713",Click Here,US
430,moomin.com,Home - Moomin,"127,723",Click Here,FI
431,evannex.com,Tesla Aftermarket Accessories by EVANNEX,"127,839",Click Here,US
432,biglifejournal.com,Big Life Journal for kids,"127,901",Click Here,US
433,zinnga.com,"Online Shopping India | Shop Women, Men & Kids Fashion Online Shopping","127,968",Click Here,US
434,pinkcherry.ca,Sex Toys Canada | The Best Toys for Women & Men,"128,029",Click Here,-
435,deathwishcoffee.com,Death Wish Coffee Company: World's Strongest Coffee | Best Coffee,"128,374",Click Here,US
436,supergoop.com,Supergoop! The Best Skincare with SPF and Sunscreen,"128,797",Click Here,US
437,creality3d.shop,Creality3D® Printers : Online Store Discount Sale– Creality 3D,"128,935",Click Here,CN
438,hyperdenim.com,Hyper Denim,"128,983",Click Here,JP
439,dharmabums.com.au,Women's Yoga and Activewear Clothing Online | Dharma Bums,"129,004",Click Here,-
440,inkedgaming.com,Inked Gaming,"129,162",Click Here,US
441,fleshlight.eu,Fleshlight.com - Shop Adult Sex Toys & Male Pleasure Products – Fleshlight EU,"129,552",Click Here,GB
442,liveyourtruth.com,Create Your Personal Style,"130,028",Click Here,US
443,novanym.com,Find a Unique Business Name with a Perfect .com | Novanym,"130,043",Click Here,GB
444,diffeyewear.com,DIFF Eyewear | Charitable Designer Sunglasses That Give Back,"130,241",Click Here,US
445,cellucor.com,Global Leader in Sports Nutrition Innovation | Cellucor,"130,353",Click Here,US
446,ergodox-ez.com,ErgoDox EZ: An Incredible Mechanical Ergonomic Keyboard,"130,631",Click Here,US
447,seikousa.com,Seiko Watches USA – Seiko USA,"130,678",Click Here,US
448,rockabilia.com,"Rock & Roll T Shirts, Band Tee Shirts, Punk Shirts | Rockabilia","130,724",Click Here,US
449,texturing.xyz,High-end content for Artists – Texturing.xyz,"130,739",Click Here,-
450,gossamergear.com,Gossamer Gear | Take Less. Do More.,"130,979",Click Here,US
451,getkeysmart.com,KeySmart Pro with Tile - Organize and Track Your Keys!,"131,339",Click Here,-
452,hengedocks.com,Henge Docks | High performance docking solutions for Apple devices.,"131,375",Click Here,US
453,lunya.co,Sleepwear for the Modern Woman | Lunya,"131,617",Click Here,US
454,happiestbaby.com,Happiest Baby | SNOO Smart Sleeper and Baby Sleep Solutions,"131,680",Click Here,us
455,truthnutra.com,UMZU | 100% Research-Backed Supplements That Work,"131,951",Click Here,US
456,suchprice.com,辦公傢俱 - 吧枱椅 - 家居用品 - 母嬰用品 - Rimowa | Suchprice 優價網 - Suchprice® 優價網,"132,087",Click Here,HK
457,masorini.com,Masorini · Masorini - Men's fashion at the best price.,"132,263",Click Here,ES
458,screenprinting.com,Screen Printing Supplies & Equipment | ScreenPrinting.com by Ryonet,"132,664",Click Here,US
459,fetchapp.com,FetchApp,"132,693",Click Here,US
460,aquariumcoop.com,Aquarium Co-Op,"133,084",Click Here,US
461,adamcarolla.com,The Adam Carolla Show,"133,090",Click Here,-
462,lucyandyak.com,"Lucy & Yak | Independent, Handmade, Sustainable Dungarees","133,104",Click Here,UK
463,underdoggames.com,Underdog Games,"133,402",Click Here,-
464,vraiandoro.com,Vrai & Oro | Fine Jewelry & Engagement Rings,"133,692",Click Here,US
465,humblehousehold.com,Humble Household,"133,719",Click Here,PA
466,repeaterstore.com,"Cell Phone Signal Boosters, Amplifiers and Repeaters - RepeaterStore","134,239",Click Here,US
467,motionrc.com,"RC Airplanes, Helicopters, Electronics, Batteries, Radios | Motion RC","134,653",Click Here,US
468,pologize.com,Pologize | Fashion Topped With Taste,"134,831",Click Here,CA
469,rigid.ink,rigid.ink - Ultra Reliable 3D Printer Filament,"135,759",Click Here,US
470,credobeauty.com,Credo | Clean Beauty Store for Natural Makeup & Organic Skincare,"135,888",Click Here,US
471,vapes.com,"VAPES E-Cigs, E-juice, Wax Vape Pens, Herbal Vaporizers","136,239",Click Here,US
472,milanicosmetics.com,Milani Cosmetics - FREE U.S. Shipping with $30 Orders,"136,248",Click Here,US
473,snowjoe.com,Cordless Snow Blowers | Electric Lawn Mowers | Battery-Powered Outdoor Tools | Snow Joe | Sun Joe,"136,312",Click Here,US
474,jointhetribe.co,Aerospace-grade Titainum Wallets – Tribe Wallets,"136,718",Click Here,CA
475,solidandstriped.com,Solid & Striped | Designer Swimwear & Apparel for Women & Men,"136,731",Click Here,US
476,slidebelts.com,Ratchet Belt without Holes Adjustable Belt Survival Belt | SlideBelts,"137,016",Click Here,US
477,afloral.com,"Welcome To Afloral, Your Floral Decorating Company","137,039",Click Here,US
478,brydge.com,Brydge - Award Winning Bluetooth Keyboards for iPad & Surface Pro,"137,135",Click Here,US
479,arteza.com,Arteza® Art Supplies — Arteza.com,"137,216",Click Here,US
480,bluecrate.com,BlueCrate.com,"137,487",Click Here,US
481,bioliteenergy.com,BioLite - Outdoor & Off-Grid Energy | Free Shipping on $55+,"137,608",Click Here,US
482,olivermoorebootmakers.com,Luxury Handmade Ready To Wear Shoes – Oliver Moore Bootmakers,"137,664",Click Here,-
483,petitestudionyc.com.cn,Petite Studio® | Petite Clothing for Petite Girls,"137,783",Click Here,-
484,pricelessshop.ca,Priceless Shop - Cause you are priceless– The Priceless Shop,"137,873",Click Here,-
485,goodamerican.com,"GOOD AMERICAN | Jeans, Activewear & Clothing","137,991",Click Here,US
486,miansai.com,Miansai - Artisans of Elevated Aesthetics - Jewelry for Men & Women,"138,194",Click Here,US
487,wildflowercases.com,Wildflower Cases - Limited Edition Fashion iPhone Cases,"139,024",Click Here,US
488,tweedmainstreet.com,Spectrum Therapeutics | Think in Colour,"139,755",Click Here,CA
489,pearsandpeaches.com,Pears and Peaches,"139,807",Click Here,PA
490,gwynniebee.com,Gwynnie Bee. Unlimited Clothing Rental Subscription for Women,"139,852",Click Here,US
491,vertagear.com,Vertagear | The Leader in Best Gaming Chairs,"139,952",Click Here,US
492,vaporauthority.com,"Vapor Authority | Online Vape Shop - E-cigs, Vape Supplies, E-juice","140,138",Click Here,US
493,newburycomics.com,"Newbury Comics | Exclusive Vinyl, Comics, and A Wicked Good Time!","140,243",Click Here,US
494,glowrecipe.com,The best natural Korean skin care & beauty as seen on ABC's Shark Tank – Glow Recipe,"140,353",Click Here,CA
495,orthofeet.com,"Most Comfortable Walking Shoes, Sandals, Boots, Heels | OrthoFeet","140,379",Click Here,US
496,siliconwives.com,Luxury Sex Dolls - Silicone and TPE Sex Doll Shop – Silicon Wives,"140,453",Click Here,US
497,dunkeyscastle.com,Official Dunkey Merch – Dunkey's Castle,"140,471",Click Here,US
498,bigsmall.in,"Gifts Online - Send Unique, Unusual Gifts in India, Buy Gifts – Bigsmall.in","140,486",Click Here,-
499,staud.clothing,STAUD Official Site,"140,512",Click Here,US
500,beardoholic.com,Beardoholic - The #1 Stop for Every Man,"140,651",Click Here,PA
